>>> 
MPY: soft reboot
CanMV v1.4.3(based on Micropython e00a144) on 2026-01-20; k230_canmv_yahboom with K230

implementation: (name='micropython', version=(1, 21, 0), _machine='k230_canmv_yahboom with K230', _mpy=262)
platform: rt-smart
path: ['', '.frozen', '/sdcard', '/data', '/data/lib']
Python version: 3.4.0; CanMV v1.4.3(based on Micropython e00a144) on 2026-01-20
MPY: soft reboot
CanMV v1.4.3(based on Micropython e00a144) on 2026-01-20; k230_canmv_yahboom with K230


Traceback (most recent call last):
  File "<stdin>", line 12, in <module>
  File "/sdcard/ybMain/main.py", line 12, in <module>
  File "/sdcard/libs/PipeLine.py", line 3, in <module>
  File "media/sensor.py", line 1, in <module>
  File "media/sensor.py", line 1, in Sensor
  File "media/sensor.py", line 1, in <listcomp>
Exception: IDE interrupt
MPY: soft reboot
CanMV v1.4.3(based on Micropython e00a144) on 2026-01-20; k230_canmv_yahboom with K230
implementation: (name='micropython', version=(1, 21, 0), _machine='k230_canmv_yahboom with K230', _mpy=262)
platform: rt-smart
path: ['', '.frozen', '/sdcard', '/data', '/data/lib']
Python version: 3.4.0; CanMV v1.4.3(based on Micropython e00a144) on 2026-01-20
MPY: soft reboot
CanMV v1.4.3(based on Micropython e00a144) on 2026-01-20; k230_canmv_yahboom with K230
find sensor gc2093_csi2, type 8, output 1920x1080@30
vb common pool count 6
sensor(0), mode 0, buffer_num 4, buffer_size 0
$23,06,087,115,333,365#

$23,06,292,109,117,201#

$23,06,294,109,114,200#

$23,06,270,054,133,247#

$23,06,284,067,122,229#

$23,06,287,065,120,229#

$23,06,287,068,120,224#

$23,06,288,074,118,213#

$23,06,285,069,121,215#

$23,06,283,056,126,232#

$23,06,291,052,120,230#

$23,06,293,023,153,235#

$23,06,295,025,153,231#

$23,06,286,020,158,243#

$23,06,292,023,157,238#

$23,06,322,040,124,215#

$23,06,347,137,145,169#

$23,06,337,153,160,161#

$23,06,340,141,136,154#

$23,06,369,152,150,155#

$23,06,357,156,146,153#

$23,06,369,158,147,140#

$23,06,363,153,155,143#

$23,06,305,177,133,140#

$23,06,286,156,144,159#

$23,06,277,150,150,150#

$23,06,274,126,154,175#

$23,06,286,124,120,145#

$23,06,280,131,116,158#

$23,06,284,153,122,142#

$23,06,290,129,137,168#

$23,06,274,154,137,175#

$23,06,259,246,132,184#

$23,06,259,263,138,179#

$23,06,267,256,130,173#

$23,06,267,228,118,170#

$23,06,270,189,134,180#

$23,06,276,184,137,184#

$23,06,287,192,128,178#

$23,06,280,195,133,179#

$23,06,282,183,128,179#

$23,06,302,161,132,173#

$23,06,313,149,130,181#

$23,06,328,136,130,172#

$23,06,336,133,133,177#

$23,06,341,130,132,178#

$23,06,343,111,133,190#

$23,06,340,098,137,189#

$23,06,331,100,137,184#

$23,06,322,095,124,196#

$23,06,297,068,136,175#

$23,06,280,065,120,196#

$23,06,272,110,118,195#

$23,06,262,138,124,183#

$23,06,255,142,118,169#

$23,06,248,117,125,180#

$23,06,248,108,126,185#

$23,06,250,108,128,181#

$23,06,260,110,125,173#

$23,06,280,110,124,177#

$23,06,289,106,121,185#

$23,06,295,116,119,182#

$23,06,294,119,118,182#

$23,06,296,124,117,175#

$23,06,304,142,111,165#

$23,06,307,149,115,168#

$23,06,308,153,112,163#

$23,06,306,158,112,165#

$23,06,307,173,110,160#

$23,06,307,187,104,151#

$23,06,305,195,109,160#

$23,06,307,216,104,149#

$23,06,310,228,105,150#

$23,06,316,232,105,147#

$23,06,321,230,106,149#

$23,06,329,227,107,150#

$23,06,336,230,101,139#

$23,06,339,221,102,142#

$23,06,340,215,110,145#

$23,06,347,213,109,144#

$23,06,350,209,110,148#

$23,06,347,204,113,153#

$23,06,344,207,111,148#

$23,06,346,206,111,148#

$23,06,344,205,113,150#

$23,06,341,206,111,146#

$23,06,338,202,111,149#

$23,06,334,200,110,154#

$23,06,332,205,111,151#

$23,06,333,202,109,152#

$23,06,330,209,110,147#

$23,06,333,207,106,151#

$23,06,336,209,104,147#

$23,06,334,207,107,149#

$23,06,330,211,111,145#

$23,06,332,211,112,145#

$23,06,332,208,112,148#

$23,06,335,207,111,150#

$23,06,335,204,109,150#

$23,06,336,211,110,145#

$23,06,337,209,110,146#

$23,06,337,203,110,151#

$23,06,336,202,111,150#

$23,06,337,204,110,148#

$23,06,335,203,106,145#

$23,06,335,202,107,146#

$23,06,330,203,110,150#

$23,06,334,205,108,150#

$23,06,332,210,111,147#

$23,06,335,210,107,147#

$23,06,337,217,106,149#

$23,06,338,226,105,145#

$23,06,337,230,106,144#

$23,06,338,234,105,141#

$23,06,336,234,106,145#

$23,06,334,237,106,144#

$23,06,331,237,108,146#

$23,06,330,229,108,153#

$23,06,328,234,108,148#

$23,06,328,229,108,155#

$23,06,330,233,106,150#

$23,06,331,233,106,152#

$23,06,332,233,103,151#

$23,06,330,234,104,152#

$23,06,330,235,102,152#

$23,06,326,237,103,151#

$23,06,327,238,102,150#

$23,06,328,241,100,147#

$23,06,328,241,101,147#

$23,06,327,241,102,149#

$23,06,328,240,102,150#

$23,06,327,243,103,148#

$23,06,329,244,103,147#

$23,06,327,244,103,146#

$23,06,327,242,105,147#

$23,06,328,244,102,145#

$23,06,328,242,102,148#

$23,06,327,243,103,147#

$23,06,329,244,100,143#

$23,06,330,243,100,145#

$23,06,328,238,104,150#

$23,06,329,236,105,152#

$23,06,329,235,105,153#

$23,06,329,237,106,152#

$23,06,329,237,106,152#

$23,06,329,237,107,151#

$23,06,329,238,107,152#

$23,06,329,238,107,152#

$23,06,330,238,108,152#

$23,06,329,240,107,150#

$23,06,329,238,108,153#

$23,06,329,239,108,152#

$23,06,329,239,108,154#

$23,06,328,238,109,153#

$23,06,328,237,108,154#

$23,06,327,235,109,155#

$23,06,327,234,108,155#

$23,06,327,229,110,159#

$23,06,327,229,110,159#

$23,06,326,229,110,157#

$23,06,325,229,110,156#

$23,06,324,227,111,160#

$23,06,325,228,110,159#

$23,06,324,227,110,161#

$23,06,324,227,110,160#

$23,06,324,226,111,161#

$23,06,325,225,111,162#

$23,06,324,224,114,165#

$23,06,324,224,113,164#

$23,06,325,225,112,163#

$23,06,325,224,113,163#

$23,06,325,225,112,162#

$23,06,327,224,110,159#

$23,06,326,225,111,158#

$23,06,325,225,113,159#

$23,06,327,225,111,158#

$23,06,327,227,111,156#

$23,06,327,226,112,158#

$23,06,326,226,111,158#

$23,06,327,226,110,156#

$23,06,327,226,111,158#

$23,06,327,226,112,160#

$23,06,326,225,112,161#

$23,06,326,226,113,160#

$23,06,326,225,112,161#

$23,06,327,225,112,161#

$23,06,327,225,113,161#

$23,06,328,226,111,158#

$23,06,329,226,111,158#

$23,06,328,225,112,159#

$23,06,329,225,111,158#

$23,06,330,225,110,159#

$23,06,328,225,111,158#

$23,06,329,225,112,160#

$23,06,329,223,111,161#

$23,06,329,220,112,164#

$23,06,329,221,112,163#

$23,06,329,221,114,163#

$23,06,328,223,113,162#

$23,06,329,224,111,161#

$23,06,328,224,113,162#

$23,06,327,225,113,160#

$23,06,327,227,113,160#

$23,06,327,226,112,160#

$23,06,327,228,112,159#

$23,06,327,225,114,161#

$23,06,326,226,114,160#

$23,06,327,227,114,159#

$23,06,326,228,113,157#

$23,06,327,227,113,159#

$23,06,327,229,113,156#

$23,06,327,230,114,155#

$23,06,328,230,113,156#

$23,06,328,230,112,155#

$23,06,328,229,113,156#

$23,06,328,229,113,156#

$23,06,327,231,114,157#

$23,06,327,233,113,156#

$23,06,328,232,114,158#

$23,06,328,230,113,159#

$23,06,330,231,114,159#

$23,06,330,231,116,159#

$23,06,330,229,119,162#

$23,06,331,229,119,163#

$23,06,335,228,120,165#

$23,06,338,229,115,159#

$23,06,338,222,118,166#

$23,06,343,225,116,164#

$23,06,346,225,116,164#

$23,06,344,221,120,169#

$23,06,346,217,121,171#

$23,06,347,213,121,172#

$23,06,346,209,122,175#

$23,06,345,204,125,179#

$23,06,347,207,124,175#

$23,06,348,207,125,175#

$23,06,348,206,124,171#

$23,06,345,198,125,181#

$23,06,341,202,123,178#

$23,06,337,209,122,168#

$23,06,335,204,120,169#

$23,06,330,206,122,161#

$23,06,322,200,121,164#

$23,06,320,199,120,170#

$23,06,314,196,121,170#

$23,06,311,199,123,176#

$23,06,305,208,119,172#

$23,06,300,211,121,171#

$23,06,294,211,120,167#

$23,06,287,210,122,172#

$23,06,280,214,120,176#

$23,06,276,214,122,180#

$23,06,272,221,122,173#

$23,06,265,221,122,172#

$23,06,265,222,122,170#

$23,06,264,223,124,172#

$23,06,265,222,122,170#

$23,06,263,213,124,171#

$23,06,262,206,124,172#

$23,06,267,196,124,174#

$23,06,270,191,121,171#

$23,06,268,185,121,168#

$23,06,271,165,122,175#

$23,06,268,161,116,163#

$23,06,266,142,120,173#

$23,06,266,131,119,171#

$23,06,262,127,119,172#

$23,06,264,123,116,174#

$23,06,262,120,119,176#

$23,06,263,122,116,172#

$23,06,263,124,118,175#

$23,06,266,130,115,172#

$23,06,266,134,114,172#

$23,06,266,137,115,170#

$23,06,265,142,116,172#

$23,06,265,144,113,173#

$23,06,264,147,116,171#

$23,06,267,151,112,163#

$23,06,260,147,116,171#

$23,06,260,140,113,184#

$23,06,260,144,113,184#

$23,06,268,153,105,167#

$23,06,269,151,104,165#

$23,06,273,153,098,163#

$23,06,273,148,105,179#

$23,06,276,149,102,169#

$23,06,280,151,094,163#

$23,06,278,149,100,167#

$23,06,279,151,100,162#

$23,06,281,156,097,152#

$23,06,282,157,097,157#

$23,06,285,158,093,158#

$23,06,287,159,093,157#

$23,06,283,163,090,140#

$23,06,283,164,090,138#

$23,06,283,165,084,142#

$23,06,283,162,091,149#

$23,06,282,160,096,151#

$23,06,280,159,106,161#

$23,06,283,160,106,162#

$23,06,279,157,114,171#

$23,06,284,165,099,161#

$23,06,286,162,094,162#

$23,06,285,157,099,158#

$23,06,286,157,105,172#

$23,06,290,162,103,165#

$23,06,289,158,101,179#

$23,06,290,162,101,177#

$23,06,289,154,103,176#

$23,06,294,150,109,185#

$23,06,289,147,117,190#

$23,06,288,153,116,184#

$23,06,289,156,114,181#

$23,06,292,156,111,184#

$23,06,290,154,118,187#

$23,06,292,159,112,182#

$23,06,292,158,125,186#

$23,06,292,157,124,189#

$23,06,293,162,119,174#

$23,06,291,163,118,175#

$23,06,291,163,118,175#

$23,06,288,159,122,177#

$23,06,286,157,120,178#

$23,06,284,157,118,177#

$23,06,277,154,122,175#

$23,06,271,159,123,172#

$23,06,268,159,121,173#

$23,06,264,159,116,176#

$23,06,264,159,113,182#

$23,06,263,159,116,186#

$23,06,262,161,117,186#

$23,06,262,156,116,187#

$23,06,262,162,115,180#

$23,06,263,155,114,185#

$23,06,263,156,114,179#

$23,06,262,159,111,180#

$23,06,262,162,113,177#

$23,06,260,165,110,176#

$23,06,259,168,109,172#

$23,06,258,167,109,173#

$23,06,260,163,110,176#

$23,06,262,160,112,178#

$23,06,262,160,114,175#

$23,06,264,164,117,168#

$23,06,267,160,123,176#

$23,06,274,162,127,180#

$23,06,278,161,129,187#

$23,06,278,162,132,188#

$23,06,279,164,133,188#

$23,06,282,165,133,185#

$23,06,284,165,132,187#

$23,06,284,170,129,184#

$23,06,284,172,129,185#

$23,06,284,170,129,187#

$23,06,286,173,126,185#

$23,06,287,174,126,186#

$23,06,288,174,125,182#

$23,06,290,175,122,180#

$23,06,289,173,123,182#

$23,06,291,175,119,180#

$23,06,291,173,119,181#

$23,06,290,176,120,180#

$23,06,287,177,125,182#

$23,06,287,176,124,187#

$23,06,286,177,125,186#

$23,06,286,181,123,184#

$23,06,285,186,125,181#

$23,06,285,184,126,185#

$23,06,285,189,124,182#

$23,06,282,192,123,181#

$23,06,284,193,119,185#

$23,06,282,203,115,177#

$23,06,280,203,116,174#

$23,06,279,203,116,175#

$23,06,281,202,115,176#

$23,06,283,198,115,178#

$23,06,283,199,114,177#

$23,06,286,199,112,175#

$23,06,287,195,114,178#

$23,06,288,194,115,176#

$23,06,289,197,114,172#

$23,06,292,197,114,171#

$23,06,291,192,116,172#

$23,06,290,190,118,170#

$23,06,293,190,115,167#

$23,06,295,182,116,174#

$23,06,297,189,114,170#

$23,06,300,184,117,177#

$23,06,304,190,117,171#

$23,06,304,194,118,170#

$23,06,306,193,121,172#

$23,06,307,196,122,172#

$23,06,306,196,123,175#

$23,06,304,193,127,177#

$23,06,304,194,128,180#

$23,06,307,192,130,181#

$23,06,308,188,128,184#

$23,06,307,191,129,184#

$23,06,309,196,126,177#

$23,06,310,193,126,179#

$23,06,309,194,129,178#

$23,06,309,197,129,173#

$23,06,309,195,129,176#

$23,06,311,192,127,175#

$23,06,310,189,127,178#

$23,06,308,190,122,171#

$23,06,306,187,127,184#

$23,06,313,206,123,181#

$23,06,316,212,131,184#

$23,06,321,221,132,195#

$23,06,330,218,133,196#

$23,06,335,215,131,188#

$23,06,318,204,137,191#

$23,06,302,193,135,189#

$23,06,295,190,135,188#

$23,06,308,200,125,206#

$23,06,306,217,133,188#

$23,06,290,207,136,192#

$23,06,279,208,131,195#

$23,06,267,216,132,184#

$23,06,257,211,124,174#

$23,06,243,198,124,175#

$23,06,227,196,122,171#

$23,06,223,191,116,177#

$23,06,218,189,120,173#

$23,06,205,168,120,186#

$23,06,203,165,114,181#

$23,06,201,158,115,184#

$23,06,200,156,116,187#

$23,06,201,154,111,185#

$23,06,195,155,118,180#

$23,06,193,153,119,182#

$23,06,194,154,118,179#

$23,06,195,153,118,181#

$23,06,199,155,114,182#

$23,06,201,159,111,177#

$23,06,201,157,114,179#

$23,06,199,153,120,183#

$23,06,206,158,119,176#

$23,06,209,156,123,181#

$23,06,208,160,126,183#

$23,06,211,166,130,176#

$23,06,219,168,131,182#

$23,06,239,186,122,191#

$23,06,248,210,126,199#

$23,06,241,223,138,202#

$23,06,240,218,143,216#

$23,06,265,230,137,209#

$23,06,276,234,142,233#

$23,06,297,270,141,196#

$23,06,299,272,139,200#

$23,06,301,277,142,201#

$23,06,305,279,138,198#

$23,06,307,281,139,199#

$23,06,309,286,136,194#

$23,06,306,271,141,209#

$23,06,305,304,131,176#

$23,06,312,319,126,161#

$23,06,313,339,124,141#

$23,06,313,342,122,138#

$23,06,312,344,126,136#

$23,06,309,345,130,135#

$23,06,307,346,130,134#

$23,06,306,348,126,132#

$23,06,301,338,129,142#

$23,06,303,332,123,148#

$23,06,294,327,122,153#

$23,06,286,308,126,172#

$23,06,275,283,123,193#

$23,06,268,268,135,196#

$23,06,260,258,135,196#

$23,06,259,252,128,190#

$23,06,258,236,134,196#

$23,06,264,227,130,197#

$23,06,268,222,127,194#

$23,06,270,220,126,194#

$23,06,268,222,125,194#

$23,06,267,222,127,196#

$23,06,266,234,126,192#

$23,06,268,247,128,181#

$23,06,269,254,127,177#

$23,06,268,257,127,178#

$23,06,267,261,124,181#

$23,06,265,271,126,177#

$23,06,263,274,127,184#

$23,06,261,287,128,187#

$23,06,262,299,124,180#

$23,06,261,303,124,177#

$23,06,262,307,119,171#

$23,06,268,302,119,171#

$23,06,277,294,120,170#

$23,06,287,283,117,170#

$23,06,295,262,114,166#

$23,06,306,241,114,168#

$23,06,316,241,115,150#

$23,06,326,226,112,147#

$23,06,337,216,107,141#

$23,06,344,215,106,135#

$23,06,347,211,111,137#

$23,06,362,205,102,132#

$23,06,366,204,100,126#

$23,06,368,200,098,128#

$23,06,373,198,099,126#

$23,06,367,200,108,130#

$23,06,367,199,106,134#

$23,06,366,203,106,133#

$23,06,356,206,119,148#

$23,06,353,207,117,161#

$23,06,346,220,125,170#

$23,06,339,225,128,180#

$23,06,334,233,132,194#

$23,06,329,248,129,185#

$23,06,325,252,126,192#

$23,06,324,257,124,187#

$23,06,322,255,123,186#

$23,06,318,249,125,184#

$23,06,317,238,124,183#

$23,06,320,225,121,179#

$23,06,321,218,121,171#

$23,06,325,212,115,159#

$23,06,325,212,115,147#

$23,06,334,217,105,133#

$23,06,332,212,103,132#

$23,06,331,212,105,133#

$23,06,329,214,106,134#

$23,06,328,211,109,138#

$23,06,325,210,113,141#

$23,06,320,208,117,145#

$23,06,318,204,120,157#

$23,06,317,205,120,160#

$23,06,317,204,121,164#

$23,06,319,199,121,166#

$23,06,317,195,122,167#

$23,06,315,202,119,155#

$23,06,309,195,119,154#

$23,06,300,196,120,145#

$23,06,287,193,122,142#

$23,06,292,189,116,148#

$23,06,287,206,112,133#

$23,06,289,212,102,132#

$23,06,277,207,108,145#

$23,06,268,204,107,131#

$23,06,253,187,112,142#

$23,06,246,183,108,135#

$23,06,248,180,111,141#

$23,06,254,179,111,143#

$23,06,252,174,105,144#

$23,06,265,185,098,137#

$23,06,278,202,107,122#

$23,06,275,209,117,136#

$23,06,272,208,131,133#

$23,06,271,214,133,132#

$23,06,269,218,138,130#

$23,06,289,226,120,119#

$23,06,284,246,129,104#

$23,06,285,248,132,116#

$23,06,287,253,119,113#

$23,06,293,253,108,122#

$23,06,308,264,102,121#

$23,06,297,245,102,131#

$23,06,293,239,105,140#

$23,06,296,252,105,132#

$23,06,298,252,103,129#

$23,06,298,263,105,128#

$23,06,301,277,099,119#

$23,06,296,275,108,130#

$23,06,293,274,108,131#

$23,06,293,277,107,128#

$23,06,293,274,108,130#

$23,06,293,265,107,134#

$23,06,289,259,105,131#

$23,06,286,253,109,135#

$23,06,285,250,109,138#

$23,06,282,252,111,136#

$23,06,282,245,112,141#

$23,06,280,245,116,151#

$23,06,280,251,117,139#

$23,06,284,252,116,137#

$23,06,286,257,114,138#

$23,06,286,258,112,138#

$23,06,287,251,113,140#

$23,06,288,249,112,144#

$23,06,287,249,114,148#

$23,06,286,245,116,150#

$23,06,285,244,115,145#

$23,06,284,247,114,141#

$23,06,283,243,114,144#

$23,06,283,243,114,144#

$23,06,282,246,113,142#

$23,06,283,244,115,144#

$23,06,286,245,112,145#

$23,06,288,249,115,152#

$23,06,294,256,110,159#

$23,06,302,263,109,154#

$23,06,312,276,116,156#

$23,06,335,285,112,152#

$23,06,342,284,128,163#

$23,06,361,293,124,157#

$23,06,378,291,132,160#

$23,06,398,294,143,159#

$23,06,416,298,139,168#

$23,06,420,313,138,155#

$23,06,418,332,132,148#

$23,06,419,341,118,139#

$23,06,415,343,129,137#

$23,06,412,333,151,147#

$23,06,404,328,132,152#

$23,06,400,313,133,151#

$23,06,374,297,155,168#

$23,06,373,285,149,170#

$23,06,366,269,154,171#

$23,06,362,269,137,159#

$23,06,348,269,134,156#

$23,06,341,245,134,164#

$23,06,334,235,130,154#

$23,06,329,220,113,151#

$23,06,317,219,113,146#

$23,06,310,220,104,137#

$23,06,300,232,098,128#

$23,06,288,241,094,122#

$23,06,280,252,092,124#

$23,06,271,248,090,121#

$23,06,263,253,080,110#

$23,06,255,248,085,119#

$23,06,249,242,090,125#

$23,06,248,239,090,128#

$23,06,252,237,092,128#

$23,06,260,240,088,120#

$23,06,276,237,096,121#

$23,06,290,213,114,148#

$23,06,316,213,113,147#

$23,06,343,208,123,153#

$23,06,366,199,130,167#

$23,06,376,198,140,174#

$23,06,391,203,145,173#

$23,06,403,202,142,166#

$23,06,399,201,146,166#

$23,06,389,208,139,153#

$23,06,371,201,140,157#

$23,06,356,208,130,146#

$23,06,342,197,118,146#

$23,06,324,190,112,146#

$23,06,308,198,109,140#

$23,06,295,214,102,130#

$23,06,285,211,102,136#

$23,06,274,212,098,133#

$23,06,272,214,099,132#

$23,06,273,216,099,134#

$23,06,279,219,098,129#

$23,06,288,225,100,129#

$23,06,295,220,107,137#

$23,06,312,216,111,142#

$23,06,321,205,119,154#

$23,06,333,201,132,180#

$23,06,353,213,133,185#

$23,06,364,218,134,185#

$23,06,376,223,146,185#

$23,06,386,229,154,184#

$23,06,389,234,161,186#

$23,06,386,225,178,201#

$23,06,382,233,164,179#

$23,06,362,232,169,171#

$23,06,360,223,150,177#

$23,06,357,221,126,165#

$23,06,343,207,127,164#

$23,06,334,190,128,180#

$23,06,327,177,117,175#

$23,06,326,171,107,155#

$23,06,313,180,116,151#

$23,06,308,183,114,153#

$23,06,308,189,102,147#

$23,06,304,199,097,137#

$23,06,298,204,100,141#

$23,06,297,214,094,134#

$23,06,286,202,096,139#

$23,06,282,199,092,142#

$23,06,276,193,100,143#

$23,06,277,196,092,135#

$23,06,277,192,087,135#

$23,06,279,182,089,137#

$23,06,279,177,093,135#

$23,06,279,175,089,134#

$23,06,280,171,091,138#

$23,06,282,173,091,138#

$23,06,284,175,089,137#

$23,06,284,177,095,138#

$23,06,289,180,100,141#

$23,06,298,181,100,142#

$23,06,311,185,095,133#

$23,06,317,173,103,144#

$23,06,323,157,102,148#

$23,06,336,156,106,139#

$23,06,344,149,113,154#

$23,06,349,152,117,156#

$23,06,362,161,110,148#

$23,06,372,162,117,150#

$23,06,375,166,123,161#

$23,06,392,169,128,169#

$23,06,400,175,136,175#

$23,06,420,179,134,181#

$23,06,393,176,189,249#

$23,06,439,209,153,220#

$23,06,435,230,153,205#

$23,06,441,263,156,200#

$23,06,463,267,158,186#

$23,06,461,276,151,186#

$23,06,456,264,154,194#

$23,06,458,264,151,188#

$23,06,444,266,155,189#

$23,06,445,252,151,199#

$23,06,438,256,146,182#

$23,06,428,246,146,186#

$23,06,427,239,138,180#

$23,06,421,233,138,176#

$23,06,414,222,136,179#

$23,06,404,201,134,185#

$23,06,391,203,135,159#

$23,06,376,185,127,164#

$23,06,368,173,124,163#

$23,06,352,163,122,164#

$23,06,342,157,115,149#

$23,06,331,152,105,145#

$23,06,321,149,109,150#

$23,06,312,141,105,147#

$23,06,301,138,108,148#

$23,06,298,139,103,146#

$23,06,281,131,106,144#

$23,06,268,142,094,164#

$23,06,260,162,098,155#

$23,06,250,179,102,144#

$23,06,244,189,095,144#

$23,06,240,202,095,136#

$23,06,241,202,094,135#

$23,06,242,206,092,134#

$23,06,249,211,082,123#

$23,06,249,198,090,129#

$23,06,254,203,087,120#

$23,06,258,204,087,130#

$23,06,265,215,083,121#

$23,06,271,218,085,119#

$23,06,275,216,086,119#

$23,06,281,220,087,113#

$23,06,288,224,082,111#

$23,06,297,217,085,120#

$23,06,302,207,089,123#

$23,06,306,200,091,128#

$23,06,313,186,095,129#

$23,06,316,174,101,132#

$23,06,316,163,105,135#

$23,06,317,157,100,148#

$23,06,304,161,113,145#

$23,06,286,146,115,151#

$23,06,272,134,130,163#

$23,06,272,142,121,159#

$23,06,268,145,127,167#

$23,06,272,157,126,163#

$23,06,276,154,129,173#

$23,06,278,166,141,171#

$23,06,290,168,138,177#

$23,06,300,175,133,181#

$23,06,307,180,130,182#

$23,06,310,197,130,170#

$23,06,318,197,118,164#

$23,06,300,237,139,166#

$23,06,310,257,127,156#

$23,06,324,259,134,164#

$23,06,318,281,150,161#

$23,06,317,283,172,172#

$23,06,319,292,212,166#

$23,06,314,298,220,167#

$23,06,346,271,166,160#

$23,06,345,286,173,157#

$23,06,304,313,227,167#

$23,06,360,255,160,149#

$23,06,359,256,162,143#

$23,06,365,238,148,138#

$23,06,293,317,224,163#

$23,06,369,249,143,136#

$23,06,375,233,130,134#

$23,06,355,279,147,131#

$23,06,334,167,101,112#

$23,06,327,168,109,107#

$23,06,321,158,103,114#

$23,06,313,153,100,114#

$23,06,299,147,116,127#

$23,06,295,150,112,121#

$23,06,296,148,104,119#

$23,06,293,138,108,126#

$23,06,291,142,108,128#

$23,06,292,141,107,128#

$23,06,290,143,104,129#

$23,06,288,137,105,132#

$23,06,285,140,101,134#

$23,06,281,142,106,141#

$23,06,278,142,109,148#

$23,06,280,146,100,137#

$23,06,274,141,105,152#

$23,06,273,145,101,151#

$23,06,272,145,105,150#

$23,06,270,146,102,148#

$23,06,269,146,104,150#

$23,06,268,145,103,153#

$23,06,269,144,105,153#

$23,06,268,144,105,153#

$23,06,269,142,105,152#

$23,06,270,141,107,155#

$23,06,273,138,109,155#

$23,06,275,138,117,159#

$23,06,277,141,122,156#

$23,06,285,141,117,151#

$23,06,291,141,118,149#

$23,06,296,135,128,161#

$23,06,301,133,129,164#

$23,06,304,133,131,166#

$23,06,309,138,132,164#

$23,06,311,137,133,168#

$23,06,311,143,132,166#

$23,06,314,146,133,167#

$23,06,315,147,132,166#

$23,06,316,144,132,171#

$23,06,317,150,130,166#

$23,06,318,152,129,166#

$23,06,317,152,131,170#

$23,06,315,152,131,169#

$23,06,314,154,128,168#

$23,06,314,156,129,169#

$23,06,315,156,132,172#

$23,06,313,157,136,173#

$23,06,313,156,136,175#

$23,06,313,156,134,177#

$23,06,311,157,136,173#

$23,06,308,149,136,176#

$23,06,305,144,137,175#

$23,06,311,140,135,174#

$23,06,309,138,132,168#

$23,06,310,138,130,167#

$23,06,311,134,129,166#

$23,06,304,141,131,171#

$23,06,293,140,126,165#

$23,06,292,137,125,159#

$23,06,298,138,123,160#

$23,06,302,135,124,165#

$23,06,305,135,125,165#

$23,06,304,142,134,166#

$23,06,305,141,138,172#

$23,06,306,140,137,174#

$23,06,301,144,145,181#

$23,06,306,149,139,181#

$23,06,304,153,143,184#

$23,06,307,157,142,181#

$23,06,308,156,141,182#

$23,06,308,152,144,188#

$23,06,309,150,145,191#

$23,06,309,148,147,189#

$23,06,313,146,143,186#

$23,06,315,140,139,186#

$23,06,315,137,141,181#

$23,06,315,133,139,176#

$23,06,318,126,135,176#

$23,06,314,129,135,171#

$23,06,310,127,138,176#

$23,06,306,134,134,175#

$23,06,294,152,128,167#

$23,06,269,186,138,164#

$23,06,267,209,132,148#

$23,06,178,314,121,135#

$23,06,150,308,137,135#

$23,06,162,305,124,137#

$23,06,176,311,130,138#

$23,06,207,334,106,126#

$23,06,055,004,161,158#

$23,06,042,000,178,121#

$23,06,061,000,143,099#

$23,06,243,127,351,353#

$23,06,269,134,340,346#

$23,06,271,135,351,345#

$23,06,268,134,333,346#

$23,06,223,249,284,231#

$23,06,281,216,213,264#

$23,06,275,207,227,273#

$23,06,210,280,237,200#

$23,06,210,285,231,195#

$23,06,212,300,217,180#

$23,06,189,290,251,190#

$23,06,194,298,239,182#

$23,06,197,294,237,186#

$23,06,162,295,282,185#

$23,06,202,274,231,206#

$23,06,272,374,057,074#

$23,06,107,276,273,204#

$23,06,097,288,271,192#

$23,06,093,275,283,205#

$23,06,094,275,282,205#

$23,06,079,272,293,208#

$23,06,068,253,317,227#

$23,06,092,207,338,273#

$23,06,084,212,331,268#

$23,06,088,197,312,283#

$23,06,072,276,305,204#

$23,06,047,280,337,200#

$23,06,183,309,110,148#

$23,06,182,307,111,151#

$23,06,183,304,112,153#

$23,06,185,302,113,154#

$23,06,184,304,112,154#


>>> 
MPY: soft reboot
CanMV v1.4.3(based on Micropython e00a144) on 2026-01-20; k230_canmv_yahboom with K230


Traceback (most recent call last):
  File "<stdin>", line 187, in <module>
  File "<stdin>", line 135, in run_publisher
OSError: [Errno 2] ENOENT: can't open /sdcard/app/tests/utils/prior_data_320.bin
MPY: soft reboot
CanMV v1.4.3(based on Micropython e00a144) on 2026-01-20; k230_canmv_yahboom with K230


Traceback (most recent call last):
  File "<stdin>", line 12, in <module>
  File "/sdcard/ybMain/main.py", line 12, in <module>
  File "/sdcard/libs/PipeLine.py", line 3, in <module>
  File "media/sensor.py", line 1, in <module>
  File "media/sensor.py", line 1, in Sensor
  File "media/sensor.py", line 1, in <listcomp>
Exception: IDE interrupt
MPY: soft reboot
CanMV v1.4.3(based on Micropython e00a144) on 2026-01-20; k230_canmv_yahboom with K230

Traceback (most recent call last):
  File "<stdin>", line 187, in <module>
  File "<stdin>", line 135, in run_publisher
OSError: [Errno 2] ENOENT: can't open /sdcard/app/tests/utils/prior_data_320.bin
MPY: soft reboot
CanMV v1.4.3(based on Micropython e00a144) on 2026-01-20; k230_canmv_yahboom with K230

>>> 
MPY: soft reboot
CanMV v1.4.3(based on Micropython e00a144) on 2026-01-20; k230_canmv_yahboom with K230

find sensor gc2093_csi2, type 8, output 1920x1080@30
vb common pool count 6
sensor(0), mode 0, buffer_num 4, buffer_size 0
$23,06,351,003,102,136#

$23,06,243,224,135,175#

$23,06,349,000,106,130#

$23,06,244,212,124,159#

$23,06,352,003,104,125#

$23,06,257,217,104,140#

$23,06,355,000,104,134#

$23,06,241,208,125,170#

$23,06,348,000,110,134#

$23,06,234,227,139,178#

$23,06,344,009,105,145#

$23,06,229,236,145,200#

$23,06,339,024,102,146#

$23,06,226,261,141,178#

$23,06,331,042,098,137#

$23,06,223,269,133,171#

$23,06,327,036,096,136#

$23,06,221,266,134,173#

$23,06,320,023,105,148#

$23,06,215,263,141,179#

$23,06,319,026,101,143#

$23,06,214,260,137,177#

$23,06,316,023,101,139#

$23,06,215,260,136,178#

$23,06,315,022,102,140#

$23,06,213,259,137,177#

$23,06,314,024,100,141#

$23,06,216,262,136,178#

$23,06,314,024,102,135#

$23,06,220,260,134,170#

$23,06,313,014,106,142#

$23,06,225,256,132,176#

$23,06,313,013,105,144#

$23,06,230,260,130,175#

$23,06,314,024,100,140#

$23,06,228,267,134,184#

$23,06,311,033,099,144#

$23,06,228,285,131,175#

$23,06,307,041,097,141#

$23,06,224,285,133,176#

$23,06,300,041,100,146#

$23,06,229,284,128,177#

$23,06,300,048,098,142#

$23,06,232,291,126,178#

$23,06,299,058,095,136#

$23,06,236,296,124,180#

$23,06,295,062,095,141#

$23,06,238,318,122,162#

$23,06,288,081,099,143#

$23,06,245,345,119,135#

$23,06,286,117,097,143#

$23,06,285,145,097,135#

$23,06,253,399,108,081#

$23,06,286,146,097,137#

$23,06,289,155,096,137#

$23,06,290,158,094,134#

$23,06,290,149,095,134#

$23,06,292,146,093,132#

$23,06,293,145,092,132#

$23,06,261,399,102,081#

$23,06,295,143,090,130#

$23,06,300,137,089,124#

$23,06,247,374,117,106#

$23,06,300,118,091,132#

$23,06,257,365,115,115#

$23,06,300,106,092,138#

$23,06,256,356,114,124#

$23,06,300,102,091,135#

$23,06,256,350,120,130#

$23,06,302,091,090,135#

$23,06,255,338,121,142#

$23,06,301,079,096,138#

$23,06,252,328,124,152#

$23,06,305,066,094,133#

$23,06,250,309,126,171#

$23,06,303,050,098,139#

$23,06,251,301,129,172#

$23,06,307,047,097,137#

$23,06,249,297,130,173#

$23,06,308,042,098,139#

$23,06,248,295,130,169#

$23,06,308,038,100,145#

$23,06,249,294,130,170#

$23,06,309,038,101,146#

$23,06,248,292,132,172#

$23,06,312,033,100,145#

$23,06,246,286,133,177#

$23,06,313,030,100,147#

$23,06,247,287,132,175#

$23,06,314,031,100,147#

$23,06,246,285,134,178#

$23,06,314,035,099,141#

$23,06,247,287,134,178#

$23,06,312,035,101,146#

$23,06,249,290,131,174#

$23,06,311,036,102,148#

$23,06,246,295,131,170#

$23,06,310,039,100,146#

$23,06,246,295,131,172#

$23,06,308,040,100,145#

$23,06,247,295,129,175#

$23,06,306,043,098,144#

$23,06,247,295,129,174#

$23,06,305,047,099,141#

$23,06,246,299,130,176#

$23,06,305,050,095,136#

$23,06,247,302,127,172#

$23,06,304,048,097,140#

$23,06,245,300,128,175#

$23,06,304,047,097,142#

$23,06,243,301,128,175#

$23,06,303,049,096,141#

$23,06,245,303,127,174#

$23,06,302,047,098,144#

$23,06,243,303,128,172#

$23,06,301,050,098,139#

$23,06,244,301,126,173#

$23,06,301,050,098,140#

$23,06,244,301,127,172#

$23,06,301,049,099,145#

$23,06,243,302,128,173#

$23,06,300,049,099,143#

$23,06,244,302,126,172#

$23,06,301,049,100,145#

$23,06,244,302,128,171#

$23,06,300,049,100,146#

$23,06,243,303,128,172#

$23,06,301,048,098,145#

$23,06,243,306,126,168#

$23,06,301,048,098,144#

$23,06,243,304,127,169#

$23,06,301,049,099,145#

$23,06,245,301,127,173#

$23,06,301,049,099,144#

$23,06,244,304,127,170#

$23,06,301,049,099,145#

$23,06,244,304,126,171#

$23,06,302,051,096,140#

$23,06,245,303,127,174#

$23,06,302,051,096,139#

$23,06,246,303,126,172#

$23,06,303,050,095,140#

$23,06,245,302,127,174#

$23,06,302,052,097,139#

$23,06,245,305,127,169#

$23,06,302,049,098,143#

$23,06,245,304,126,173#

$23,06,302,048,099,145#

$23,06,245,303,128,174#

$23,06,302,050,098,142#

$23,06,245,298,129,178#

$23,06,302,049,098,144#

$23,06,246,305,127,172#

$23,06,302,051,097,141#

$23,06,246,303,128,174#

$23,06,303,051,097,142#

$23,06,247,304,127,174#

$23,06,301,050,098,143#

$23,06,246,304,127,173#

$23,06,301,051,098,142#

$23,06,246,304,128,174#

$23,06,302,050,098,143#

$23,06,244,298,128,178#

$23,06,301,050,098,144#

$23,06,244,300,127,175#

$23,06,301,051,098,143#

$23,06,244,298,128,177#

$23,06,302,050,099,144#

$23,06,246,303,127,172#

$23,06,302,050,097,141#

$23,06,245,304,127,170#

$23,06,302,048,097,143#

$23,06,245,304,126,168#

$23,06,301,049,097,143#

$23,06,245,303,126,170#

$23,06,301,049,098,141#

$23,06,244,304,126,169#

$23,06,301,047,097,144#

$23,06,244,304,126,170#

$23,06,303,050,096,140#

$23,06,247,303,126,169#

$23,06,303,048,096,142#

$23,06,247,304,126,169#

$23,06,304,049,096,143#

$23,06,247,301,126,172#

$23,06,304,048,096,144#

$23,06,246,302,127,170#

$23,06,304,049,097,143#

$23,06,247,303,125,171#

$23,06,304,050,096,141#

$23,06,246,302,126,170#

$23,06,304,049,095,142#

$23,06,246,303,126,170#

$23,06,305,050,095,141#

$23,06,245,296,128,177#

$23,06,305,048,096,142#

$23,06,245,296,127,175#

$23,06,305,050,095,140#

$23,06,245,295,127,176#

$23,06,306,051,094,138#

$23,06,244,297,128,173#

$23,06,305,049,095,141#

$23,06,245,294,129,178#

$23,06,306,048,096,143#

$23,06,244,296,130,176#

$23,06,306,049,096,142#

$23,06,245,296,129,174#

$23,06,305,047,098,145#

$23,06,246,302,127,168#

$23,06,306,049,099,145#

$23,06,246,303,126,167#

$23,06,306,050,099,144#

$23,06,246,298,128,172#

$23,06,307,050,101,149#

$23,06,247,302,128,168#

$23,06,308,050,102,153#

$23,06,246,303,128,169#

$23,06,309,052,101,149#

$23,06,247,304,126,167#

$23,06,309,053,100,145#

$23,06,245,297,129,175#

$23,06,310,054,098,143#

$23,06,243,298,131,174#

$23,06,310,054,099,145#

$23,06,244,298,130,173#

$23,06,311,051,101,155#

$23,06,246,299,129,171#

$23,06,311,051,101,154#

$23,06,248,304,127,167#

$23,06,311,051,101,148#

$23,06,247,303,128,169#

$23,06,312,052,100,144#

$23,06,246,298,128,172#

$23,06,313,052,100,144#

$23,06,248,303,128,168#

$23,06,313,052,101,144#

$23,06,249,303,127,167#

$23,06,314,052,100,142#

$23,06,247,304,129,167#

$23,06,314,052,100,143#

$23,06,244,300,130,169#

$23,06,313,051,101,143#

$23,06,247,305,127,165#

$23,06,314,050,101,143#

$23,06,247,305,128,165#

$23,06,313,051,101,143#

$23,06,246,304,128,166#

$23,06,313,050,102,144#

$23,06,248,303,128,166#

$23,06,313,049,102,145#

$23,06,248,302,128,166#

$23,06,313,049,102,145#

$23,06,248,302,128,167#

$23,06,314,051,099,142#

$23,06,248,303,127,165#

$23,06,313,051,099,142#

$23,06,247,302,129,167#

$23,06,312,050,100,144#

$23,06,248,302,128,166#

$23,06,312,048,101,148#

$23,06,249,302,126,167#

$23,06,311,048,101,148#

$23,06,249,302,126,168#

$23,06,310,047,100,146#

$23,06,247,297,130,172#

$23,06,311,049,102,144#

$23,06,249,302,125,166#

$23,06,311,049,101,142#

$23,06,249,301,126,166#

$23,06,312,051,098,139#

$23,06,248,302,125,165#

$23,06,309,051,099,138#

$23,06,245,299,130,168#

$23,06,310,049,098,140#

$23,06,245,299,129,168#

$23,06,308,049,096,138#

$23,06,244,297,131,170#

$23,06,309,048,097,139#

$23,06,246,298,128,170#

$23,06,308,049,098,139#

$23,06,245,297,130,170#

$23,06,307,048,097,140#

$23,06,247,298,127,168#

$23,06,306,049,098,139#

$23,06,246,302,128,165#

$23,06,304,047,099,141#

$23,06,244,298,129,168#

$23,06,303,046,099,144#

$23,06,245,302,127,165#

$23,06,302,046,100,145#

$23,06,247,301,128,165#

$23,06,302,045,100,144#

$23,06,246,297,130,169#

$23,06,304,044,098,143#

$23,06,246,296,130,170#

$23,06,304,042,099,146#

$23,06,246,296,130,171#

$23,06,304,042,099,145#

$23,06,247,296,129,169#

$23,06,304,041,100,146#

$23,06,245,294,131,173#

$23,06,304,041,100,145#

$23,06,246,295,130,171#

$23,06,305,042,099,145#

$23,06,246,296,130,171#

$23,06,304,041,100,146#

$23,06,247,295,129,172#

$23,06,305,043,099,143#

$23,06,247,296,129,171#

$23,06,304,042,099,148#

$23,06,247,295,129,174#

$23,06,302,041,101,149#

$23,06,245,295,131,174#

$23,06,304,042,099,144#

$23,06,246,295,130,174#

$23,06,303,041,098,144#

$23,06,245,297,130,171#

$23,06,301,040,100,147#

$23,06,245,296,131,174#

$23,06,298,034,102,157#

$23,06,244,297,129,171#

$23,06,298,034,102,159#

$23,06,245,295,129,175#

$23,06,298,032,101,160#

$23,06,245,295,129,173#

$23,06,298,033,101,160#

$23,06,245,296,130,173#

$23,06,299,034,101,157#

$23,06,245,299,129,170#

$23,06,297,032,102,159#

$23,06,246,297,130,172#

$23,06,297,033,102,157#

$23,06,246,296,128,172#

$23,06,296,032,102,158#

$23,06,245,295,128,173#

$23,06,296,032,102,158#

$23,06,244,295,129,174#

$23,06,296,033,101,157#

$23,06,245,297,129,172#

$23,06,296,031,102,159#

$23,06,246,295,128,174#

$23,06,296,034,101,155#

$23,06,246,296,128,173#

$23,06,296,034,102,156#

$23,06,244,297,129,172#

$23,06,297,035,101,154#

$23,06,246,296,128,172#

$23,06,296,034,102,155#

$23,06,245,296,128,173#

$23,06,296,034,100,154#

$23,06,246,296,128,173#

$23,06,296,034,100,154#

$23,06,246,295,127,172#

$23,06,296,034,101,154#

$23,06,246,296,127,171#

$23,06,296,035,101,153#

$23,06,246,295,128,174#

$23,06,297,037,101,150#

$23,06,246,295,127,173#

$23,06,297,036,101,151#

$23,06,246,297,128,173#

$23,06,297,036,101,151#

$23,06,246,296,128,174#

$23,06,298,036,100,151#

$23,06,246,298,128,171#

$23,06,297,035,101,153#

$23,06,246,296,128,174#

$23,06,298,036,101,154#

$23,06,247,295,128,177#

$23,06,298,035,101,155#

$23,06,247,295,128,177#

$23,06,298,035,101,155#

$23,06,247,296,128,178#

$23,06,298,036,100,153#

$23,06,248,296,127,178#

$23,06,299,036,101,153#

$23,06,247,297,128,177#

$23,06,298,035,101,154#

$23,06,247,295,128,177#

$23,06,297,034,102,157#

$23,06,249,296,125,176#

$23,06,298,035,101,156#

$23,06,248,295,126,177#

$23,06,297,031,102,160#

$23,06,248,294,127,180#

$23,06,297,031,101,160#

$23,06,248,294,127,186#

$23,06,298,030,101,163#

$23,06,248,299,126,181#

$23,06,298,030,101,163#

$23,06,247,292,128,186#

$23,06,298,029,101,163#

$23,06,248,297,124,183#

$23,06,299,028,101,165#

$23,06,248,305,123,175#

$23,06,298,030,101,163#

$23,06,248,303,125,177#

$23,06,248,306,122,174#

$23,06,297,029,101,164#

$23,06,297,027,102,167#

$23,06,247,307,124,173#

$23,06,297,028,100,167#

$23,06,245,308,123,172#

$23,06,297,028,100,167#

$23,06,245,308,123,172#

$23,06,298,027,100,167#

$23,06,247,306,122,174#

$23,06,247,309,120,171#

$23,06,298,027,099,165#

$23,06,298,026,100,161#

$23,06,246,306,122,174#

$23,06,302,026,098,155#

$23,06,245,305,122,175#

$23,06,302,025,100,156#

$23,06,245,302,125,178#

$23,06,300,030,098,154#

$23,06,247,304,122,176#

$23,06,302,026,099,156#

$23,06,246,304,127,176#

$23,06,302,028,099,154#

$23,06,246,303,128,177#

$23,06,297,028,102,159#

$23,06,248,306,129,174#

$23,06,302,028,099,154#

$23,06,247,307,127,173#

$23,06,302,028,099,154#

$23,06,245,304,132,176#

$23,06,244,302,130,178#

$23,06,303,031,096,150#

$23,06,244,302,130,178#

$23,06,301,032,094,152#

$23,06,245,304,127,176#

$23,06,302,033,094,149#

$23,06,244,300,130,180#

$23,06,302,033,094,150#

$23,06,244,301,129,179#

$23,06,301,032,095,152#

$23,06,244,301,129,179#

$23,06,300,032,096,154#

$23,06,299,033,097,156#

$23,06,244,300,131,180#

$23,06,300,034,096,152#

$23,06,245,301,130,179#

$23,06,299,032,097,156#

$23,06,244,301,129,179#

$23,06,298,029,098,159#

$23,06,243,298,131,182#

$23,06,298,031,098,157#

$23,06,245,299,130,181#

$23,06,297,031,099,156#

$23,06,244,300,130,180#

$23,06,297,032,098,156#

$23,06,245,297,130,183#

$23,06,298,033,096,151#

$23,06,245,299,131,181#

$23,06,297,035,097,150#

$23,06,245,301,128,179#

$23,06,297,033,097,153#

$23,06,244,300,131,180#

$23,06,296,032,098,154#

$23,06,244,300,130,180#

$23,06,297,033,097,152#

$23,06,243,299,130,181#

$23,06,296,033,097,150#

$23,06,244,298,132,182#

$23,06,296,033,098,149#

$23,06,243,300,130,180#

$23,06,297,032,098,149#

$23,06,243,301,130,179#

$23,06,297,032,098,148#

$23,06,244,302,128,178#

$23,06,297,032,098,147#

$23,06,244,301,128,178#

$23,06,297,030,099,149#

$23,06,243,297,131,183#

$23,06,297,032,098,148#

$23,06,243,303,129,175#

$23,06,296,031,098,148#

$23,06,242,296,130,181#

$23,06,296,030,099,148#

$23,06,241,296,132,184#

$23,06,296,028,099,150#

$23,06,241,295,129,182#

$23,06,296,027,100,151#

$23,06,243,294,127,176#

$23,06,296,025,100,154#

$23,06,242,294,130,179#

$23,06,296,024,102,156#

$23,06,241,292,132,183#

$23,06,296,025,101,154#

$23,06,239,289,132,185#

$23,06,297,025,100,153#

$23,06,238,287,133,189#

$23,06,296,025,102,155#

$23,06,239,287,131,188#

$23,06,296,022,103,157#

$23,06,238,283,134,193#

$23,06,296,023,101,155#

$23,06,238,285,133,189#

$23,06,296,023,101,155#

$23,06,238,284,133,189#

$23,06,297,022,101,156#

$23,06,238,285,132,186#

$23,06,297,024,101,154#

$23,06,240,288,132,183#

$23,06,298,021,101,156#

$23,06,239,285,133,188#

$23,06,298,022,101,155#

$23,06,240,286,132,185#

$23,06,298,022,101,155#

$23,06,240,288,132,184#

$23,06,299,026,098,150#

$23,06,238,284,135,190#

$23,06,297,025,101,153#

$23,06,240,287,133,186#

$23,06,296,023,101,155#

$23,06,240,286,134,186#

$23,06,296,025,101,154#

$23,06,239,287,132,185#

$23,06,296,025,100,153#

$23,06,240,286,133,185#

$23,06,296,025,100,153#

$23,06,240,289,131,179#

$23,06,296,025,101,153#

$23,06,240,289,131,178#

$23,06,295,025,101,153#

$23,06,240,289,131,180#

$23,06,296,025,099,152#

$23,06,241,288,130,179#

$23,06,296,027,098,150#

$23,06,240,288,131,180#

$23,06,296,026,097,149#

$23,06,240,289,131,179#

$23,06,296,026,098,150#

$23,06,239,287,131,182#

$23,06,296,025,098,150#

$23,06,239,288,132,181#

$23,06,296,025,097,150#

$23,06,238,286,132,184#

$23,06,296,026,098,148#

$23,06,238,286,133,185#

$23,06,295,025,098,151#

$23,06,237,284,134,188#

$23,06,296,027,097,148#

$23,06,238,285,132,185#

$23,06,295,026,098,151#

$23,06,238,284,132,188#

$23,06,294,027,099,150#

$23,06,239,283,132,190#

$23,06,294,029,098,147#

$23,06,239,281,133,191#

$23,06,294,030,097,145#

$23,06,239,284,132,187#

$23,06,294,033,096,143#

$23,06,239,283,131,186#

$23,06,294,033,096,143#

$23,06,239,282,132,189#

$23,06,293,033,096,142#

$23,06,239,283,131,186#

$23,06,292,033,096,142#

$23,06,239,281,133,192#

$23,06,292,034,095,140#

$23,06,240,281,131,190#

$23,06,292,033,096,141#

$23,06,240,285,130,187#

$23,06,292,033,095,140#

$23,06,239,281,131,190#

$23,06,292,033,094,139#

$23,06,240,282,131,189#

$23,06,291,031,096,142#

$23,06,238,281,133,191#

$23,06,291,034,094,139#

$23,06,239,281,133,192#

$23,06,290,036,095,140#

$23,06,240,282,132,188#

$23,06,289,038,096,141#

$23,06,245,290,128,179#

$23,06,291,046,095,139#

$23,06,244,301,127,179#

$23,06,293,062,094,138#

$23,06,239,320,132,160#

$23,06,290,107,094,141#

$23,06,281,180,094,137#

$23,06,278,229,089,129#

$23,06,274,241,084,122#

$23,06,267,243,091,128#

$23,06,268,265,090,125#

$23,06,261,275,093,128#

$23,06,257,278,092,128#

$23,06,255,277,095,134#

$23,06,257,291,093,129#

$23,06,259,291,092,126#

$23,06,261,282,092,127#

$23,06,263,277,093,127#

$23,06,269,263,087,122#

$23,06,273,245,084,122#

$23,06,274,223,090,125#

$23,06,276,216,087,121#

$23,06,279,209,087,119#

$23,06,279,201,089,122#

$23,06,279,199,088,122#

$23,06,279,201,089,123#

$23,06,280,204,088,120#

$23,06,280,204,087,119#

$23,06,280,205,088,121#

$23,06,281,209,086,117#

$23,06,281,208,086,118#

$23,06,282,210,085,118#

$23,06,280,215,088,119#

$23,06,279,214,089,123#

$23,06,278,218,091,123#

$23,06,277,217,092,124#

$23,06,277,218,092,125#

$23,06,278,220,090,123#

$23,06,278,219,092,126#

$23,06,278,216,093,129#

$23,06,278,215,091,129#

$23,06,279,217,092,129#

$23,06,280,217,091,129#

$23,06,279,217,092,130#

$23,06,279,218,092,129#

$23,06,279,222,094,129#

$23,06,279,222,093,131#

$23,06,284,251,084,116#

$23,06,282,251,090,123#

$23,06,283,252,088,119#

$23,06,286,251,083,114#

$23,06,285,246,082,113#

$23,06,284,244,083,113#

$23,06,283,243,085,114#

$23,06,284,242,085,115#

$23,06,283,240,086,117#

$23,06,284,237,087,119#

$23,06,283,235,088,120#

$23,06,283,235,089,119#

$23,06,283,232,090,124#

$23,06,282,226,092,127#

$23,06,283,227,090,124#

$23,06,282,229,088,120#

$23,06,282,228,089,121#

$23,06,282,228,090,124#

$23,06,281,222,092,127#

$23,06,283,220,092,129#

$23,06,282,220,091,128#

$23,06,281,220,092,128#

$23,06,282,220,092,129#

$23,06,281,219,093,127#

$23,06,282,219,093,129#

$23,06,283,220,093,127#

$23,06,283,219,093,129#

$23,06,284,216,094,131#

$23,06,284,218,093,127#

$23,06,284,218,092,126#

$23,06,283,217,093,129#

$23,06,284,221,092,122#

$23,06,284,220,090,122#

$23,06,284,221,091,121#

$23,06,285,221,088,117#

$23,06,284,219,090,122#

$23,06,285,219,090,121#

$23,06,283,219,090,119#

$23,06,284,219,090,118#

$23,06,284,219,090,119#

$23,06,283,218,091,120#

$23,06,283,218,090,121#

$23,06,284,218,091,120#

$23,06,285,217,092,123#

$23,06,285,217,091,122#

$23,06,285,219,089,120#

$23,06,283,218,091,121#

$23,06,284,219,090,120#

$23,06,286,219,089,119#

$23,06,284,219,089,120#

$23,06,286,218,088,120#

$23,06,285,218,088,120#

$23,06,285,216,090,123#

$23,06,285,217,089,122#

$23,06,285,217,090,122#

$23,06,286,217,089,121#

$23,06,286,217,088,121#

$23,06,286,215,091,124#

$23,06,286,216,089,122#

$23,06,285,215,090,124#

$23,06,286,215,089,122#

$23,06,286,216,090,122#

$23,06,285,215,091,123#

$23,06,286,216,088,121#

$23,06,286,216,090,123#

$23,06,286,216,089,122#

$23,06,286,215,090,123#

$23,06,287,216,089,122#

$23,06,286,216,090,122#

$23,06,287,216,090,122#

$23,06,288,216,088,121#

$23,06,289,217,087,119#

$23,06,289,217,088,119#

$23,06,289,215,088,120#

$23,06,289,213,089,120#

$23,06,290,214,088,120#

$23,06,289,213,089,122#

$23,06,290,214,087,119#

$23,06,290,214,088,119#

$23,06,290,214,087,118#

$23,06,290,214,088,120#

$23,06,290,212,087,120#

$23,06,291,212,088,121#

$23,06,290,211,088,116#

$23,06,291,210,088,118#

$23,06,290,208,090,120#

$23,06,290,208,089,119#

$23,06,289,207,090,120#

$23,06,290,207,089,121#

$23,06,290,209,088,117#

$23,06,290,207,089,119#

$23,06,290,207,090,119#

$23,06,291,209,089,119#

$23,06,291,209,089,120#

$23,06,291,209,089,119#

$23,06,291,208,089,120#

$23,06,292,210,090,121#

$23,06,293,210,090,123#

$23,06,293,209,091,124#

$23,06,293,209,091,123#

$23,06,293,210,088,120#

$23,06,293,211,089,119#

$23,06,293,210,090,121#

$23,06,293,211,090,120#

$23,06,293,210,090,121#

$23,06,293,210,090,120#

$23,06,294,209,090,119#

$23,06,294,208,091,121#

$23,06,295,208,089,119#

$23,06,295,208,090,120#

$23,06,294,209,090,120#

$23,06,294,211,089,118#

$23,06,294,210,090,119#

$23,06,294,211,089,118#

$23,06,294,211,089,118#

$23,06,293,210,090,119#

$23,06,293,210,090,119#

$23,06,293,212,089,118#

$23,06,293,209,089,119#

$23,06,293,210,089,118#

$23,06,294,212,087,116#

$23,06,293,210,088,117#

$23,06,293,210,088,115#

$23,06,293,209,089,117#

$23,06,293,209,088,116#

$23,06,292,211,088,116#

$23,06,292,209,090,119#

$23,06,293,210,088,117#

$23,06,292,209,089,118#

$23,06,292,209,088,116#

$23,06,293,207,088,118#

$23,06,292,208,089,117#

$23,06,292,206,089,118#

$23,06,291,206,090,119#

$23,06,292,207,090,119#

$23,06,291,207,090,119#

$23,06,292,208,089,119#

$23,06,292,207,089,119#

$23,06,292,208,090,120#

$23,06,291,207,090,120#

$23,06,291,208,090,120#

$23,06,292,207,089,119#

$23,06,291,207,090,120#

$23,06,291,206,090,120#

$23,06,292,206,089,119#

$23,06,292,206,090,119#

$23,06,292,203,092,123#

$23,06,294,206,090,120#

$23,06,293,207,090,120#

$23,06,292,208,090,119#

$23,06,293,207,090,120#

$23,06,296,202,091,123#

$23,06,300,195,086,121#

$23,06,301,184,089,124#

$23,06,303,180,087,121#

$23,06,307,175,085,121#

$23,06,309,168,086,121#

$23,06,265,404,094,076#

$23,06,311,151,087,121#

$23,06,312,139,087,121#

$23,06,312,125,091,125#

$23,06,267,374,101,106#

$23,06,315,118,090,124#

$23,06,268,369,101,111#

$23,06,315,112,089,126#

$23,06,258,363,108,117#

$23,06,316,111,089,126#

$23,06,259,361,107,119#

$23,06,315,108,090,128#

$23,06,262,362,107,118#

$23,06,316,109,087,125#

$23,06,260,359,110,121#

$23,06,315,108,089,127#

$23,06,257,361,109,119#

$23,06,316,111,088,125#

$23,06,264,364,104,116#

$23,06,315,113,087,123#

$23,06,263,363,103,117#

$23,06,315,114,087,123#

$23,06,262,366,101,114#

$23,06,315,113,087,123#

$23,06,263,364,103,116#

$23,06,315,115,088,124#

$23,06,263,366,099,114#

$23,06,315,115,086,122#

$23,06,260,361,101,119#

$23,06,315,113,087,123#

$23,06,262,365,098,115#

$23,06,314,114,088,123#

$23,06,262,361,100,119#

$23,06,317,111,085,122#

$23,06,262,357,106,123#

$23,06,317,111,086,120#

$23,06,256,350,112,130#

$23,06,318,102,092,123#

$23,06,255,345,119,135#

$23,06,322,082,095,132#

$23,06,260,331,121,149#

$23,06,331,073,088,126#

$23,06,254,311,129,169#

$23,06,334,056,093,128#

$23,06,255,300,130,174#

$23,06,342,051,087,125#

$23,06,257,289,135,182#

$23,06,343,034,093,135#

$23,06,255,286,137,184#

$23,06,344,028,096,141#

$23,06,256,284,136,185#

$23,06,343,024,098,142#

$23,06,264,280,133,185#

$23,06,347,030,099,141#

$23,06,267,288,130,175#

$23,06,348,028,098,139#

$23,06,260,278,140,191#

$23,06,349,024,100,143#

$23,06,260,282,140,184#

$23,06,347,024,102,137#

$23,06,263,277,137,186#

$23,06,347,021,103,141#

$23,06,264,271,136,186#

$23,06,347,020,103,141#

$23,06,263,265,138,192#

$23,06,347,019,105,141#

$23,06,261,266,139,189#

$23,06,348,017,103,142#

$23,06,263,266,135,186#

$23,06,349,015,103,144#

$23,06,263,271,136,181#

$23,06,348,014,104,144#

$23,06,262,264,138,190#

$23,06,348,015,105,144#

$23,06,263,263,137,190#

$23,06,346,017,105,142#

$23,06,261,262,136,194#

$23,06,347,019,105,141#

$23,06,257,265,140,193#

$23,06,346,022,104,137#

$23,06,259,263,140,198#

$23,06,347,022,103,138#

$23,06,260,265,137,197#

$23,06,347,022,102,137#

$23,06,260,266,137,194#

$23,06,346,020,104,139#

$23,06,258,264,139,198#

$23,06,347,019,104,140#

$23,06,259,264,139,199#

$23,06,346,019,105,141#

$23,06,259,265,138,196#

$23,06,346,021,103,138#

$23,06,257,263,141,200#

$23,06,346,020,104,140#

$23,06,260,265,137,194#

$23,06,346,023,102,138#

$23,06,257,270,138,190#

$23,06,347,025,096,136#

$23,06,256,274,139,188#

$23,06,346,022,098,141#

$23,06,254,271,142,192#

$23,06,345,023,097,142#

$23,06,254,274,140,190#

$23,06,345,022,097,142#

$23,06,255,276,138,185#

$23,06,346,020,099,145#

$23,06,254,275,140,190#

$23,06,346,022,097,143#

$23,06,252,276,143,194#

$23,06,345,023,099,145#

$23,06,254,279,138,193#

$23,06,344,025,099,146#

$23,06,258,284,133,182#

$23,06,344,029,099,141#

$23,06,253,282,140,195#

$23,06,343,046,099,139#

$23,06,266,299,136,181#

$23,06,348,077,098,133#

$23,06,277,331,124,149#

$23,06,347,081,101,138#

$23,06,273,324,128,156#

$23,06,348,077,102,138#

$23,06,268,320,129,160#

$23,06,351,078,098,131#

$23,06,269,320,129,160#

$23,06,267,297,139,179#

$23,06,360,066,092,128#

$23,06,275,261,132,179#

$23,06,369,032,093,134#

$23,06,278,239,135,182#

$23,06,377,000,107,137#

$23,06,298,208,127,172#

$23,06,393,000,094,116#

$23,06,306,165,134,177#

$23,06,323,125,130,172#

$23,06,331,085,139,207#

$23,06,339,069,148,197#

$23,06,347,070,147,195#

$23,06,335,085,140,228#

$23,06,314,135,138,231#

$23,06,307,154,167,216#

$23,06,301,184,154,213#

$23,06,280,187,168,252#

$23,06,290,237,143,215#

$23,06,434,013,126,151#

$23,06,428,025,109,145#

$23,06,283,263,140,181#

$23,06,417,026,109,144#

$23,06,278,253,147,193#

$23,06,416,015,111,147#

$23,06,277,247,145,186#

$23,06,419,005,114,148#

$23,06,275,233,149,185#

$23,06,417,002,118,137#

$23,06,277,226,145,186#

$23,06,410,000,125,137#

$23,06,282,225,140,186#

$23,06,416,000,120,131#

$23,06,281,223,146,188#

$23,06,282,216,146,191#

$23,06,422,000,116,126#

$23,06,283,213,144,187#

$23,06,423,000,121,124#

$23,06,286,213,138,184#

$23,06,424,002,120,120#

$23,06,286,202,141,191#

$23,06,426,001,123,120#

$23,06,288,202,136,182#

$23,06,424,006,121,108#

$23,06,288,198,140,186#

$23,06,434,003,108,114#

$23,06,290,201,135,183#

$23,06,434,006,107,110#

$23,06,295,195,138,187#

$23,06,438,002,106,110#

$23,06,295,195,139,187#

$23,06,435,000,113,116#

$23,06,298,193,136,182#

$23,06,439,000,108,111#

$23,06,295,186,141,189#

$23,06,445,000,112,102#

$23,06,294,183,142,192#

$23,06,442,000,119,103#

$23,06,289,181,145,192#

$23,06,444,000,114,100#

$23,06,282,189,142,182#

$23,06,436,000,114,098#

$23,06,276,184,143,199#

$23,06,267,197,143,190#

$23,06,415,000,104,107#

$23,06,258,202,139,190#

$23,06,402,004,096,106#

$23,06,249,219,140,184#

$23,06,384,003,098,116#

$23,06,245,229,139,188#

$23,06,363,006,114,122#

$23,06,244,235,138,196#

$23,06,354,000,107,129#

$23,06,243,247,138,193#

$23,06,349,001,106,133#

$23,06,240,250,139,197#

$23,06,346,006,101,131#

$23,06,237,252,139,198#

$23,06,345,010,096,127#

$23,06,346,009,096,130#

$23,06,238,255,137,196#

$23,06,341,014,099,136#

$23,06,234,262,137,189#

$23,06,339,017,099,135#

$23,06,227,260,142,191#

$23,06,341,024,092,130#

$23,06,229,263,141,199#

$23,06,338,024,094,137#

$23,06,229,268,141,200#

$23,06,336,037,089,129#

$23,06,231,279,143,194#

$23,06,331,048,090,126#

$23,06,231,291,141,185#

$23,06,325,062,094,129#

$23,06,234,314,138,166#

$23,06,326,068,090,124#

$23,06,325,076,089,118#

$23,06,325,078,088,118#

$23,06,324,078,087,116#

$23,06,319,083,088,114#

$23,06,318,085,088,112#

$23,06,317,085,089,113#

$23,06,316,086,086,113#

$23,06,313,090,088,116#

$23,06,316,090,090,116#

$23,06,318,090,089,115#

$23,06,318,086,094,124#

$23,06,322,090,092,118#

$23,06,327,083,090,117#

$23,06,330,081,090,118#

$23,06,331,079,092,123#

$23,06,331,080,093,127#

$23,06,338,082,090,122#

$23,06,334,080,092,126#

$23,06,331,084,091,130#

$23,06,329,096,089,126#

$23,06,329,104,086,120#

$23,06,322,115,089,117#

$23,06,250,384,145,096#

$23,06,317,123,093,124#

$23,06,250,392,118,088#

$23,06,315,130,090,119#

$23,06,238,384,117,096#

$23,06,313,129,087,120#

$23,06,216,369,123,111#

$23,06,313,133,089,120#

$23,06,209,374,127,106#

$23,06,314,132,090,121#

$23,06,182,358,138,122#

$23,06,313,136,087,118#

$23,06,190,374,114,106#

$23,06,315,140,086,117#

$23,06,183,382,099,098#

$23,06,313,148,082,112#

$23,06,164,383,115,097#

$23,06,308,149,086,117#

$23,06,170,394,101,086#

$23,06,306,150,087,118#

$23,06,304,151,089,118#

$23,06,302,148,088,117#

$23,06,300,149,089,119#

$23,06,300,149,089,120#

$23,06,298,147,090,120#

$23,06,300,148,089,116#

$23,06,296,145,090,120#

$23,06,295,146,089,120#

$23,06,293,149,089,117#

$23,06,290,148,090,118#

$23,06,291,148,089,117#

$23,06,292,148,087,113#

$23,06,296,140,086,119#

$23,06,300,129,087,121#

$23,06,136,367,133,113#

$23,06,314,114,078,112#

$23,06,157,334,134,146#

$23,06,320,090,087,122#

$23,06,178,308,120,171#

$23,06,325,063,092,133#

$23,06,185,266,139,195#

$23,06,204,255,137,191#

$23,06,344,038,086,126#

$23,06,348,012,099,133#

$23,06,209,248,146,189#

$23,06,227,234,143,199#

$23,06,350,006,103,134#

$23,06,229,234,151,197#

$23,06,351,003,104,129#

$23,06,350,004,104,136#

$23,06,235,247,139,194#

$23,06,342,029,091,141#

$23,06,223,259,166,221#

$23,06,229,301,149,179#

$23,06,329,053,089,130#

$23,06,328,062,089,119#

$23,06,232,307,142,173#

$23,06,323,049,095,126#

$23,06,237,302,146,172#

$23,06,326,040,090,129#

$23,06,239,279,146,180#

$23,06,339,016,085,127#

$23,06,246,249,145,181#

$23,06,253,230,151,184#

$23,06,257,233,151,180#

$23,06,349,000,105,104#

$23,06,251,223,159,190#

$23,06,354,000,100,110#

$23,06,271,250,142,181#

$23,06,265,247,149,189#

$23,06,359,000,092,113#

$23,06,260,254,153,183#

$23,06,356,000,101,119#

$23,06,351,000,110,129#

$23,06,246,239,176,209#

$23,06,351,003,104,136#

$23,06,257,277,145,183#

$23,06,350,010,100,131#

$23,06,257,283,140,177#

$23,06,350,013,099,135#

$23,06,259,281,142,181#

$23,06,350,021,098,137#

$23,06,256,294,139,166#

$23,06,347,048,081,126#

$23,06,329,147,073,119#

$23,06,319,180,077,114#

$23,06,311,213,076,118#

$23,06,300,240,085,120#

$23,06,296,262,084,110#

$23,06,296,273,088,116#

$23,06,295,275,088,118#

$23,06,296,275,092,120#

$23,06,299,277,088,116#

$23,06,301,269,086,116#

$23,06,306,272,083,114#

$23,06,304,274,085,114#

$23,06,300,274,088,115#

$23,06,298,280,087,118#

$23,06,298,289,081,107#

$23,06,293,287,084,106#

$23,06,290,293,085,114#

$23,06,284,295,080,102#

$23,06,277,289,080,102#

$23,06,270,288,076,097#

$23,06,262,289,079,102#

$23,06,250,280,080,101#

$23,06,243,275,075,099#

$23,06,233,272,079,097#

$23,06,220,268,078,100#

$23,06,215,264,072,089#

$23,06,213,244,070,096#

$23,06,209,221,068,092#

$23,06,214,197,068,091#

$23,06,211,188,069,087#

$23,06,215,181,067,087#

$23,06,213,179,067,085#

$23,06,213,179,066,084#

$23,06,213,177,066,082#

$23,06,214,172,063,083#

$23,06,211,172,064,081#

$23,06,207,171,073,088#

$23,06,204,173,073,086#

$23,06,202,173,071,086#

$23,06,201,172,069,085#

$23,06,200,175,069,083#

$23,06,200,176,066,081#

$23,06,200,176,063,078#

$23,06,200,177,064,081#

$23,06,201,173,062,087#

$23,06,200,173,064,080#

$23,06,200,171,062,081#

$23,06,200,170,064,080#

$23,06,200,167,063,082#

$23,06,201,167,063,080#

$23,06,202,171,065,079#

$23,06,205,168,064,082#

$23,06,211,171,066,082#

$23,06,214,175,066,083#

$23,06,219,185,063,078#

$23,06,225,189,066,081#

$23,06,230,195,062,082#

$23,06,237,209,067,082#

$23,06,245,221,065,086#

$23,06,254,232,067,086#

$23,06,268,245,062,082#

$23,06,280,250,063,082#

$23,06,292,257,063,086#

$23,06,301,262,064,089#

$23,06,315,267,062,089#

$23,06,320,271,068,092#

$23,06,330,274,066,089#

$23,06,336,274,070,096#

$23,06,345,274,065,099#

$23,06,347,282,067,092#

$23,06,353,286,066,093#

$23,06,361,289,063,093#

$23,06,363,299,066,091#

$23,06,363,303,073,092#

$23,06,366,302,072,095#

$23,06,374,303,065,096#

$23,06,375,307,069,096#

$23,06,378,308,070,092#

$23,06,384,307,069,094#

$23,06,390,307,068,094#

$23,06,392,308,071,093#

$23,06,395,307,071,093#

$23,06,399,309,069,095#

$23,06,402,317,067,094#

$23,06,401,328,068,095#

$23,06,403,334,067,100#

$23,06,403,346,064,096#

$23,06,400,366,068,098#

$23,06,367,429,057,051#

$23,06,366,379,059,083#

$23,06,367,346,064,092#

$23,06,371,318,064,084#

$23,06,376,304,065,084#

$23,06,379,297,063,078#

$23,06,381,288,062,076#

$23,06,385,288,056,069#

$23,06,379,289,063,075#

$23,06,377,290,058,072#

$23,06,377,288,053,069#

$23,06,373,287,048,060#

$23,06,369,284,053,066#

$23,06,362,283,056,068#

$23,06,357,277,061,073#

$23,06,253,399,096,081#

$23,06,359,270,060,069#

$23,06,240,387,121,093#

$23,06,363,258,060,071#

$23,06,245,353,143,127#

$23,06,368,240,056,068#

$23,06,241,323,148,157#

$23,06,368,225,055,067#

$23,06,251,311,141,169#

$23,06,371,212,056,070#

$23,06,255,304,145,174#

$23,06,266,290,139,179#

$23,06,269,284,143,185#

$23,06,381,168,051,069#

$23,06,276,277,137,187#

$23,06,392,155,055,068#

$23,06,279,271,143,188#

$23,06,393,141,053,066#

$23,06,276,269,139,184#

$23,06,391,123,062,076#

$23,06,279,270,140,186#

$23,06,386,114,063,074#

$23,06,378,104,067,078#

$23,06,277,265,144,190#

$23,06,374,092,068,083#

$23,06,277,265,145,187#

$23,06,369,085,067,081#

$23,06,275,265,149,188#

$23,06,362,078,066,078#

$23,06,274,264,153,189#

$23,06,272,260,152,190#

$23,06,354,072,068,081#

$23,06,346,065,070,086#

$23,06,271,263,147,193#

$23,06,271,268,144,189#

$23,06,345,058,065,086#

$23,06,337,049,069,094#

$23,06,270,265,145,193#

$23,06,271,266,144,188#

$23,06,334,046,071,094#

$23,06,271,263,148,189#

$23,06,331,040,076,094#

$23,06,270,264,148,185#

$23,06,329,033,074,095#

$23,06,272,265,146,184#

$23,06,328,030,069,097#

$23,06,269,261,150,194#

$23,06,323,029,073,097#

$23,06,267,269,152,190#

$23,06,323,030,071,100#

$23,06,265,274,150,189#

$23,06,322,031,070,100#

$23,06,265,274,149,188#

$23,06,319,032,073,099#

$23,06,267,278,150,189#

$23,06,318,033,073,100#

$23,06,264,281,148,189#

$23,06,314,041,078,101#

$23,06,267,284,142,186#

$23,06,317,039,076,102#

$23,06,266,280,144,190#

$23,06,316,037,076,099#

$23,06,263,285,147,187#

$23,06,316,039,077,104#

$23,06,262,288,151,183#

$23,06,313,047,079,102#

$23,06,255,295,155,185#

$23,06,315,049,073,101#

$23,06,251,305,158,175#

$23,06,312,058,077,102#

$23,06,259,317,146,163#

$23,06,310,080,075,097#

$23,06,263,325,135,155#

$23,06,311,089,072,102#

$23,06,312,102,068,099#

$23,06,258,340,152,140#

$23,06,309,112,069,099#

$23,06,250,354,155,126#

$23,06,302,126,072,100#

$23,06,247,369,158,111#

$23,06,293,137,079,104#

$23,06,241,374,157,106#

$23,06,293,154,067,103#

$23,06,286,196,067,097#

$23,06,271,239,070,103#

$23,06,263,271,071,094#

$23,06,263,272,067,097#

$23,06,259,278,068,095#

$23,06,255,288,072,098#

$23,06,251,299,076,102#

$23,06,250,303,077,099#

$23,06,253,301,073,100#

$23,06,256,300,072,099#

$23,06,260,302,066,100#

$23,06,261,299,067,102#

$23,06,263,302,067,098#

$23,06,263,298,070,096#

$23,06,263,291,070,093#

$23,06,263,288,073,096#

$23,06,263,287,072,094#

$23,06,262,287,069,090#

$23,06,263,285,064,085#

$23,06,264,284,068,083#

$23,06,274,282,055,070#

$23,06,275,273,056,070#

$23,06,277,251,061,077#

$23,06,277,241,065,081#

$23,06,282,235,057,078#

$23,06,281,232,061,080#

$23,06,279,232,063,079#

$23,06,280,229,062,079#

$23,06,282,222,064,082#

$23,06,286,221,061,081#

$23,06,287,221,060,075#

$23,06,287,219,063,076#

$23,06,289,213,063,078#

$23,06,290,211,063,076#

$23,06,278,424,078,056#

$23,06,287,196,070,088#

$23,06,272,420,082,060#

$23,06,288,187,071,088#

$23,06,268,407,100,073#

$23,06,292,179,070,085#

$23,06,261,397,108,083#

$23,06,291,171,074,088#

$23,06,257,383,115,097#

$23,06,298,156,074,095#

$23,06,259,375,125,105#

$23,06,305,147,071,090#

$23,06,259,359,128,121#

$23,06,260,347,130,133#

$23,06,306,134,073,095#

$23,06,262,332,132,148#

$23,06,310,118,073,094#

$23,06,263,318,139,162#

$23,06,313,108,076,090#

$23,06,268,308,139,172#

$23,06,324,087,076,097#

$23,06,275,297,144,181#

$23,06,333,077,077,093#

$23,06,284,299,140,175#

$23,06,344,062,079,101#

$23,06,294,292,144,173#

$23,06,349,059,082,097#

$23,06,299,281,149,185#

$23,06,363,050,081,101#

$23,06,303,268,151,195#

$23,06,371,047,080,097#

$23,06,306,271,151,189#

$23,06,375,040,087,101#

$23,06,312,263,151,190#

$23,06,390,025,087,105#

$23,06,322,252,148,191#

$23,06,396,016,079,112#

$23,06,324,252,146,186#

$23,06,396,011,085,114#

$23,06,325,247,148,188#

$23,06,404,010,084,102#

$23,06,329,246,148,185#

$23,06,407,007,087,110#

$23,06,326,222,180,214#

$23,06,414,006,086,103#

$23,06,334,239,154,190#

$23,06,420,005,091,105#

$23,06,340,236,151,186#

$23,06,352,226,148,188#

$23,06,353,212,175,213#

$23,06,358,213,178,213#

$23,06,359,213,181,212#

$23,06,360,212,186,213#

$23,06,361,206,184,219#

$23,06,356,212,180,216#

$23,06,356,214,179,214#

$23,06,355,205,180,224#

$23,06,351,211,175,216#

$23,06,356,225,153,193#

$23,06,348,218,171,210#

$23,06,350,239,145,185#

$23,06,329,222,183,216#

$23,06,258,277,059,083#

$23,06,248,289,062,088#

$23,06,238,303,065,086#

$23,06,236,305,063,080#

$23,06,232,304,062,084#

$23,06,232,304,059,080#

$23,06,230,306,061,082#

$23,06,230,297,063,086#

$23,06,231,297,066,086#

$23,06,234,285,059,082#

$23,06,237,278,061,079#

$23,06,235,268,065,086#

$23,06,242,259,064,085#

$23,06,241,253,064,086#

$23,06,244,246,062,083#

$23,06,247,245,061,081#

$23,06,249,239,058,080#

$23,06,250,230,061,084#

$23,06,251,207,061,090#

$23,06,261,336,107,144#

$23,06,266,307,136,173#

$23,06,270,283,131,177#

$23,06,275,269,131,175#

$23,06,313,029,066,095#

$23,06,283,258,130,175#

$23,06,321,014,067,099#

$23,06,280,243,141,184#

$23,06,324,001,077,126#

$23,06,284,240,140,174#

$23,06,332,000,074,091#

$23,06,286,235,141,179#

$23,06,286,233,140,181#

$23,06,286,237,139,176#

$23,06,283,235,141,175#

$23,06,282,236,140,175#

$23,06,282,235,141,174#

$23,06,284,233,139,172#

$23,06,326,000,085,089#

$23,06,283,234,139,174#

$23,06,285,234,140,173#

$23,06,284,230,141,181#

$23,06,284,234,140,182#

$23,06,282,250,147,197#

$23,06,282,274,143,190#

$23,06,281,329,134,151#

$23,06,277,348,133,132#

$23,06,313,105,059,089#

$23,06,266,349,139,131#

$23,06,305,117,059,076#

$23,06,267,358,137,122#

$23,06,299,123,057,078#

$23,06,290,133,068,083#

$23,06,266,372,135,108#

$23,06,289,134,063,077#

$23,06,261,370,139,110#

$23,06,266,350,133,130#

$23,06,289,125,065,091#

$23,06,263,348,140,132#

$23,06,293,112,071,104#

$23,06,261,347,143,133#

$23,06,290,109,073,099#

$23,06,271,345,135,135#

$23,06,296,103,076,101#

$23,06,285,338,122,142#

$23,06,318,098,065,080#

$23,06,286,349,127,131#

$23,06,287,345,147,135#

$23,06,340,089,082,088#

$23,06,315,344,134,136#

$23,06,258,224,161,160#

$23,06,242,211,157,171#

$23,06,200,167,148,157#

$23,06,174,138,175,197#

$23,06,185,168,159,160#

$23,06,165,201,144,155#

$23,06,129,225,171,155#

$23,06,115,226,167,148#

$23,06,111,236,169,149#

$23,06,227,170,133,150#

$23,06,288,164,136,164#

$23,06,177,376,110,104#

$23,06,121,178,391,302#

$23,06,138,194,271,286#

$23,06,137,236,300,244#

$23,06,154,220,372,260#

$23,06,162,217,345,263#

$23,06,145,218,367,262#

$23,06,132,224,356,256#

IDE interrupt
$23,06,083,214,105,147#

$23,06,007,115,217,319#

$23,06,002,104,243,335#

$23,06,006,101,240,342#

$23,06,021,240,132,210#

$23,06,000,145,169,290#

$23,06,017,225,113,201#

人脸检测功能退出
MPY: soft reboot
CanMV v1.4.3(based on Micropython e00a144) on 2026-01-20; k230_canmv_yahboom with K230
find sensor gc2093_csi2, type 8, output 1920x1080@30

Traceback (most recent call last):
  File "<stdin>", line 224, in <module>
  File "<stdin>", line 178, in run_publisher
  File "/sdcard/libs/PipeLine.py", line 98, in create
  File "media/display.py", line 1, in init
ValueError: ST7701 unsupport 1920x1080
MPY: soft reboot
CanMV v1.4.3(based on Micropython e00a144) on 2026-01-20; k230_canmv_yahboom with K230

Traceback (most recent call last):
  File "<stdin>", line 5, in <module>
  File "/sdcard/ybUtils/YbKey.py", line 15, in is_pressed
Exception: IDE interrupt

MPY: soft reboot
CanMV v1.4.3(based on Micropython e00a144) on 2026-01-20; k230_canmv_yahboom with K230
find sensor gc2093_csi2, type 8, output 1920x1080@30

Traceback (most recent call last):
  File "<stdin>", line 224, in <module>
  File "<stdin>", line 178, in run_publisher
  File "/sdcard/libs/PipeLine.py", line 98, in create
  File "media/display.py", line 1, in init
ValueError: ST7701 unsupport 1920x1080
MPY: soft reboot
CanMV v1.4.3(based on Micropython e00a144) on 2026-01-20; k230_canmv_yahboom with K230
find sensor gc2093_csi2, type 8, output 1920x1080@30

Traceback (most recent call last):
  File "<stdin>", line 238, in <module>
  File "<stdin>", line 188, in run_publisher
  File "/sdcard/libs/PipeLine.py", line 98, in create
  File "media/display.py", line 1, in init
Exception: IDE interrupt


Traceback (most recent call last):
  File "<stdin>", line 5, in <module>
  File "/sdcard/ybUtils/YbKey.py", line 15, in is_pressed
Exception: IDE interrupt
MPY: soft reboot
CanMV v1.4.3(based on Micropython e00a144) on 2026-01-20; k230_canmv_yahboom with K230
find sensor gc2093_csi2, type 8, output 1920x1080@30
vb common pool count 6
sensor(0), mode 0, buffer_num 4, buffer_size 0
PV04 start source=face_detection image=1920x1080 display=800x480 confidence=unverified
PV04 raw_dets=[]
PV04 t_ms=1901967 target=0 count=0 fps=0.0
total took 25.37 ms
PV04 raw_dets=[]
PV04 t_ms=1901993 target=0 count=0 fps=38.5
total took 22.65 ms
PV04 raw_dets=[]
PV04 t_ms=1902024 target=0 count=0 fps=32.3
total took 30.38 ms
PV04 raw_dets=[]
PV04 t_ms=1902060 target=0 count=0 fps=27.8
total took 36.13 ms
PV04 raw_dets=[]
PV04 t_ms=1902094 target=0 count=0 fps=29.4
total took 34.00 ms
PV04 t_ms=1902130 target=0 count=0 fps=27.8
total took 36.64 ms
PV04 t_ms=1902165 target=0 count=0 fps=28.6
total took 34.27 ms
PV04 t_ms=1902202 target=0 count=0 fps=27.0
total took 36.02 ms
PV04 t_ms=1902253 target=0 count=0 fps=19.6
total took 52.17 ms
PV04 t_ms=1902277 target=0 count=0 fps=41.7
total took 23.04 ms
PV04 t_ms=1902308 target=0 count=0 fps=32.3
total took 30.53 ms
PV04 t_ms=1902342 target=0 count=0 fps=29.4
total took 34.54 ms
PV04 t_ms=1902379 target=0 count=0 fps=27.0
total took 36.36 ms
PV04 t_ms=1902413 target=0 count=0 fps=29.4
total took 34.51 ms
PV04 t_ms=1902449 target=0 count=0 fps=27.8
total took 36.05 ms
PV04 t_ms=1902486 target=0 count=0 fps=27.0
total took 36.03 ms
PV04 t_ms=1902520 target=0 count=0 fps=29.4
total took 34.50 ms
PV04 t_ms=1902554 target=0 count=0 fps=29.4
total took 35.66 ms
PV04 t_ms=1902591 target=0 count=0 fps=27.0
total took 35.86 ms
PV04 t_ms=1902626 target=0 count=0 fps=28.6
total took 34.31 ms
PV04 t_ms=1902662 target=0 count=0 fps=27.8
total took 35.62 ms
PV04 t_ms=1902697 target=0 count=0 fps=28.6
total took 34.95 ms
PV04 t_ms=1902732 target=0 count=0 fps=28.6
total took 34.58 ms
PV04 t_ms=1902767 target=0 count=0 fps=28.6
total took 36.57 ms
PV04 t_ms=1902802 target=0 count=0 fps=28.6
total took 35.14 ms
PV04 t_ms=1902840 target=0 count=0 fps=26.3
total took 36.36 ms
PV04 t_ms=1902875 target=0 count=0 fps=28.6
total took 34.46 ms
PV04 t_ms=1902910 target=0 count=0 fps=28.6
total took 35.28 ms
PV04 t_ms=1902944 target=0 count=0 fps=29.4
total took 33.39 ms
PV04 t_ms=1902979 target=0 count=0 fps=28.6
total took 36.11 ms
PV04 t_ms=1903016 target=0 count=0 fps=27.0
total took 36.19 ms
PV04 t_ms=1903052 target=0 count=0 fps=27.8
total took 35.17 ms
PV04 t_ms=1903087 target=0 count=0 fps=28.6
total took 35.28 ms
PV04 t_ms=1903122 target=0 count=0 fps=28.6
total took 34.66 ms
PV04 t_ms=1903157 target=0 count=0 fps=28.6
total took 35.40 ms
PV04 t_ms=1903192 target=0 count=0 fps=28.6
total took 34.57 ms
PV04 t_ms=1903227 target=0 count=0 fps=28.6
total took 35.23 ms
PV04 t_ms=1903264 target=0 count=0 fps=27.0
total took 36.28 ms
PV04 t_ms=1903314 target=0 count=0 fps=20.0
total took 51.42 ms
PV04 t_ms=1903337 target=0 count=0 fps=43.5
total took 21.84 ms
PV04 t_ms=1903369 target=0 count=0 fps=31.3
total took 32.13 ms
PV04 t_ms=1903404 target=0 count=0 fps=28.6
total took 34.66 ms
PV04 t_ms=1903441 target=0 count=0 fps=27.0
total took 36.47 ms
PV04 t_ms=1903475 target=0 count=0 fps=29.4
total took 34.26 ms
PV04 t_ms=1903512 target=0 count=0 fps=27.0
total took 36.57 ms
PV04 t_ms=1903548 target=0 count=0 fps=27.8
total took 36.03 ms
PV04 t_ms=1903582 target=0 count=0 fps=29.4
total took 34.46 ms
PV04 t_ms=1903616 target=0 count=0 fps=29.4
total took 33.53 ms
PV04 t_ms=1903652 target=0 count=0 fps=27.8
total took 35.69 ms
PV04 t_ms=1903689 target=0 count=0 fps=27.0
total took 36.65 ms
PV04 t_ms=1903723 target=0 count=0 fps=29.4
total took 33.98 ms
PV04 t_ms=1903759 target=0 count=0 fps=27.8
total took 36.50 ms
PV04 t_ms=1903794 target=0 count=0 fps=28.6
total took 35.09 ms
PV04 t_ms=1903844 target=0 count=0 fps=20.0
total took 50.98 ms
PV04 t_ms=1903869 target=1 count=1 x=922 y=517 w=297 h=390 cx=1070.5 cy=712.0 fps=40.0
total took 23.17 ms
PV04 t_ms=1903900 target=0 count=0 fps=32.3
total took 31.37 ms
PV04 t_ms=1903935 target=0 count=0 fps=28.6
total took 34.78 ms
PV04 t_ms=1903970 target=0 count=0 fps=28.6
total took 35.46 ms
PV04 t_ms=1904007 target=0 count=0 fps=27.0
total took 36.75 ms
PV04 t_ms=1904043 target=0 count=0 fps=27.8
total took 35.30 ms
PV04 t_ms=1904079 target=1 count=1 x=959 y=219 w=296 h=343 cx=1107.0 cy=390.5 fps=27.8
total took 36.24 ms
PV04 t_ms=1904113 target=1 count=1 x=929 y=182 w=329 h=397 cx=1093.5 cy=380.5 fps=29.4
total took 35.32 ms
PV04 t_ms=1904147 target=1 count=1 x=938 y=186 w=288 h=353 cx=1082.0 cy=362.5 fps=29.4
total took 34.70 ms
PV04 t_ms=1904183 target=1 count=1 x=933 y=165 w=288 h=353 cx=1077.0 cy=341.5 fps=27.8
total took 35.09 ms
PV04 t_ms=1904220 target=1 count=1 x=923 y=146 w=285 h=365 cx=1065.5 cy=328.5 fps=27.0
total took 35.54 ms
PV04 t_ms=1904256 target=1 count=1 x=921 y=146 w=290 h=374 cx=1066.0 cy=333.0 fps=27.8
total took 35.62 ms
PV04 t_ms=1904291 target=1 count=1 x=917 y=144 w=299 h=385 cx=1066.5 cy=336.5 fps=28.6
total took 34.83 ms
PV04 t_ms=1904324 target=1 count=1 x=914 y=140 w=304 h=385 cx=1066.0 cy=332.5 fps=30.3
total took 33.62 ms
PV04 t_ms=1904376 target=1 count=1 x=918 y=153 w=293 h=361 cx=1064.5 cy=333.5 fps=19.2
total took 53.74 ms
PV04 t_ms=1904401 target=1 count=1 x=914 y=169 w=309 h=394 cx=1068.5 cy=366.0 fps=40.0
total took 22.36 ms
PV04 t_ms=1904431 target=0 count=0 fps=33.3
total took 29.88 ms
PV04 t_ms=1904466 target=0 count=0 fps=28.6
total took 34.53 ms
PV04 t_ms=1904501 target=0 count=0 fps=28.6
total took 37.11 ms
PV04 t_ms=1904537 target=0 count=0 fps=27.8
total took 35.75 ms
PV04 t_ms=1904572 target=0 count=0 fps=28.6
total took 35.36 ms
PV04 t_ms=1904609 target=0 count=0 fps=27.0
total took 34.06 ms
PV04 t_ms=1904643 target=1 count=1 x=908 y=174 w=324 h=405 cx=1070.0 cy=376.5 fps=29.4
total took 34.83 ms
PV04 t_ms=1904679 target=1 count=1 x=899 y=162 w=340 h=424 cx=1069.0 cy=374.0 fps=27.8
total took 37.02 ms
PV04 t_ms=1904714 target=1 count=1 x=879 y=149 w=369 h=443 cx=1063.5 cy=370.5 fps=28.6
total took 33.65 ms
PV04 t_ms=1904750 target=1 count=1 x=874 y=136 w=355 h=458 cx=1051.5 cy=365.0 fps=27.8
total took 36.38 ms
PV04 t_ms=1904786 target=1 count=1 x=881 y=157 w=342 h=445 cx=1052.0 cy=379.5 fps=27.8
total took 34.92 ms
PV04 t_ms=1904821 target=1 count=1 x=904 y=205 w=306 h=393 cx=1057.0 cy=401.5 fps=28.6
total took 35.35 ms
PV04 t_ms=1904857 target=1 count=1 x=883 y=187 w=337 h=423 cx=1051.5 cy=398.5 fps=27.8
total took 36.08 ms
PV04 t_ms=1904892 target=0 count=0 fps=28.6
total took 34.05 ms
PV04 t_ms=1904929 target=0 count=0 fps=27.0
total took 37.11 ms
PV04 t_ms=1904963 target=0 count=0 fps=29.4
total took 33.65 ms
PV04 t_ms=1904998 target=1 count=1 x=870 y=258 w=301 h=349 cx=1020.5 cy=432.5 fps=28.6
total took 35.67 ms
PV04 t_ms=1905032 target=0 count=0 fps=29.4
total took 33.90 ms
PV04 t_ms=1905067 target=0 count=0 fps=28.6
total took 34.79 ms
PV04 t_ms=1905103 target=1 count=1 x=841 y=188 w=333 h=403 cx=1007.5 cy=389.5 fps=27.8
total took 37.74 ms
PV04 t_ms=1905138 target=1 count=1 x=833 y=183 w=340 h=413 cx=1003.0 cy=389.5 fps=28.6
total took 34.68 ms
PV04 t_ms=1905174 target=1 count=1 x=838 y=198 w=334 h=394 cx=1005.0 cy=395.0 fps=27.8
total took 33.94 ms
PV04 t_ms=1905209 target=0 count=0 fps=28.6
total took 34.78 ms
PV04 t_ms=1905244 target=0 count=0 fps=28.6
total took 35.40 ms
PV04 t_ms=1905280 target=0 count=0 fps=27.8
total took 36.67 ms
PV04 t_ms=1905315 target=0 count=0 fps=28.6
total took 36.12 ms
PV04 t_ms=1905351 target=0 count=0 fps=27.8
total took 35.02 ms
PV04 t_ms=1905386 target=1 count=1 x=825 y=169 w=325 h=398 cx=987.5 cy=368.0 fps=28.6
total took 33.78 ms
PV04 t_ms=1905422 target=0 count=0 fps=27.8
total took 34.95 ms
PV04 t_ms=1905457 target=0 count=0 fps=28.6
total took 35.13 ms
PV04 t_ms=1905492 target=0 count=0 fps=28.6
total took 36.62 ms
PV04 t_ms=1905528 target=1 count=1 x=824 y=165 w=327 h=393 cx=987.5 cy=361.5 fps=27.8
total took 36.03 ms
PV04 t_ms=1905565 target=0 count=0 fps=27.0
total took 35.97 ms
PV04 t_ms=1905600 target=0 count=0 fps=28.6
total took 34.61 ms
PV04 t_ms=1905636 target=0 count=0 fps=27.8
total took 35.26 ms
PV04 t_ms=1905669 target=0 count=0 fps=30.3
total took 33.16 ms
PV04 t_ms=1905704 target=0 count=0 fps=28.6
total took 36.96 ms
PV04 t_ms=1905740 target=1 count=1 x=832 y=168 w=328 h=400 cx=996.0 cy=368.0 fps=27.8
total took 34.76 ms
PV04 t_ms=1905777 target=0 count=0 fps=27.0
total took 36.13 ms
PV04 t_ms=1905813 target=0 count=0 fps=27.8
total took 35.68 ms
PV04 t_ms=1905846 target=1 count=1 x=823 y=173 w=330 h=416 cx=988.0 cy=381.0 fps=30.3
total took 33.61 ms
PV04 t_ms=1905882 target=1 count=1 x=811 y=179 w=346 h=435 cx=984.0 cy=396.5 fps=27.8
total took 37.26 ms
PV04 t_ms=1905917 target=1 count=1 x=841 y=240 w=307 h=384 cx=994.5 cy=432.0 fps=28.6
total took 34.91 ms
PV04 t_ms=1905968 target=1 count=1 x=846 y=288 w=283 h=350 cx=987.5 cy=463.0 fps=19.6
total took 51.31 ms
PV04 t_ms=1905993 target=1 count=1 x=844 y=273 w=287 h=361 cx=987.5 cy=453.5 fps=40.0
total took 22.55 ms
PV04 t_ms=1906023 target=0 count=0 fps=33.3
total took 29.10 ms
PV04 t_ms=1906058 target=0 count=0 fps=28.6
total took 35.76 ms
PV04 t_ms=1906094 target=1 count=1 x=841 y=241 w=308 h=388 cx=995.0 cy=435.0 fps=27.8
total took 37.79 ms
PV04 t_ms=1906130 target=1 count=1 x=838 y=213 w=326 h=420 cx=1001.0 cy=423.0 fps=27.8
total took 33.56 ms
PV04 t_ms=1906166 target=0 count=0 fps=27.8
total took 35.55 ms
PV04 t_ms=1906200 target=0 count=0 fps=29.4
total took 34.46 ms
PV04 t_ms=1906237 target=1 count=1 x=886 y=284 w=276 h=333 cx=1024.0 cy=450.5 fps=27.0
total took 37.01 ms
PV04 t_ms=1906271 target=0 count=0 fps=29.4
total took 35.12 ms
PV04 t_ms=1906307 target=1 count=1 x=875 y=265 w=287 h=360 cx=1018.5 cy=445.0 fps=27.8
total took 34.39 ms
PV04 t_ms=1906343 target=1 count=1 x=872 y=262 w=303 h=380 cx=1023.5 cy=452.0 fps=27.8
total took 35.86 ms
PV04 t_ms=1906377 target=0 count=0 fps=29.4
total took 34.18 ms
PV04 t_ms=1906413 target=0 count=0 fps=27.8
total took 35.10 ms
PV04 t_ms=1906448 target=1 count=1 x=859 y=246 w=291 h=373 cx=1004.5 cy=432.5 fps=28.6
total took 35.83 ms
PV04 t_ms=1906483 target=0 count=0 fps=28.6
total took 35.97 ms
PV04 t_ms=1906519 target=1 count=1 x=861 y=251 w=300 h=369 cx=1011.0 cy=435.5 fps=27.8
total took 35.58 ms
PV04 t_ms=1906555 target=1 count=1 x=848 y=228 w=315 h=398 cx=1005.5 cy=427.0 fps=27.8
total took 35.72 ms
PV04 t_ms=1906592 target=1 count=1 x=859 y=238 w=302 h=389 cx=1010.0 cy=432.5 fps=27.0
total took 35.92 ms
PV04 t_ms=1906627 target=1 count=1 x=862 y=255 w=282 h=360 cx=1003.0 cy=435.0 fps=28.6
total took 35.11 ms
PV04 t_ms=1906660 target=0 count=0 fps=30.3
total took 33.98 ms
PV04 t_ms=1906696 target=1 count=1 x=852 y=248 w=292 h=377 cx=998.0 cy=436.5 fps=27.8
total took 37.01 ms
PV04 t_ms=1906731 target=0 count=0 fps=28.6
total took 34.11 ms
PV04 t_ms=1906768 target=0 count=0 fps=27.0
total took 35.49 ms
PV04 t_ms=1906804 target=0 count=0 fps=27.8
total took 35.55 ms
PV04 t_ms=1906837 target=0 count=0 fps=30.3
total took 32.91 ms
PV04 t_ms=1906873 target=0 count=0 fps=27.8
total took 36.76 ms
PV04 t_ms=1906908 target=1 count=1 x=882 y=295 w=269 h=341 cx=1016.5 cy=465.5 fps=28.6
total took 35.80 ms
PV04 t_ms=1906945 target=1 count=1 x=905 y=353 w=236 h=279 cx=1023.0 cy=492.5 fps=27.0
total took 35.68 ms
PV04 t_ms=1906979 target=1 count=1 x=883 y=282 w=263 h=344 cx=1014.5 cy=454.0 fps=29.4
total took 33.27 ms
PV04 t_ms=1907014 target=0 count=0 fps=28.6
total took 34.93 ms
PV04 t_ms=1907050 target=0 count=0 fps=27.8
total took 35.37 ms
PV04 t_ms=1907085 target=0 count=0 fps=28.6
total took 37.48 ms
PV04 t_ms=1907120 target=0 count=0 fps=28.6
total took 35.06 ms
PV04 t_ms=1907158 target=1 count=1 x=883 y=261 w=281 h=381 cx=1023.5 cy=451.5 fps=26.3
total took 35.91 ms
PV04 t_ms=1907191 target=1 count=1 x=878 y=265 w=283 h=366 cx=1019.5 cy=448.0 fps=30.3
total took 33.10 ms
PV04 t_ms=1907227 target=1 count=1 x=882 y=270 w=287 h=363 cx=1025.5 cy=451.5 fps=27.8
total took 35.48 ms
PV04 t_ms=1907262 target=1 count=1 x=887 y=264 w=279 h=373 cx=1026.5 cy=450.5 fps=28.6
total took 36.51 ms
PV04 t_ms=1907297 target=1 count=1 x=867 y=224 w=299 h=398 cx=1016.5 cy=423.0 fps=28.6
total took 35.72 ms
PV04 t_ms=1907333 target=0 count=0 fps=27.8
total took 34.73 ms
PV04 t_ms=1907370 target=1 count=1 x=886 y=271 w=277 h=354 cx=1024.5 cy=448.0 fps=27.0
total took 36.14 ms
PV04 t_ms=1907404 target=0 count=0 fps=29.4
total took 32.82 ms
PV04 t_ms=1907439 target=0 count=0 fps=28.6
total took 35.15 ms
PV04 t_ms=1907474 target=0 count=0 fps=28.6
total took 36.89 ms
PV04 t_ms=1907510 target=0 count=0 fps=27.8
total took 34.61 ms
PV04 t_ms=1907547 target=0 count=0 fps=27.0
total took 36.62 ms
PV04 t_ms=1907581 target=0 count=0 fps=29.4
total took 33.08 ms
PV04 t_ms=1907616 target=1 count=1 x=868 y=270 w=286 h=369 cx=1011.0 cy=454.5 fps=28.6
total took 35.49 ms
PV04 t_ms=1907651 target=0 count=0 fps=28.6
total took 36.13 ms
PV04 t_ms=1907687 target=0 count=0 fps=27.8
total took 36.28 ms
PV04 t_ms=1907722 target=0 count=0 fps=28.6
total took 34.67 ms
PV04 t_ms=1907759 target=0 count=0 fps=27.0
total took 35.98 ms
PV04 t_ms=1907795 target=0 count=0 fps=27.8
total took 35.51 ms
PV04 t_ms=1907828 target=0 count=0 fps=30.3
total took 32.68 ms
PV04 t_ms=1907864 target=0 count=0 fps=27.8
total took 37.11 ms
PV04 t_ms=1907899 target=0 count=0 fps=28.6
total took 34.89 ms
PV04 t_ms=1907936 target=0 count=0 fps=27.0
total took 36.41 ms
PV04 t_ms=1907972 target=0 count=0 fps=27.8
total took 35.39 ms
PV04 t_ms=1908005 target=0 count=0 fps=30.3
total took 33.09 ms
PV04 t_ms=1908040 target=1 count=1 x=817 y=223 w=329 h=426 cx=981.5 cy=436.0 fps=28.6
total took 36.61 ms
PV04 t_ms=1908076 target=1 count=1 x=829 y=231 w=321 h=415 cx=989.5 cy=438.5 fps=27.8
total took 36.29 ms
PV04 t_ms=1908112 target=1 count=1 x=838 y=250 w=307 h=388 cx=991.5 cy=444.0 fps=27.8
total took 35.06 ms
PV04 t_ms=1908149 target=1 count=1 x=836 y=245 w=317 h=394 cx=994.5 cy=442.0 fps=27.0
total took 35.53 ms
PV04 t_ms=1908184 target=1 count=1 x=829 y=243 w=316 h=396 cx=987.0 cy=441.0 fps=28.6
total took 34.99 ms
PV04 t_ms=1908218 target=1 count=1 x=840 y=252 w=294 h=383 cx=987.0 cy=443.5 fps=29.4
total took 33.30 ms
PV04 t_ms=1908253 target=1 count=1 x=841 y=279 w=281 h=351 cx=981.5 cy=454.5 fps=28.6
total took 37.14 ms
PV04 t_ms=1908289 target=1 count=1 x=836 y=274 w=284 h=354 cx=978.0 cy=451.0 fps=27.8
total took 34.83 ms
PV04 t_ms=1908325 target=1 count=1 x=832 y=256 w=297 h=383 cx=980.5 cy=447.5 fps=27.8
total took 35.72 ms
PV04 t_ms=1908362 target=1 count=1 x=841 y=282 w=279 h=358 cx=980.5 cy=461.0 fps=27.0
total took 35.78 ms
PV04 t_ms=1908395 target=1 count=1 x=837 y=286 w=289 h=369 cx=981.5 cy=470.5 fps=30.3
total took 32.96 ms
PV04 t_ms=1908430 target=1 count=1 x=838 y=277 w=292 h=377 cx=984.0 cy=465.5 fps=28.6
total took 36.53 ms
PV04 t_ms=1908465 target=1 count=1 x=837 y=288 w=316 h=375 cx=995.0 cy=475.5 fps=28.6
total took 35.93 ms
PV04 t_ms=1908501 target=1 count=1 x=815 y=267 w=344 h=407 cx=987.0 cy=470.5 fps=27.8
total took 35.24 ms
PV04 t_ms=1908538 target=1 count=1 x=825 y=278 w=329 h=395 cx=989.5 cy=475.5 fps=27.0
total took 35.56 ms
PV04 t_ms=1908574 target=1 count=1 x=824 y=284 w=327 h=388 cx=987.5 cy=478.0 fps=27.8
total took 35.56 ms
PV04 t_ms=1908608 target=1 count=1 x=835 y=308 w=316 h=376 cx=993.0 cy=496.0 fps=29.4
total took 34.39 ms
PV04 t_ms=1908642 target=1 count=1 x=832 y=305 w=311 h=377 cx=987.5 cy=493.5 fps=29.4
total took 35.15 ms
PV04 t_ms=1908678 target=0 count=0 fps=27.8
total took 35.11 ms
PV04 t_ms=1908714 target=0 count=0 fps=27.8
total took 35.20 ms
PV04 t_ms=1908750 target=0 count=0 fps=27.8
total took 35.60 ms
PV04 t_ms=1908786 target=1 count=1 x=849 y=583 w=253 h=326 cx=975.5 cy=746.0 fps=27.8
total took 35.68 ms
PV04 t_ms=1908821 target=0 count=0 fps=28.6
total took 34.31 ms
PV04 t_ms=1908855 target=0 count=0 fps=29.4
total took 34.54 ms
PV04 t_ms=1908890 target=1 count=1 x=793 y=592 w=336 h=423 cx=961.0 cy=803.5 fps=28.6
total took 35.87 ms
PV04 t_ms=1908927 target=0 count=0 fps=27.0
total took 36.14 ms
PV04 t_ms=1908965 target=0 count=0 fps=26.3
total took 37.33 ms
PV04 t_ms=1908998 target=0 count=0 fps=30.3
total took 32.74 ms
PV04 t_ms=1909032 target=1 count=1 x=579 y=411 w=583 h=669 cx=870.5 cy=745.5 fps=29.4
total took 35.10 ms
PV04 t_ms=1909068 target=0 count=0 fps=27.8
total took 35.34 ms
PV04 t_ms=1909104 target=0 count=0 fps=27.8
total took 35.19 ms
PV04 t_ms=1909155 target=1 count=1 x=803 y=604 w=331 h=403 cx=968.5 cy=805.5 fps=19.6
total took 54.23 ms
PV04 t_ms=1909180 target=0 count=0 fps=40.0
total took 23.95 ms
PV04 t_ms=1909209 target=0 count=0 fps=34.5
total took 26.41 ms
PV04 t_ms=1909244 target=1 count=1 x=807 y=600 w=328 h=405 cx=971.0 cy=802.5 fps=28.6
total took 37.48 ms
PV04 t_ms=1909279 target=1 count=1 x=812 y=614 w=319 h=398 cx=971.5 cy=813.0 fps=28.6
total took 34.46 ms
PV04 t_ms=1909316 target=0 count=0 fps=27.0
total took 36.11 ms
PV04 t_ms=1909353 target=0 count=0 fps=27.0
total took 35.52 ms
PV04 t_ms=1909386 target=1 count=1 x=836 y=638 w=285 h=348 cx=978.5 cy=812.0 fps=30.3
total took 33.20 ms
PV04 t_ms=1909421 target=1 count=1 x=835 y=637 w=283 h=344 cx=976.5 cy=809.0 fps=28.6
total took 37.17 ms
PV04 t_ms=1909456 target=0 count=0 fps=28.6
total took 35.42 ms
PV04 t_ms=1909492 target=0 count=0 fps=27.8
total took 32.92 ms
PV04 t_ms=1909528 target=1 count=1 x=872 y=635 w=355 h=445 cx=1049.5 cy=857.5 fps=27.8
total took 36.38 ms
PV04 t_ms=1909562 target=0 count=0 fps=29.4
total took 33.99 ms
PV04 t_ms=1909598 target=1 count=1 x=913 y=689 w=424 h=391 cx=1125.0 cy=884.5 fps=27.8
total took 35.85 ms
PV04 t_ms=1909633 target=1 count=1 x=938 y=709 w=398 h=371 cx=1137.0 cy=894.5 fps=28.6
total took 37.30 ms
PV04 t_ms=1909669 target=1 count=1 x=979 y=692 w=407 h=388 cx=1182.5 cy=886.0 fps=27.8
total took 34.53 ms
PV04 t_ms=1909706 target=1 count=1 x=1003 y=629 w=478 h=451 cx=1242.0 cy=854.5 fps=27.0
total took 35.72 ms
PV04 t_ms=1909741 target=0 count=0 fps=28.6
total took 35.10 ms
PV04 t_ms=1909777 target=1 count=1 x=1165 y=547 w=480 h=352 cx=1405.0 cy=723.0 fps=27.8
total took 35.91 ms
PV04 t_ms=1909810 target=1 count=1 x=1228 y=506 w=424 h=365 cx=1440.0 cy=688.5 fps=30.3
total took 34.45 ms
PV04 t_ms=1909846 target=0 count=0 fps=27.8
total took 35.74 ms
PV04 t_ms=1909881 target=1 count=1 x=1232 y=431 w=404 h=321 cx=1434.0 cy=591.5 fps=28.6
total took 35.06 ms
PV04 t_ms=1909917 target=1 count=1 x=1272 y=336 w=417 h=368 cx=1480.5 cy=520.0 fps=27.8
total took 33.82 ms
PV04 t_ms=1909952 target=1 count=1 x=1308 y=301 w=363 h=361 cx=1489.5 cy=481.5 fps=28.6
total took 35.22 ms
PV04 t_ms=1909987 target=0 count=0 fps=28.6
total took 34.66 ms
PV04 t_ms=1910023 target=1 count=1 x=1264 y=203 w=518 h=391 cx=1523.0 cy=398.5 fps=27.8
total took 37.19 ms
PV04 t_ms=1910058 target=1 count=1 x=1361 y=235 w=433 h=362 cx=1577.5 cy=416.0 fps=28.6
total took 35.02 ms
PV04 t_ms=1910095 target=1 count=1 x=1370 y=90 w=522 h=422 cx=1631.0 cy=301.0 fps=27.0
total took 35.70 ms
PV04 t_ms=1910131 target=1 count=1 x=1301 y=97 w=529 h=392 cx=1565.5 cy=293.0 fps=27.8
total took 35.87 ms
PV04 t_ms=1910164 target=1 count=1 x=1365 y=47 w=490 h=397 cx=1610.0 cy=245.5 fps=30.3
total took 32.97 ms
PV04 t_ms=1910217 target=1 count=1 x=1275 y=7 w=525 h=398 cx=1537.5 cy=206.0 fps=18.9
total took 53.65 ms
PV04 t_ms=1910242 target=1 count=1 x=1226 y=0 w=562 h=377 cx=1507.0 cy=188.5 fps=40.0
total took 24.68 ms
PV04 t_ms=1910270 target=1 count=1 x=1200 y=0 w=557 h=366 cx=1478.5 cy=183.0 fps=35.7
total took 27.06 ms
PV04 t_ms=1910306 target=1 count=1 x=1253 y=0 w=482 h=352 cx=1494.0 cy=176.0 fps=27.8
total took 36.22 ms
PV04 t_ms=1910341 target=0 count=0 fps=28.6
total took 34.00 ms
PV04 t_ms=1910376 target=0 count=0 fps=28.6
total took 35.35 ms
PV04 t_ms=1910412 target=0 count=0 fps=27.8
total took 37.32 ms
PV04 t_ms=1910447 target=0 count=0 fps=28.6
total took 33.65 ms
PV04 t_ms=1910484 target=0 count=0 fps=27.0
total took 36.21 ms
PV04 t_ms=1910519 target=1 count=1 x=1135 y=0 w=436 h=293 cx=1353.0 cy=146.5 fps=28.6
total took 35.70 ms
PV04 t_ms=1910553 target=0 count=0 fps=29.4
total took 33.81 ms
PV04 t_ms=1910589 target=0 count=0 fps=27.8
total took 35.48 ms
PV04 t_ms=1910625 target=1 count=1 x=1106 y=0 w=434 h=334 cx=1323.0 cy=167.0 fps=27.8
total took 38.25 ms
PV04 t_ms=1910660 target=1 count=1 x=1110 y=3 w=443 h=363 cx=1331.5 cy=184.5 fps=28.6
total took 34.93 ms
PV04 t_ms=1910697 target=1 count=1 x=1109 y=0 w=428 h=357 cx=1323.0 cy=178.5 fps=27.0
total took 35.40 ms
PV04 t_ms=1910731 target=1 count=1 x=1105 y=0 w=406 h=365 cx=1308.0 cy=182.5 fps=29.4
total took 32.89 ms
PV04 t_ms=1910766 target=1 count=1 x=1100 y=0 w=448 h=386 cx=1324.0 cy=193.0 fps=28.6
total took 35.36 ms
PV04 t_ms=1910801 target=1 count=1 x=1075 y=14 w=444 h=398 cx=1297.0 cy=213.0 fps=28.6
total took 36.73 ms
PV04 t_ms=1910837 target=1 count=1 x=1044 y=33 w=436 h=391 cx=1262.0 cy=228.5 fps=27.8
total took 36.03 ms
PV04 t_ms=1910872 target=1 count=1 x=1006 y=19 w=467 h=389 cx=1239.5 cy=213.5 fps=28.6
total took 34.82 ms
PV04 t_ms=1910909 target=1 count=1 x=993 y=22 w=462 h=393 cx=1224.0 cy=218.5 fps=27.0
total took 35.80 ms
PV04 t_ms=1910943 target=1 count=1 x=1010 y=20 w=430 h=431 cx=1225.0 cy=235.5 fps=29.4
total took 32.96 ms
PV04 t_ms=1910978 target=1 count=1 x=1001 y=43 w=422 h=448 cx=1212.0 cy=267.0 fps=28.6
total took 35.82 ms
PV04 t_ms=1911014 target=1 count=1 x=969 y=53 w=439 h=461 cx=1188.5 cy=283.5 fps=27.8
total took 35.14 ms
PV04 t_ms=1911049 target=1 count=1 x=991 y=62 w=344 h=392 cx=1163.0 cy=258.0 fps=28.6
total took 34.65 ms
PV04 t_ms=1911086 target=1 count=1 x=921 y=0 w=421 h=441 cx=1131.5 cy=220.5 fps=27.0
total took 36.23 ms
PV04 t_ms=1911122 target=0 count=0 fps=27.8
total took 34.74 ms
PV04 t_ms=1911155 target=0 count=0 fps=30.3
total took 33.26 ms
PV04 t_ms=1911191 target=1 count=1 x=814 y=258 w=357 h=418 cx=992.5 cy=467.0 fps=27.8
total took 37.39 ms
PV04 t_ms=1911226 target=1 count=1 x=758 y=278 w=404 h=440 cx=960.0 cy=498.0 fps=28.6
total took 36.08 ms
PV04 t_ms=1911277 target=1 count=1 x=712 y=328 w=416 h=471 cx=920.0 cy=563.5 fps=19.6
total took 51.85 ms
PV04 t_ms=1911303 target=1 count=1 x=656 y=365 w=429 h=423 cx=870.5 cy=576.5 fps=38.5
total took 22.55 ms
PV04 t_ms=1911332 target=1 count=1 x=629 y=361 w=451 h=441 cx=854.5 cy=581.5 fps=34.5
total took 29.45 ms
PV04 t_ms=1911368 target=1 count=1 x=633 y=407 w=419 h=437 cx=842.5 cy=625.5 fps=27.8
total took 35.22 ms
PV04 t_ms=1911403 target=1 count=1 x=609 y=455 w=443 h=407 cx=830.5 cy=658.5 fps=28.6
total took 36.65 ms
PV04 t_ms=1911439 target=1 count=1 x=618 y=500 w=421 h=392 cx=828.5 cy=696.0 fps=27.8
total took 34.86 ms
PV04 t_ms=1911475 target=1 count=1 x=639 y=554 w=417 h=377 cx=847.5 cy=742.5 fps=27.8
total took 35.16 ms
PV04 t_ms=1911510 target=1 count=1 x=606 y=580 w=452 h=343 cx=832.0 cy=751.5 fps=28.6
total took 35.34 ms
PV04 t_ms=1911545 target=1 count=1 x=651 y=516 w=399 h=325 cx=850.5 cy=678.5 fps=28.6
total took 34.60 ms
PV04 t_ms=1911582 target=1 count=1 x=699 y=490 w=307 h=377 cx=852.5 cy=678.5 fps=27.0
total took 38.28 ms
PV04 t_ms=1911615 target=1 count=1 x=655 y=480 w=374 h=417 cx=842.0 cy=688.5 fps=30.3
total took 33.64 ms
PV04 t_ms=1911650 target=1 count=1 x=658 y=574 w=314 h=383 cx=815.0 cy=765.5 fps=28.6
total took 33.11 ms
PV04 t_ms=1911686 target=1 count=1 x=611 y=574 w=381 h=416 cx=801.5 cy=782.0 fps=27.8
total took 35.70 ms
PV04 t_ms=1911722 target=1 count=1 x=596 y=582 w=349 h=392 cx=770.5 cy=778.0 fps=27.8
total took 35.75 ms
PV04 t_ms=1911757 target=1 count=1 x=588 y=592 w=338 h=376 cx=757.0 cy=780.0 fps=28.6
total took 34.50 ms
PV04 t_ms=1911809 target=1 count=1 x=563 y=606 w=357 h=381 cx=741.5 cy=796.5 fps=19.2
total took 54.03 ms
PV04 t_ms=1911834 target=1 count=1 x=588 y=624 w=340 h=372 cx=758.0 cy=810.0 fps=40.0
total took 22.90 ms
PV04 t_ms=1911864 target=1 count=1 x=610 y=630 w=322 h=358 cx=771.0 cy=809.0 fps=33.3
total took 30.20 ms
PV04 t_ms=1911900 target=1 count=1 x=625 y=624 w=324 h=369 cx=787.0 cy=808.5 fps=27.8
total took 35.17 ms
PV04 t_ms=1911934 target=1 count=1 x=650 y=629 w=333 h=383 cx=816.5 cy=820.5 fps=29.4
total took 34.42 ms
PV04 t_ms=1911969 target=1 count=1 x=690 y=617 w=314 h=371 cx=847.0 cy=802.5 fps=28.6
total took 36.65 ms
PV04 t_ms=1912005 target=1 count=1 x=716 y=602 w=305 h=366 cx=868.5 cy=785.0 fps=27.8
total took 36.19 ms
PV04 t_ms=1912041 target=1 count=1 x=733 y=598 w=298 h=361 cx=882.0 cy=778.5 fps=27.8
total took 34.05 ms
PV04 t_ms=1912077 target=1 count=1 x=738 y=581 w=299 h=371 cx=887.5 cy=766.5 fps=27.8
total took 35.27 ms
PV04 t_ms=1912112 target=1 count=1 x=748 y=572 w=299 h=371 cx=897.5 cy=757.5 fps=28.6
total took 35.16 ms
PV04 t_ms=1912146 target=1 count=1 x=755 y=580 w=306 h=366 cx=908.0 cy=763.0 fps=29.4
total took 34.27 ms
PV04 t_ms=1912182 target=1 count=1 x=764 y=554 w=322 h=388 cx=925.0 cy=748.0 fps=27.8
total took 35.70 ms
PV04 t_ms=1912218 target=1 count=1 x=780 y=537 w=320 h=396 cx=940.0 cy=735.0 fps=27.8
total took 35.96 ms
PV04 t_ms=1912254 target=1 count=1 x=783 y=549 w=309 h=377 cx=937.5 cy=737.5 fps=27.8
total took 35.43 ms
PV04 t_ms=1912288 target=1 count=1 x=788 y=525 w=304 h=371 cx=940.0 cy=710.5 fps=29.4
total took 34.44 ms
PV04 t_ms=1912340 target=1 count=1 x=797 y=504 w=305 h=364 cx=949.5 cy=686.0 fps=19.2
total took 52.40 ms
PV04 t_ms=1912364 target=1 count=1 x=812 y=502 w=301 h=363 cx=962.5 cy=683.5 fps=41.7
total took 23.29 ms
PV04 t_ms=1912394 target=1 count=1 x=820 y=508 w=299 h=364 cx=969.5 cy=690.0 fps=33.3
total took 30.34 ms
PV04 t_ms=1912429 target=1 count=1 x=820 y=500 w=298 h=361 cx=969.0 cy=680.5 fps=28.6
total took 35.75 ms
PV04 t_ms=1912467 target=1 count=1 x=799 y=476 w=307 h=377 cx=952.5 cy=664.5 fps=26.3
total took 36.23 ms
PV04 t_ms=1912502 target=1 count=1 x=762 y=461 w=328 h=399 cx=926.0 cy=660.5 fps=28.6
total took 35.51 ms
PV04 t_ms=1912538 target=1 count=1 x=728 y=462 w=312 h=396 cx=884.0 cy=660.0 fps=27.8
total took 35.27 ms
PV04 t_ms=1912572 target=1 count=1 x=689 y=487 w=316 h=381 cx=847.0 cy=677.5 fps=29.4
total took 34.26 ms
PV04 t_ms=1912607 target=1 count=1 x=636 y=485 w=321 h=398 cx=796.5 cy=684.0 fps=28.6
total took 36.39 ms
PV04 t_ms=1912644 target=1 count=1 x=590 y=502 w=324 h=397 cx=752.0 cy=700.5 fps=27.0
total took 35.85 ms
PV04 t_ms=1912679 target=1 count=1 x=542 y=508 w=327 h=404 cx=705.5 cy=710.0 fps=28.6
total took 34.71 ms
PV04 t_ms=1912715 target=1 count=1 x=491 y=493 w=337 h=412 cx=659.5 cy=699.0 fps=27.8
total took 35.11 ms
PV04 t_ms=1912750 target=1 count=1 x=457 y=512 w=338 h=405 cx=626.0 cy=714.5 fps=28.6
total took 35.04 ms
PV04 t_ms=1912783 target=1 count=1 x=400 y=525 w=340 h=425 cx=570.0 cy=737.5 fps=30.3
total took 35.55 ms
PV04 t_ms=1912819 target=1 count=1 x=354 y=537 w=347 h=413 cx=527.5 cy=743.5 fps=27.8
total took 34.34 ms
PV04 t_ms=1912872 target=1 count=1 x=319 y=506 w=353 h=410 cx=495.5 cy=711.0 fps=18.9
total took 54.06 ms
PV04 t_ms=1912897 target=1 count=1 x=292 y=501 w=349 h=431 cx=466.5 cy=716.5 fps=40.0
total took 23.91 ms
PV04 t_ms=1912925 target=1 count=1 x=275 y=501 w=361 h=445 cx=455.5 cy=723.5 fps=35.7
total took 27.09 ms
PV04 t_ms=1912960 target=1 count=1 x=265 y=524 w=357 h=438 cx=443.5 cy=743.0 fps=28.6
total took 36.67 ms
PV04 t_ms=1912996 target=1 count=1 x=241 y=530 w=369 h=432 cx=425.5 cy=746.0 fps=27.8
total took 36.08 ms
PV04 t_ms=1913031 target=1 count=1 x=215 y=511 w=377 h=448 cx=403.5 cy=735.0 fps=28.6
total took 34.69 ms
PV04 t_ms=1913068 target=1 count=1 x=210 y=521 w=373 h=446 cx=396.5 cy=744.0 fps=27.0
total took 35.68 ms
PV04 t_ms=1913102 target=1 count=1 x=206 y=530 w=369 h=443 cx=390.5 cy=751.5 fps=29.4
total took 32.95 ms
PV04 t_ms=1913137 target=1 count=1 x=197 y=528 w=360 h=443 cx=377.0 cy=749.5 fps=28.6
total took 35.36 ms
PV04 t_ms=1913173 target=1 count=1 x=184 y=499 w=374 h=465 cx=371.0 cy=731.5 fps=27.8
total took 36.85 ms
PV04 t_ms=1913208 target=1 count=1 x=177 y=495 w=380 h=466 cx=367.0 cy=728.0 fps=28.6
total took 35.30 ms
PV04 t_ms=1913246 target=1 count=1 x=176 y=493 w=379 h=471 cx=365.5 cy=728.5 fps=26.3
total took 36.64 ms
PV04 t_ms=1913281 target=1 count=1 x=179 y=498 w=377 h=466 cx=367.5 cy=731.0 fps=28.6
total took 34.34 ms
PV04 t_ms=1913314 target=1 count=1 x=174 y=499 w=379 h=468 cx=363.5 cy=733.0 fps=30.3
total took 33.51 ms
PV04 t_ms=1913350 target=1 count=1 x=161 y=490 w=390 h=481 cx=356.0 cy=730.5 fps=27.8
total took 36.47 ms
PV04 t_ms=1913400 target=1 count=1 x=164 y=488 w=387 h=481 cx=357.5 cy=728.5 fps=20.0
total took 53.76 ms
PV04 t_ms=1913428 target=1 count=1 x=162 y=492 w=385 h=480 cx=354.5 cy=732.0 fps=35.7
total took 22.30 ms
PV04 t_ms=1913457 target=1 count=1 x=159 y=493 w=381 h=471 cx=349.5 cy=728.5 fps=34.5
total took 29.50 ms
PV04 t_ms=1913492 target=1 count=1 x=152 y=492 w=387 h=478 cx=345.5 cy=731.0 fps=28.6
total took 35.37 ms
PV04 t_ms=1913527 target=1 count=1 x=154 y=490 w=392 h=490 cx=350.0 cy=735.0 fps=28.6
total took 34.41 ms
PV04 t_ms=1913562 target=1 count=1 x=164 y=495 w=388 h=482 cx=358.0 cy=736.0 fps=28.6
total took 36.44 ms
PV04 t_ms=1913598 target=1 count=1 x=184 y=511 w=386 h=473 cx=377.0 cy=747.5 fps=27.8
total took 33.96 ms
PV04 t_ms=1913634 target=1 count=1 x=216 y=520 w=381 h=456 cx=406.5 cy=748.0 fps=27.8
total took 36.32 ms
PV04 t_ms=1913669 target=1 count=1 x=256 y=513 w=385 h=484 cx=448.5 cy=755.0 fps=28.6
total took 35.22 ms
PV04 t_ms=1913704 target=1 count=1 x=325 y=561 w=365 h=450 cx=507.5 cy=786.0 fps=28.6
total took 34.34 ms
PV04 t_ms=1913739 target=1 count=1 x=392 y=610 w=354 h=436 cx=569.0 cy=828.0 fps=28.6
total took 36.82 ms
PV04 t_ms=1913775 target=1 count=1 x=462 y=635 w=346 h=425 cx=635.0 cy=847.5 fps=27.8
total took 35.74 ms
PV04 t_ms=1913810 target=1 count=1 x=497 y=635 w=339 h=407 cx=666.5 cy=838.5 fps=28.6
total took 33.32 ms
PV04 t_ms=1913846 target=1 count=1 x=539 y=618 w=346 h=425 cx=712.0 cy=830.5 fps=27.8
total took 35.87 ms
PV04 t_ms=1913881 target=1 count=1 x=581 y=594 w=346 h=422 cx=754.0 cy=805.0 fps=28.6
total took 35.45 ms
PV04 t_ms=1913933 target=1 count=1 x=621 y=582 w=351 h=431 cx=796.5 cy=797.5 fps=19.2
total took 52.53 ms
PV04 t_ms=1913957 target=1 count=1 x=674 y=601 w=346 h=415 cx=847.0 cy=808.5 fps=41.7
total took 24.24 ms
PV04 t_ms=1913987 target=1 count=1 x=745 y=621 w=362 h=432 cx=926.0 cy=837.0 fps=33.3
total took 30.00 ms
PV04 t_ms=1914022 target=1 count=1 x=801 y=626 w=354 h=417 cx=978.0 cy=834.5 fps=28.6
total took 33.26 ms
PV04 t_ms=1914058 target=1 count=1 x=845 y=617 w=366 h=424 cx=1028.0 cy=829.0 fps=27.8
total took 35.50 ms
PV04 t_ms=1914093 target=1 count=1 x=896 y=610 w=361 h=420 cx=1076.5 cy=820.0 fps=28.6
total took 35.42 ms
PV04 t_ms=1914129 target=1 count=1 x=945 y=573 w=367 h=440 cx=1128.5 cy=793.0 fps=27.8
total took 35.35 ms
PV04 t_ms=1914164 target=1 count=1 x=957 y=583 w=369 h=404 cx=1141.5 cy=785.0 fps=28.6
total took 37.25 ms
PV04 t_ms=1914200 target=1 count=1 x=989 y=573 w=354 h=399 cx=1166.0 cy=772.5 fps=27.8
total took 36.19 ms
PV04 t_ms=1914235 target=1 count=1 x=1026 y=556 w=371 h=426 cx=1211.5 cy=769.0 fps=28.6
total took 32.37 ms
PV04 t_ms=1914270 target=1 count=1 x=1037 y=554 w=374 h=433 cx=1224.0 cy=770.5 fps=28.6
total took 35.33 ms
PV04 t_ms=1914306 target=1 count=1 x=1034 y=578 w=381 h=414 cx=1224.5 cy=785.0 fps=27.8
total took 35.27 ms
PV04 t_ms=1914341 target=1 count=1 x=1051 y=607 w=371 h=401 cx=1236.5 cy=807.5 fps=28.6
total took 37.20 ms
PV04 t_ms=1914377 target=1 count=1 x=1046 y=597 w=382 h=416 cx=1237.0 cy=805.0 fps=27.8
total took 33.61 ms
PV04 t_ms=1914413 target=1 count=1 x=1046 y=599 w=394 h=423 cx=1243.0 cy=810.5 fps=27.8
total took 35.87 ms
PV04 t_ms=1914448 target=1 count=1 x=1045 y=602 w=388 h=418 cx=1239.0 cy=811.0 fps=28.6
total took 35.16 ms
PV04 t_ms=1914482 target=1 count=1 x=1043 y=595 w=392 h=430 cx=1239.0 cy=810.0 fps=29.4
total took 34.59 ms
PV04 t_ms=1914518 target=1 count=1 x=1043 y=608 w=377 h=408 cx=1231.5 cy=812.0 fps=27.8
total took 35.06 ms
PV04 t_ms=1914553 target=1 count=1 x=1037 y=584 w=391 h=438 cx=1232.5 cy=803.0 fps=28.6
total took 37.50 ms
PV04 t_ms=1914589 target=1 count=1 x=1028 y=583 w=379 h=432 cx=1217.5 cy=799.0 fps=27.8
total took 33.18 ms
PV04 t_ms=1914624 target=1 count=2 x=0 y=266 w=691 h=751 cx=345.5 cy=641.5 fps=28.6
total took 35.84 ms
PV04 t_ms=1914660 target=1 count=1 x=1005 y=581 w=364 h=425 cx=1187.0 cy=793.5 fps=27.8
total took 34.71 ms
PV04 t_ms=1914695 target=1 count=1 x=957 y=568 w=373 h=408 cx=1143.5 cy=772.0 fps=28.6
total took 35.31 ms
PV04 t_ms=1914730 target=1 count=1 x=937 y=544 w=374 h=433 cx=1124.0 cy=760.5 fps=28.6
total took 36.07 ms
PV04 t_ms=1914765 target=1 count=1 x=875 y=549 w=365 h=403 cx=1057.5 cy=750.5 fps=28.6
total took 34.05 ms
PV04 t_ms=1914802 target=1 count=1 x=821 y=536 w=345 h=388 cx=993.5 cy=730.0 fps=27.0
total took 36.70 ms
PV04 t_ms=1914836 target=1 count=1 x=738 y=537 w=357 h=420 cx=916.5 cy=747.0 fps=29.4
total took 34.29 ms
PV04 t_ms=1914872 target=1 count=1 x=673 y=558 w=352 h=418 cx=849.0 cy=767.0 fps=27.8
total took 35.69 ms
PV04 t_ms=1914907 target=1 count=1 x=618 y=583 w=363 h=435 cx=799.5 cy=800.5 fps=28.6
total took 35.11 ms
PV04 t_ms=1914943 target=1 count=1 x=559 y=616 w=357 h=436 cx=737.5 cy=834.0 fps=27.8
total took 36.52 ms
PV04 t_ms=1914978 target=1 count=1 x=507 y=630 w=341 h=419 cx=677.5 cy=839.5 fps=28.6
total took 33.81 ms
PV04 t_ms=1915014 target=1 count=1 x=464 y=640 w=356 h=425 cx=642.0 cy=852.5 fps=27.8
total took 35.45 ms
PV04 t_ms=1915050 target=1 count=1 x=405 y=624 w=361 h=427 cx=585.5 cy=837.5 fps=27.8
total took 36.00 ms
PV04 t_ms=1915084 target=1 count=1 x=370 y=613 w=361 h=439 cx=550.5 cy=832.5 fps=29.4
total took 34.67 ms
PV04 t_ms=1915119 target=1 count=1 x=324 y=590 w=377 h=459 cx=512.5 cy=819.5 fps=28.6
total took 36.01 ms
PV04 t_ms=1915155 target=1 count=1 x=311 y=575 w=373 h=449 cx=497.5 cy=799.5 fps=27.8
total took 34.38 ms
PV04 t_ms=1915192 target=1 count=1 x=300 y=560 w=385 h=463 cx=492.5 cy=791.5 fps=27.0
total took 36.44 ms
PV04 t_ms=1915225 target=1 count=1 x=297 y=565 w=376 h=450 cx=485.0 cy=790.0 fps=30.3
total took 33.61 ms
PV04 t_ms=1915261 target=1 count=1 x=296 y=558 w=383 h=458 cx=487.5 cy=787.0 fps=27.8
total took 35.67 ms
PV04 t_ms=1915297 target=1 count=1 x=302 y=559 w=377 h=461 cx=490.5 cy=789.5 fps=27.8
total took 35.67 ms
PV04 t_ms=1915332 target=1 count=1 x=301 y=562 w=377 h=452 cx=489.5 cy=788.0 fps=28.6
total took 35.18 ms
PV04 t_ms=1915368 target=1 count=1 x=304 y=557 w=379 h=454 cx=493.5 cy=784.0 fps=27.8
total took 36.02 ms
PV04 t_ms=1915404 target=1 count=1 x=302 y=547 w=388 h=476 cx=496.0 cy=785.0 fps=27.8
total took 35.31 ms
PV04 t_ms=1915439 target=1 count=1 x=320 y=567 w=375 h=465 cx=507.5 cy=799.5 fps=28.6
total took 35.41 ms
PV04 t_ms=1915476 target=1 count=1 x=347 y=594 w=366 h=460 cx=530.0 cy=824.0 fps=27.0
total took 36.42 ms
PV04 t_ms=1915525 target=1 count=1 x=368 y=606 w=363 h=450 cx=549.5 cy=831.0 fps=20.4
total took 52.25 ms
PV04 t_ms=1915551 target=1 count=1 x=393 y=618 w=361 h=433 cx=573.5 cy=834.5 fps=38.5
total took 22.99 ms
PV04 t_ms=1915580 target=1 count=1 x=453 y=631 w=360 h=436 cx=633.0 cy=849.0 fps=34.5
total took 29.07 ms
PV04 t_ms=1915616 target=1 count=1 x=515 y=620 w=348 h=436 cx=689.0 cy=838.0 fps=27.8
total took 36.45 ms
PV04 t_ms=1915652 target=1 count=1 x=575 y=628 w=350 h=437 cx=750.0 cy=846.5 fps=27.8
total took 35.23 ms
PV04 t_ms=1915689 target=1 count=1 x=629 y=631 w=356 h=433 cx=807.0 cy=847.5 fps=27.0
total took 36.22 ms
PV04 t_ms=1915722 target=1 count=1 x=689 y=625 w=357 h=432 cx=867.5 cy=841.0 fps=30.3
total took 33.46 ms
PV04 t_ms=1915757 target=1 count=1 x=747 y=620 w=365 h=447 cx=929.5 cy=843.5 fps=28.6
total took 36.24 ms
PV04 t_ms=1915792 target=1 count=1 x=802 y=646 w=363 h=415 cx=983.5 cy=853.5 fps=28.6
total took 34.81 ms
PV04 t_ms=1915829 target=1 count=1 x=866 y=623 w=374 h=439 cx=1053.0 cy=842.5 fps=27.0
total took 35.47 ms
PV04 t_ms=1915865 target=1 count=1 x=920 y=630 w=367 h=423 cx=1103.5 cy=841.5 fps=27.8
total took 35.40 ms
PV04 t_ms=1915899 target=1 count=1 x=954 y=629 w=373 h=416 cx=1140.5 cy=837.0 fps=29.4
total took 34.58 ms
PV04 t_ms=1915934 target=1 count=2 x=0 y=393 w=652 h=685 cx=326.0 cy=735.5 fps=28.6
total took 34.56 ms
PV04 t_ms=1915969 target=1 count=1 x=1040 y=623 w=378 h=432 cx=1229.0 cy=839.0 fps=28.6
total took 35.89 ms
PV04 t_ms=1916006 target=1 count=1 x=1057 y=623 w=381 h=428 cx=1247.5 cy=837.0 fps=27.0
total took 35.93 ms
PV04 t_ms=1916056 target=1 count=1 x=1080 y=629 w=382 h=416 cx=1271.0 cy=837.0 fps=20.0
total took 51.67 ms
PV04 t_ms=1916080 target=1 count=1 x=1110 y=610 w=383 h=443 cx=1301.5 cy=831.5 fps=41.7
total took 24.31 ms
PV04 t_ms=1916110 target=1 count=1 x=1112 y=609 w=400 h=459 cx=1312.0 cy=838.5 fps=33.3
total took 29.30 ms
PV04 t_ms=1916146 target=1 count=1 x=1117 y=606 w=397 h=459 cx=1315.5 cy=835.5 fps=27.8
total took 34.13 ms
PV04 t_ms=1916182 target=1 count=1 x=1128 y=614 w=394 h=464 cx=1325.0 cy=846.0 fps=27.8
total took 36.32 ms
PV04 t_ms=1916217 target=1 count=1 x=1135 y=646 w=391 h=434 cx=1330.5 cy=863.0 fps=28.6
total took 34.54 ms
PV04 t_ms=1916252 target=1 count=2 x=94 y=272 w=740 h=704 cx=464.0 cy=624.0 fps=28.6
total took 35.41 ms
PV04 t_ms=1916288 target=1 count=1 x=1140 y=654 w=423 h=426 cx=1351.5 cy=867.0 fps=27.8
total took 35.38 ms
PV04 t_ms=1916323 target=1 count=1 x=1160 y=661 w=408 h=419 cx=1364.0 cy=870.5 fps=28.6
total took 36.99 ms
PV04 t_ms=1916358 target=1 count=1 x=1169 y=686 w=400 h=394 cx=1369.0 cy=883.0 fps=28.6
total took 33.42 ms
PV04 t_ms=1916395 target=1 count=1 x=1174 y=673 w=390 h=407 cx=1369.0 cy=876.5 fps=27.0
total took 36.13 ms
PV04 t_ms=1916430 target=1 count=1 x=1164 y=665 w=408 h=415 cx=1368.0 cy=872.5 fps=28.6
total took 35.40 ms
PV04 t_ms=1916465 target=1 count=2 x=86 y=268 w=725 h=665 cx=448.5 cy=600.5 fps=28.6
total took 35.00 ms
PV04 t_ms=1916500 target=1 count=1 x=1146 y=631 w=409 h=449 cx=1350.5 cy=855.5 fps=28.6
total took 34.50 ms
PV04 t_ms=1916535 target=1 count=1 x=1118 y=623 w=412 h=450 cx=1324.0 cy=848.0 fps=28.6
total took 34.99 ms
PV04 t_ms=1916587 target=1 count=2 x=75 y=123 w=689 h=777 cx=419.5 cy=511.5 fps=19.2
total took 52.71 ms
PV04 t_ms=1916613 target=1 count=1 x=1038 y=578 w=381 h=408 cx=1228.5 cy=782.0 fps=38.5
total took 24.30 ms
PV04 t_ms=1916643 target=1 count=1 x=968 y=530 w=365 h=395 cx=1150.5 cy=727.5 fps=33.3
total took 30.37 ms
PV04 t_ms=1916678 target=1 count=1 x=876 y=462 w=355 h=409 cx=1053.5 cy=666.5 fps=28.6
total took 35.27 ms
PV04 t_ms=1916712 target=1 count=1 x=809 y=454 w=353 h=412 cx=985.5 cy=660.0 fps=29.4
total took 34.34 ms
PV04 t_ms=1916748 target=1 count=1 x=738 y=457 w=356 h=428 cx=916.0 cy=671.0 fps=27.8
total took 35.77 ms
PV04 t_ms=1916783 target=1 count=1 x=656 y=453 w=371 h=442 cx=841.5 cy=674.0 fps=28.6
total took 35.62 ms
PV04 t_ms=1916820 target=1 count=1 x=597 y=463 w=359 h=422 cx=776.5 cy=674.0 fps=27.0
total took 35.84 ms
PV04 t_ms=1916856 target=1 count=1 x=554 y=472 w=363 h=444 cx=735.5 cy=694.0 fps=27.8
total took 35.50 ms
PV04 t_ms=1916891 target=1 count=1 x=508 y=507 w=366 h=435 cx=691.0 cy=724.5 fps=28.6
total took 34.91 ms
PV04 t_ms=1916924 target=1 count=1 x=459 y=498 w=370 h=455 cx=644.0 cy=725.5 fps=30.3
total took 35.31 ms
PV04 t_ms=1916960 target=1 count=1 x=427 y=505 w=369 h=446 cx=611.5 cy=728.0 fps=27.8
total took 34.30 ms
PV04 t_ms=1916997 target=1 count=1 x=411 y=516 w=364 h=431 cx=593.0 cy=731.5 fps=27.0
total took 36.07 ms
PV04 t_ms=1917033 target=1 count=1 x=385 y=492 w=373 h=473 cx=571.5 cy=728.5 fps=27.8
total took 35.68 ms
PV04 t_ms=1917070 target=1 count=1 x=374 y=499 w=372 h=468 cx=560.0 cy=733.0 fps=27.0
total took 36.92 ms
PV04 t_ms=1917119 target=1 count=1 x=364 y=511 w=367 h=459 cx=547.5 cy=740.5 fps=20.4
total took 49.61 ms
PV04 t_ms=1917144 target=1 count=1 x=353 y=521 w=370 h=452 cx=538.0 cy=747.0 fps=40.0
total took 24.78 ms
PV04 t_ms=1917172 target=1 count=1 x=338 y=520 w=379 h=457 cx=527.5 cy=748.5 fps=35.7
total took 28.10 ms
PV04 t_ms=1917208 target=1 count=1 x=344 y=504 w=373 h=467 cx=530.5 cy=737.5 fps=27.8
total took 35.33 ms
PV04 t_ms=1917243 target=1 count=1 x=341 y=504 w=377 h=469 cx=529.5 cy=738.5 fps=28.6
total took 35.24 ms
PV04 t_ms=1917279 target=1 count=1 x=338 y=521 w=372 h=450 cx=524.0 cy=746.0 fps=27.8
total took 35.42 ms
PV04 t_ms=1917314 target=1 count=1 x=336 y=499 w=372 h=471 cx=522.0 cy=734.5 fps=28.6
total took 36.96 ms
PV04 t_ms=1917349 target=1 count=1 x=329 y=515 w=384 h=461 cx=521.0 cy=745.5 fps=28.6
total took 33.44 ms
PV04 t_ms=1917386 target=1 count=1 x=329 y=505 w=383 h=467 cx=520.5 cy=738.5 fps=27.0
total took 36.15 ms
PV04 t_ms=1917421 target=1 count=1 x=329 y=511 w=379 h=460 cx=518.5 cy=741.0 fps=28.6
total took 35.38 ms
PV04 t_ms=1917456 target=1 count=1 x=330 y=505 w=378 h=463 cx=519.0 cy=736.5 fps=28.6
total took 34.41 ms
PV04 t_ms=1917491 target=1 count=1 x=332 y=497 w=370 h=466 cx=517.0 cy=730.0 fps=28.6
total took 37.12 ms
PV04 t_ms=1917526 target=1 count=1 x=324 y=510 w=384 h=460 cx=516.0 cy=740.0 fps=28.6
total took 33.48 ms
PV04 t_ms=1917563 target=1 count=1 x=326 y=508 w=384 h=463 cx=518.0 cy=739.5 fps=27.0
total took 36.28 ms
PV04 t_ms=1917597 target=1 count=1 x=329 y=512 w=381 h=462 cx=519.5 cy=743.0 fps=29.4
total took 34.34 ms
PV04 t_ms=1917633 target=1 count=1 x=335 y=493 w=370 h=478 cx=520.0 cy=732.0 fps=27.8
total took 35.52 ms
PV04 t_ms=1917668 target=1 count=1 x=346 y=502 w=369 h=453 cx=530.5 cy=728.5 fps=28.6
total took 34.83 ms
PV04 t_ms=1917703 target=1 count=1 x=362 y=459 w=367 h=464 cx=545.5 cy=691.0 fps=28.6
total took 35.16 ms
PV04 t_ms=1917740 target=1 count=1 x=392 y=449 w=362 h=459 cx=573.0 cy=678.5 fps=27.0
total took 36.65 ms
PV04 t_ms=1917774 target=1 count=1 x=423 y=464 w=379 h=466 cx=612.5 cy=697.0 fps=29.4
total took 33.64 ms
PV04 t_ms=1917810 target=1 count=1 x=464 y=498 w=369 h=471 cx=648.5 cy=733.5 fps=27.8
total took 35.69 ms
PV04 t_ms=1917847 target=1 count=1 x=518 y=506 w=366 h=464 cx=701.0 cy=738.0 fps=27.0
total took 37.18 ms
PV04 t_ms=1917881 target=1 count=1 x=555 y=507 w=370 h=473 cx=740.0 cy=743.5 fps=29.4
total took 34.63 ms
PV04 t_ms=1917916 target=1 count=1 x=610 y=510 w=359 h=452 cx=789.5 cy=736.0 fps=28.6
total took 34.17 ms
PV04 t_ms=1917952 target=1 count=1 x=660 y=512 w=384 h=473 cx=852.0 cy=748.5 fps=27.8
total took 36.56 ms
PV04 t_ms=1917986 target=1 count=1 x=738 y=530 w=378 h=467 cx=927.0 cy=763.5 fps=29.4
total took 33.30 ms
PV04 t_ms=1918023 target=1 count=1 x=822 y=557 w=373 h=444 cx=1008.5 cy=779.0 fps=27.0
total took 37.04 ms
PV04 t_ms=1918058 target=1 count=1 x=893 y=571 w=364 h=414 cx=1075.0 cy=778.0 fps=28.6
total took 34.92 ms
PV04 t_ms=1918093 target=1 count=1 x=940 y=552 w=387 h=447 cx=1133.5 cy=775.5 fps=28.6
total took 34.95 ms
PV04 t_ms=1918129 target=1 count=1 x=963 y=541 w=391 h=441 cx=1158.5 cy=761.5 fps=27.8
total took 35.51 ms
PV04 t_ms=1918164 target=1 count=2 x=0 y=183 w=729 h=810 cx=364.5 cy=588.0 fps=28.6
total took 35.03 ms
PV04 t_ms=1918199 target=1 count=2 x=0 y=208 w=657 h=729 cx=328.5 cy=572.5 fps=28.6
total took 35.26 ms
PV04 t_ms=1918236 target=1 count=2 x=0 y=277 w=611 h=766 cx=305.5 cy=660.0 fps=27.0
total took 36.99 ms
PV04 t_ms=1918271 target=1 count=1 x=860 y=659 w=373 h=421 cx=1046.5 cy=869.5 fps=28.6
total took 34.41 ms
PV04 t_ms=1918305 target=1 count=1 x=816 y=739 w=357 h=341 cx=994.5 cy=909.5 fps=29.4
total took 34.30 ms
PV04 t_ms=1918341 target=0 count=0 fps=27.8
total took 35.46 ms
PV04 t_ms=1918376 target=0 count=0 fps=28.6
total took 34.94 ms
PV04 t_ms=1918411 target=0 count=0 fps=28.6
total took 34.43 ms
PV04 t_ms=1918446 target=0 count=0 fps=28.6
total took 35.43 ms
PV04 t_ms=1918482 target=0 count=0 fps=27.8
total took 35.66 ms
PV04 t_ms=1918518 target=0 count=0 fps=27.8
total took 35.76 ms
PV04 t_ms=1918553 target=0 count=0 fps=28.6
total took 35.24 ms
PV04 t_ms=1918589 target=0 count=0 fps=27.8
total took 35.14 ms
PV04 t_ms=1918623 target=0 count=0 fps=29.4
total took 34.52 ms
PV04 t_ms=1918660 target=0 count=0 fps=27.0
total took 37.14 ms
PV04 t_ms=1918711 target=0 count=0 fps=19.6
total took 50.63 ms
PV04 t_ms=1918735 target=1 count=1 x=682 y=858 w=335 h=222 cx=849.5 cy=969.0 fps=41.7
total took 24.02 ms
PV04 t_ms=1918766 target=1 count=1 x=685 y=751 w=341 h=329 cx=855.5 cy=915.5 fps=32.3
total took 31.41 ms
PV04 t_ms=1918802 target=1 count=1 x=697 y=663 w=326 h=396 cx=860.0 cy=861.0 fps=27.8
total took 35.79 ms
PV04 t_ms=1918838 target=1 count=1 x=683 y=558 w=341 h=408 cx=853.5 cy=762.0 fps=27.8
total took 35.27 ms
PV04 t_ms=1918872 target=1 count=1 x=699 y=510 w=352 h=426 cx=875.0 cy=723.0 fps=29.4
total took 34.09 ms
PV04 t_ms=1918907 target=1 count=1 x=714 y=474 w=335 h=399 cx=881.5 cy=673.5 fps=28.6
total took 36.44 ms
PV04 t_ms=1918942 target=1 count=1 x=720 y=450 w=350 h=423 cx=895.0 cy=661.5 fps=28.6
total took 34.92 ms
PV04 t_ms=1918979 target=1 count=1 x=719 y=448 w=349 h=422 cx=893.5 cy=659.0 fps=27.0
total took 35.91 ms
PV04 t_ms=1919015 target=1 count=1 x=729 y=445 w=348 h=428 cx=903.0 cy=659.0 fps=27.8
total took 35.31 ms
PV04 t_ms=1919050 target=1 count=1 x=734 y=440 w=355 h=439 cx=911.5 cy=659.5 fps=28.6
total took 35.23 ms
PV04 t_ms=1919084 target=1 count=1 x=734 y=461 w=353 h=436 cx=910.5 cy=679.0 fps=29.4
total took 33.84 ms
PV04 t_ms=1919119 target=1 count=1 x=738 y=506 w=357 h=440 cx=916.5 cy=726.0 fps=28.6
total took 35.92 ms
PV04 t_ms=1919156 target=1 count=1 x=730 y=519 w=371 h=450 cx=915.5 cy=744.0 fps=27.0
total took 35.93 ms
PV04 t_ms=1919192 target=1 count=1 x=731 y=542 w=377 h=466 cx=919.5 cy=775.0 fps=27.8
total took 35.48 ms
PV04 t_ms=1919244 target=1 count=1 x=736 y=610 w=373 h=454 cx=922.5 cy=837.0 fps=19.2
total took 53.01 ms
PV04 t_ms=1919269 target=1 count=1 x=744 y=668 w=375 h=412 cx=931.5 cy=874.0 fps=40.0
total took 24.18 ms
PV04 t_ms=1919296 target=1 count=1 x=757 y=732 w=355 h=348 cx=934.5 cy=906.0 fps=37.0
total took 26.89 ms
PV04 t_ms=1919333 target=1 count=1 x=759 y=806 w=370 h=274 cx=944.0 cy=943.0 fps=27.0
total took 36.33 ms
PV04 t_ms=1919368 target=1 count=1 x=781 y=887 w=326 h=193 cx=944.0 cy=983.5 fps=28.6
total took 35.70 ms
PV04 t_ms=1919402 target=1 count=1 x=797 y=904 w=313 h=176 cx=953.5 cy=992.0 fps=29.4
total took 33.42 ms
PV04 t_ms=1919438 target=1 count=1 x=817 y=947 w=267 h=133 cx=950.5 cy=1013.5 fps=27.8
total took 35.72 ms
PV04 t_ms=1919473 target=0 count=0 fps=28.6
total took 36.11 ms
PV04 t_ms=1919508 target=0 count=0 fps=28.6
total took 35.08 ms
PV04 t_ms=1919545 target=0 count=0 fps=27.0
total took 35.49 ms
PV04 t_ms=1919579 target=0 count=0 fps=29.4
total took 33.75 ms
PV04 t_ms=1919614 target=1 count=1 x=787 y=909 w=310 h=171 cx=942.0 cy=994.5 fps=28.6
total took 35.48 ms
PV04 t_ms=1919650 target=1 count=1 x=758 y=902 w=312 h=178 cx=914.0 cy=991.0 fps=27.8
total took 35.16 ms
PV04 t_ms=1919685 target=1 count=1 x=754 y=883 w=322 h=197 cx=915.0 cy=981.5 fps=28.6
total took 36.48 ms
PV04 t_ms=1919721 target=1 count=1 x=751 y=805 w=338 h=275 cx=920.0 cy=942.5 fps=27.8
total took 34.83 ms
PV04 t_ms=1919772 target=1 count=1 x=743 y=703 w=290 h=350 cx=888.0 cy=878.0 fps=19.6
total took 52.76 ms
PV04 t_ms=1919797 target=1 count=1 x=740 y=565 w=316 h=385 cx=898.0 cy=757.5 fps=40.0
total took 23.85 ms
PV04 t_ms=1919826 target=1 count=1 x=749 y=444 w=357 h=415 cx=927.5 cy=651.5 fps=34.5
total took 26.92 ms
PV04 t_ms=1919862 target=1 count=1 x=765 y=361 w=361 h=418 cx=945.5 cy=570.0 fps=27.8
total took 37.36 ms
PV04 t_ms=1919898 target=1 count=1 x=803 y=264 w=344 h=394 cx=975.0 cy=461.0 fps=27.8
total took 35.52 ms
PV04 t_ms=1919933 target=1 count=1 x=837 y=149 w=354 h=435 cx=1014.0 cy=366.5 fps=28.6
total took 33.37 ms
PV04 t_ms=1919969 target=1 count=1 x=880 y=39 w=380 h=470 cx=1070.0 cy=274.0 fps=27.8
total took 36.53 ms
PV04 t_ms=1920004 target=1 count=1 x=941 y=0 w=385 h=447 cx=1133.5 cy=223.5 fps=28.6
total took 34.59 ms
PV04 t_ms=1920039 target=0 count=0 fps=28.6
total took 34.56 ms
PV04 t_ms=1920075 target=0 count=0 fps=27.8
total took 37.09 ms
PV04 t_ms=1920110 target=0 count=0 fps=28.6
total took 33.43 ms
PV04 t_ms=1920146 target=0 count=0 fps=27.8
total took 36.25 ms
PV04 t_ms=1920181 target=0 count=0 fps=28.6
total took 34.53 ms
PV04 t_ms=1920216 target=0 count=0 fps=28.6
total took 35.28 ms
PV04 t_ms=1920252 target=0 count=0 fps=27.8
total took 36.72 ms
PV04 t_ms=1920302 target=0 count=0 fps=20.0
total took 51.67 ms
PV04 t_ms=1920327 target=0 count=0 fps=40.0
total took 22.02 ms
PV04 t_ms=1920358 target=0 count=0 fps=32.3
total took 30.97 ms
PV04 t_ms=1920393 target=0 count=0 fps=28.6
total took 34.38 ms
PV04 t_ms=1920428 target=0 count=0 fps=28.6
total took 35.43 ms
PV04 t_ms=1920464 target=0 count=0 fps=27.8
total took 37.36 ms
PV04 t_ms=1920499 target=0 count=0 fps=28.6
total took 33.41 ms
PV04 t_ms=1920536 target=0 count=0 fps=27.0
total took 36.28 ms
PV04 t_ms=1920571 target=0 count=0 fps=28.6
total took 35.36 ms
PV04 t_ms=1920606 target=0 count=0 fps=28.6
total took 34.48 ms
PV04 t_ms=1920641 target=0 count=0 fps=28.6
total took 36.15 ms
PV04 t_ms=1920676 target=0 count=0 fps=28.6
total took 34.21 ms
PV04 t_ms=1920713 target=0 count=0 fps=27.0
total took 36.37 ms
PV04 t_ms=1920747 target=0 count=0 fps=29.4
total took 34.36 ms
PV04 t_ms=1920783 target=0 count=0 fps=27.8
total took 35.31 ms
PV04 t_ms=1920819 target=0 count=0 fps=27.8
total took 36.77 ms
PV04 t_ms=1920853 target=0 count=0 fps=29.4
total took 33.57 ms
PV04 t_ms=1920890 target=0 count=0 fps=27.0
total took 36.36 ms
PV04 t_ms=1920925 target=0 count=0 fps=28.6
total took 35.22 ms
PV04 t_ms=1920960 target=0 count=0 fps=28.6
total took 35.27 ms
PV04 t_ms=1920996 target=0 count=0 fps=27.8
total took 35.76 ms
PV04 t_ms=1921031 target=0 count=0 fps=28.6
total took 34.40 ms
PV04 t_ms=1921066 target=1 count=1 x=847 y=554 w=673 h=526 cx=1183.5 cy=817.0 fps=28.6
total took 35.37 ms
PV04 t_ms=1921102 target=1 count=1 x=436 y=338 w=1172 h=742 cx=1022.0 cy=709.0 fps=27.8
total took 36.18 ms
PV04 t_ms=1921137 target=0 count=0 fps=28.6
total took 34.02 ms
PV04 t_ms=1921173 target=0 count=0 fps=27.8
total took 36.32 ms
PV04 t_ms=1921208 target=0 count=0 fps=28.6
total took 34.77 ms
PV04 t_ms=1921243 target=0 count=0 fps=28.6
total took 34.54 ms
PV04 t_ms=1921279 target=0 count=0 fps=27.8
total took 36.26 ms
PV04 t_ms=1921314 target=0 count=0 fps=28.6
total took 34.80 ms
PV04 t_ms=1921365 target=0 count=0 fps=19.6
total took 52.14 ms
PV04 t_ms=1921389 target=0 count=0 fps=41.7
total took 22.32 ms
PV04 t_ms=1921420 target=0 count=0 fps=32.3
total took 31.44 ms
PV04 t_ms=1921455 target=0 count=0 fps=28.6
total took 34.38 ms
PV04 t_ms=1921492 target=0 count=0 fps=27.0
total took 38.41 ms
PV04 t_ms=1921526 target=0 count=0 fps=29.4
total took 33.05 ms
PV04 t_ms=1921562 target=0 count=0 fps=27.8
total took 35.73 ms
PV04 t_ms=1921598 target=0 count=0 fps=27.8
total took 35.52 ms
PV04 t_ms=1921632 target=0 count=0 fps=29.4
total took 34.65 ms
PV04 t_ms=1921667 target=0 count=0 fps=28.6
total took 36.11 ms
PV04 t_ms=1921703 target=0 count=0 fps=27.8
total took 35.08 ms
PV04 t_ms=1921739 target=0 count=0 fps=27.8
total took 35.31 ms
PV04 t_ms=1921775 target=0 count=0 fps=27.8
total took 35.61 ms
PV04 t_ms=1921810 target=0 count=0 fps=28.6
total took 34.76 ms
PV04 t_ms=1921844 target=0 count=0 fps=29.4
total took 35.60 ms
PV04 t_ms=1921895 target=0 count=0 fps=19.6
total took 53.60 ms
PV04 t_ms=1921922 target=0 count=0 fps=37.0
total took 21.96 ms
PV04 t_ms=1921950 target=0 count=0 fps=35.7
total took 28.38 ms
PV04 t_ms=1921986 target=0 count=0 fps=27.8
total took 35.77 ms
PV04 t_ms=1922022 target=0 count=0 fps=27.8
total took 35.95 ms
PV04 t_ms=1922057 target=1 count=2 x=0 y=184 w=812 h=896 cx=406.0 cy=632.0 fps=28.6
total took 36.13 ms
PV04 t_ms=1922093 target=1 count=2 x=0 y=246 w=697 h=746 cx=348.5 cy=619.0 fps=27.8
total took 35.09 ms
PV04 t_ms=1922128 target=1 count=2 x=0 y=208 w=674 h=763 cx=337.0 cy=589.5 fps=28.6
total took 35.42 ms
PV04 t_ms=1922165 target=1 count=2 x=0 y=184 w=734 h=866 cx=367.0 cy=617.0 fps=27.0
total took 36.76 ms
PV04 t_ms=1922200 target=1 count=2 x=0 y=222 w=664 h=738 cx=332.0 cy=591.0 fps=28.6
total took 34.83 ms
PV04 t_ms=1922234 target=1 count=2 x=0 y=227 w=712 h=759 cx=356.0 cy=606.5 fps=29.4
total took 34.09 ms
PV04 t_ms=1922270 target=1 count=2 x=0 y=132 w=664 h=869 cx=332.0 cy=566.5 fps=27.8
total took 36.08 ms
PV04 t_ms=1922306 target=1 count=2 x=0 y=117 w=649 h=832 cx=324.5 cy=533.0 fps=27.8
total took 35.88 ms
PV04 t_ms=1922342 target=1 count=2 x=0 y=94 w=611 h=822 cx=305.5 cy=505.0 fps=27.8
total took 35.21 ms
PV04 t_ms=1922377 target=1 count=2 x=0 y=118 w=620 h=820 cx=310.0 cy=528.0 fps=28.6
total took 35.29 ms
PV04 t_ms=1922428 target=1 count=2 x=0 y=128 w=677 h=888 cx=338.5 cy=572.0 fps=19.6
total took 51.41 ms
PV04 t_ms=1922453 target=1 count=2 x=0 y=128 w=642 h=873 cx=321.0 cy=564.5 fps=40.0
total took 24.75 ms
PV04 t_ms=1922481 target=1 count=2 x=0 y=89 w=585 h=864 cx=292.5 cy=521.0 fps=35.7
total took 27.78 ms
PV04 t_ms=1922517 target=1 count=1 x=846 y=639 w=390 h=441 cx=1041.0 cy=859.5 fps=27.8
total took 35.00 ms
PV04 t_ms=1922552 target=1 count=1 x=824 y=614 w=381 h=465 cx=1014.5 cy=846.5 fps=28.6
total took 35.58 ms
PV04 t_ms=1922588 target=1 count=1 x=780 y=650 w=371 h=421 cx=965.5 cy=860.5 fps=27.8
total took 35.07 ms
PV04 t_ms=1922623 target=1 count=1 x=738 y=595 w=394 h=447 cx=935.0 cy=818.5 fps=28.6
total took 36.78 ms
PV04 t_ms=1922659 target=1 count=1 x=695 y=586 w=372 h=429 cx=881.0 cy=800.5 fps=27.8
total took 34.91 ms
PV04 t_ms=1922695 target=1 count=1 x=652 y=560 w=394 h=457 cx=849.0 cy=788.5 fps=27.8
total took 34.88 ms
PV04 t_ms=1922730 target=1 count=1 x=594 y=557 w=385 h=423 cx=786.5 cy=768.5 fps=28.6
total took 35.36 ms
PV04 t_ms=1922764 target=1 count=1 x=559 y=526 w=395 h=454 cx=756.5 cy=753.0 fps=29.4
total took 34.18 ms
PV04 t_ms=1922800 target=1 count=1 x=509 y=524 w=389 h=441 cx=703.5 cy=744.5 fps=27.8
total took 36.73 ms
PV04 t_ms=1922835 target=1 count=1 x=472 y=506 w=387 h=469 cx=665.5 cy=740.5 fps=28.6
total took 35.97 ms
PV04 t_ms=1922871 target=1 count=1 x=448 y=513 w=382 h=461 cx=639.0 cy=743.5 fps=27.8
total took 35.33 ms
PV04 t_ms=1922908 target=1 count=1 x=418 y=524 w=385 h=454 cx=610.5 cy=751.0 fps=27.0
total took 35.41 ms
PV04 t_ms=1922959 target=1 count=1 x=402 y=514 w=386 h=471 cx=595.0 cy=749.5 fps=19.6
total took 51.41 ms
PV04 t_ms=1922982 target=1 count=1 x=375 y=509 w=401 h=482 cx=575.5 cy=750.0 fps=43.5
total took 24.49 ms
PV04 t_ms=1923012 target=1 count=1 x=372 y=528 w=395 h=468 cx=569.5 cy=762.0 fps=33.3
total took 29.09 ms
PV04 t_ms=1923048 target=1 count=1 x=385 y=542 w=394 h=464 cx=582.0 cy=774.0 fps=27.8
total took 35.88 ms
PV04 t_ms=1923083 target=1 count=1 x=402 y=545 w=394 h=473 cx=599.0 cy=781.5 fps=28.6
total took 35.28 ms
PV04 t_ms=1923121 target=1 count=1 x=438 y=579 w=385 h=472 cx=630.5 cy=815.0 fps=26.3
total took 35.86 ms
PV04 t_ms=1923155 target=1 count=1 x=484 y=617 w=378 h=437 cx=673.0 cy=835.5 fps=29.4
total took 34.21 ms
PV04 t_ms=1923189 target=1 count=1 x=555 y=622 w=380 h=449 cx=745.0 cy=846.5 fps=29.4
total took 33.94 ms
PV04 t_ms=1923225 target=1 count=1 x=626 y=659 w=363 h=421 cx=807.5 cy=869.5 fps=27.8
total took 37.20 ms
PV04 t_ms=1923260 target=1 count=1 x=717 y=669 w=375 h=411 cx=904.5 cy=874.5 fps=28.6
total took 34.23 ms
PV04 t_ms=1923297 target=1 count=1 x=820 y=706 w=357 h=374 cx=998.5 cy=893.0 fps=27.0
total took 36.24 ms
PV04 t_ms=1923333 target=1 count=1 x=894 y=694 w=373 h=386 cx=1080.5 cy=887.0 fps=27.8
total took 35.25 ms
PV04 t_ms=1923366 target=1 count=2 x=0 y=256 w=657 h=788 cx=328.5 cy=650.0 fps=30.3
total took 33.87 ms
PV04 t_ms=1923402 target=1 count=2 x=0 y=169 w=784 h=811 cx=392.0 cy=574.5 fps=27.8
total took 36.66 ms
PV04 t_ms=1923437 target=1 count=2 x=76 y=73 w=808 h=843 cx=480.0 cy=494.5 fps=28.6
total took 35.59 ms
PV04 t_ms=1923472 target=1 count=2 x=119 y=135 w=813 h=798 cx=525.5 cy=534.0 fps=28.6
total took 35.01 ms
PV04 t_ms=1923510 target=1 count=2 x=218 y=160 w=777 h=806 cx=606.5 cy=563.0 fps=26.3
total took 35.82 ms
PV04 t_ms=1923543 target=1 count=2 x=248 y=122 w=777 h=854 cx=636.5 cy=549.0 fps=30.3
total took 33.21 ms
PV04 t_ms=1923579 target=1 count=2 x=217 y=117 w=820 h=904 cx=627.0 cy=569.0 fps=27.8
total took 35.27 ms
PV04 t_ms=1923614 target=1 count=2 x=196 y=115 w=807 h=897 cx=599.5 cy=563.5 fps=28.6
total took 36.88 ms
PV04 t_ms=1923650 target=1 count=2 x=231 y=91 w=781 h=923 cx=621.5 cy=552.5 fps=27.8
total took 34.57 ms
PV04 t_ms=1923686 target=1 count=2 x=181 y=188 w=785 h=846 cx=573.5 cy=611.0 fps=27.8
total took 36.46 ms
PV04 t_ms=1923720 target=0 count=0 fps=29.4
total took 32.48 ms
PV04 t_ms=1923756 target=1 count=2 x=163 y=124 w=858 h=945 cx=592.0 cy=596.5 fps=27.8
total took 36.29 ms
PV04 t_ms=1923791 target=1 count=2 x=94 y=108 w=821 h=906 cx=504.5 cy=561.0 fps=28.6
total took 36.63 ms
PV04 t_ms=1923826 target=1 count=2 x=81 y=172 w=728 h=763 cx=445.0 cy=553.5 fps=28.6
total took 35.79 ms
PV04 t_ms=1923862 target=1 count=2 x=33 y=177 w=770 h=819 cx=418.0 cy=586.5 fps=27.8
total took 34.79 ms
PV04 t_ms=1923897 target=1 count=2 x=9 y=137 w=808 h=875 cx=413.0 cy=574.5 fps=28.6
total took 33.70 ms
PV04 t_ms=1923933 target=1 count=2 x=0 y=291 w=685 h=693 cx=342.5 cy=637.5 fps=27.8
total took 35.45 ms
PV04 t_ms=1923968 target=1 count=1 x=945 y=649 w=396 h=431 cx=1143.0 cy=864.5 fps=28.6
total took 35.00 ms
PV04 t_ms=1924003 target=1 count=1 x=910 y=604 w=396 h=470 cx=1108.0 cy=839.0 fps=28.6
total took 36.76 ms
PV04 t_ms=1924039 target=1 count=1 x=859 y=633 w=398 h=436 cx=1058.0 cy=851.0 fps=27.8
total took 34.86 ms
PV04 t_ms=1924075 target=1 count=1 x=834 y=594 w=398 h=457 cx=1033.0 cy=822.5 fps=27.8
total took 35.61 ms
PV04 t_ms=1924110 target=1 count=1 x=798 y=618 w=381 h=431 cx=988.5 cy=833.5 fps=28.6
total took 33.87 ms
PV04 t_ms=1924145 target=1 count=1 x=766 y=623 w=392 h=451 cx=962.0 cy=848.5 fps=28.6
total took 35.41 ms
PV04 t_ms=1924180 target=1 count=1 x=755 y=624 w=382 h=456 cx=946.0 cy=852.0 fps=28.6
total took 36.33 ms
PV04 t_ms=1924216 target=1 count=1 x=740 y=639 w=370 h=441 cx=925.0 cy=859.5 fps=27.8
total took 36.23 ms
PV04 t_ms=1924251 target=1 count=1 x=725 y=652 w=365 h=423 cx=907.5 cy=863.5 fps=28.6
total took 34.92 ms
PV04 t_ms=1924288 target=1 count=1 x=716 y=648 w=366 h=427 cx=899.0 cy=861.5 fps=27.0
total took 35.49 ms
PV04 t_ms=1924324 target=1 count=1 x=713 y=649 w=368 h=427 cx=897.0 cy=862.5 fps=27.8
total took 35.24 ms
PV04 t_ms=1924358 target=1 count=1 x=710 y=646 w=364 h=427 cx=892.0 cy=859.5 fps=29.4
total took 34.53 ms
PV04 t_ms=1924392 target=1 count=1 x=709 y=635 w=368 h=431 cx=893.0 cy=850.5 fps=29.4
total took 35.26 ms
PV04 t_ms=1924428 target=1 count=1 x=713 y=642 w=361 h=418 cx=893.5 cy=851.0 fps=27.8
total took 35.67 ms
PV04 t_ms=1924463 target=1 count=1 x=720 y=630 w=373 h=433 cx=906.5 cy=846.5 fps=28.6
total took 35.37 ms
PV04 t_ms=1924501 target=1 count=1 x=725 y=621 w=381 h=438 cx=915.5 cy=840.0 fps=26.3
total took 35.64 ms
PV04 t_ms=1924536 target=1 count=1 x=732 y=613 w=381 h=446 cx=922.5 cy=836.0 fps=28.6
total took 35.43 ms
PV04 t_ms=1924571 target=1 count=1 x=734 y=604 w=385 h=459 cx=926.5 cy=833.5 fps=28.6
total took 34.76 ms
PV04 t_ms=1924605 target=1 count=1 x=741 y=613 w=376 h=449 cx=929.0 cy=837.5 fps=29.4
total took 33.79 ms
PV04 t_ms=1924640 target=1 count=1 x=740 y=599 w=380 h=460 cx=930.0 cy=829.0 fps=28.6
total took 36.01 ms
PV04 t_ms=1924677 target=1 count=1 x=743 y=596 w=382 h=459 cx=934.0 cy=825.5 fps=27.0
total took 36.40 ms
PV04 t_ms=1924713 target=1 count=1 x=743 y=597 w=383 h=453 cx=934.5 cy=823.5 fps=27.8
total took 35.55 ms
PV04 t_ms=1924748 target=1 count=1 x=745 y=595 w=381 h=453 cx=935.5 cy=821.5 fps=28.6
total took 34.88 ms
PV04 t_ms=1924783 target=1 count=1 x=743 y=589 w=386 h=463 cx=936.0 cy=820.5 fps=28.6
total took 34.41 ms
PV04 t_ms=1924819 target=1 count=1 x=749 y=596 w=383 h=455 cx=940.5 cy=823.5 fps=27.8
total took 35.61 ms
PV04 t_ms=1924852 target=1 count=1 x=750 y=595 w=383 h=457 cx=941.5 cy=823.5 fps=30.3
total took 35.88 ms
PV04 t_ms=1924890 target=1 count=1 x=756 y=598 w=376 h=444 cx=944.0 cy=820.0 fps=26.3
total took 35.41 ms
PV04 t_ms=1924926 target=1 count=1 x=752 y=606 w=373 h=434 cx=938.5 cy=823.0 fps=27.8
total took 35.56 ms
PV04 t_ms=1924959 target=1 count=1 x=757 y=593 w=382 h=449 cx=948.0 cy=817.5 fps=30.3
total took 34.76 ms
PV04 t_ms=1924994 target=1 count=1 x=750 y=582 w=398 h=458 cx=949.0 cy=811.0 fps=28.6
total took 34.77 ms
PV04 t_ms=1925030 target=1 count=1 x=754 y=572 w=391 h=451 cx=949.5 cy=797.5 fps=27.8
total took 35.03 ms
PV04 t_ms=1925067 target=1 count=1 x=757 y=576 w=392 h=446 cx=953.0 cy=799.0 fps=27.0
total took 36.21 ms
PV04 t_ms=1925103 target=1 count=1 x=752 y=571 w=401 h=443 cx=952.5 cy=792.5 fps=27.8
total took 35.85 ms
PV04 t_ms=1925138 target=1 count=1 x=758 y=571 w=396 h=443 cx=956.0 cy=792.5 fps=28.6
total took 34.85 ms
PV04 t_ms=1925173 target=1 count=1 x=759 y=573 w=395 h=435 cx=956.5 cy=790.5 fps=28.6
total took 36.68 ms
PV04 t_ms=1925207 target=1 count=1 x=764 y=570 w=393 h=438 cx=960.5 cy=789.0 fps=29.4
total took 33.92 ms
PV04 t_ms=1925242 target=1 count=1 x=762 y=568 w=391 h=429 cx=957.5 cy=782.5 fps=28.6
total took 35.23 ms
PV04 t_ms=1925279 target=1 count=1 x=770 y=568 w=388 h=433 cx=964.0 cy=784.5 fps=27.0
total took 35.33 ms
PV04 t_ms=1925315 target=1 count=1 x=771 y=569 w=385 h=433 cx=963.5 cy=785.5 fps=27.8
total took 35.07 ms
PV04 t_ms=1925350 target=1 count=1 x=771 y=569 w=383 h=428 cx=962.5 cy=783.0 fps=28.6
total took 35.22 ms
PV04 t_ms=1925384 target=1 count=1 x=764 y=567 w=393 h=433 cx=960.5 cy=783.5 fps=29.4
total took 35.35 ms
PV04 t_ms=1925419 target=1 count=1 x=764 y=562 w=396 h=442 cx=962.0 cy=783.0 fps=28.6
total took 34.64 ms
PV04 t_ms=1925456 target=1 count=1 x=764 y=564 w=392 h=437 cx=960.0 cy=782.5 fps=27.0
total took 35.68 ms
PV04 t_ms=1925492 target=1 count=1 x=761 y=565 w=396 h=435 cx=959.0 cy=782.5 fps=27.8
total took 35.78 ms
PV04 t_ms=1925525 target=1 count=1 x=759 y=564 w=394 h=440 cx=956.0 cy=784.0 fps=30.3
total took 32.84 ms
total took 24.46 ms

Traceback (most recent call last):
  File "<stdin>", line 212, in run_publisher
  File "/sdcard/libs/AIBase.py", line 73, in run
  File "/sdcard/libs/AIBase.py", line 54, in inference
  File "/sdcard/libs/PipeLine.py", line 25, in __exit__
Exception: IDE interrupt
MPY: soft reboot
CanMV v1.4.3(based on Micropython e00a144) on 2026-01-20; k230_canmv_yahboom with K230