>>> 
MPY: soft reboot
CanMV v1.4.3(based on Micropython e00a144) on 2026-01-20; k230_canmv_yahboom with K230

implementation: (name='micropython', version=(1, 21, 0), _machine='k230_canmv_yahboom with K230', _mpy=262)
platform: rt-smart
path: ['', '.frozen', '/sdcard', '/data', '/data/lib']
Python version: 3.4.0; CanMV v1.4.3(based on Micropython e00a144) on 2026-01-20
MPY: soft reboot
CanMV v1.4.3(based on Micropython e00a144) on 2026-01-20; k230_canmv_yahboom with K230


Traceback (most recent call last):
  File "<stdin>", line 12, in <module>
  File "/sdcard/ybMain/main.py", line 12, in <module>
  File "/sdcard/libs/PipeLine.py", line 3, in <module>
  File "media/sensor.py", line 1, in <module>
  File "media/sensor.py", line 1, in Sensor
  File "media/sensor.py", line 1, in <listcomp>
Exception: IDE interrupt
MPY: soft reboot
CanMV v1.4.3(based on Micropython e00a144) on 2026-01-20; k230_canmv_yahboom with K230
implementation: (name='micropython', version=(1, 21, 0), _machine='k230_canmv_yahboom with K230', _mpy=262)
platform: rt-smart
path: ['', '.frozen', '/sdcard', '/data', '/data/lib']
Python version: 3.4.0; CanMV v1.4.3(based on Micropython e00a144) on 2026-01-20
MPY: soft reboot
CanMV v1.4.3(based on Micropython e00a144) on 2026-01-20; k230_canmv_yahboom with K230
find sensor gc2093_csi2, type 8, output 1920x1080@30
vb common pool count 6
sensor(0), mode 0, buffer_num 4, buffer_size 0
$23,06,087,115,333,365#

$23,06,292,109,117,201#

$23,06,294,109,114,200#

$23,06,270,054,133,247#

$23,06,284,067,122,229#

$23,06,287,065,120,229#

$23,06,287,068,120,224#

$23,06,288,074,118,213#

$23,06,285,069,121,215#

$23,06,283,056,126,232#

$23,06,291,052,120,230#

$23,06,293,023,153,235#

$23,06,295,025,153,231#

$23,06,286,020,158,243#

$23,06,292,023,157,238#

$23,06,322,040,124,215#

$23,06,347,137,145,169#

$23,06,337,153,160,161#

$23,06,340,141,136,154#

$23,06,369,152,150,155#

$23,06,357,156,146,153#

$23,06,369,158,147,140#

$23,06,363,153,155,143#

$23,06,305,177,133,140#

$23,06,286,156,144,159#

$23,06,277,150,150,150#

$23,06,274,126,154,175#

$23,06,286,124,120,145#

$23,06,280,131,116,158#

$23,06,284,153,122,142#

$23,06,290,129,137,168#

$23,06,274,154,137,175#

$23,06,259,246,132,184#

$23,06,259,263,138,179#

$23,06,267,256,130,173#

$23,06,267,228,118,170#

$23,06,270,189,134,180#

$23,06,276,184,137,184#

$23,06,287,192,128,178#

$23,06,280,195,133,179#

$23,06,282,183,128,179#

$23,06,302,161,132,173#

$23,06,313,149,130,181#

$23,06,328,136,130,172#

$23,06,336,133,133,177#

$23,06,341,130,132,178#

$23,06,343,111,133,190#

$23,06,340,098,137,189#

$23,06,331,100,137,184#

$23,06,322,095,124,196#

$23,06,297,068,136,175#

$23,06,280,065,120,196#

$23,06,272,110,118,195#

$23,06,262,138,124,183#

$23,06,255,142,118,169#

$23,06,248,117,125,180#

$23,06,248,108,126,185#

$23,06,250,108,128,181#

$23,06,260,110,125,173#

$23,06,280,110,124,177#

$23,06,289,106,121,185#

$23,06,295,116,119,182#

$23,06,294,119,118,182#

$23,06,296,124,117,175#

$23,06,304,142,111,165#

$23,06,307,149,115,168#

$23,06,308,153,112,163#

$23,06,306,158,112,165#

$23,06,307,173,110,160#

$23,06,307,187,104,151#

$23,06,305,195,109,160#

$23,06,307,216,104,149#

$23,06,310,228,105,150#

$23,06,316,232,105,147#

$23,06,321,230,106,149#

$23,06,329,227,107,150#

$23,06,336,230,101,139#

$23,06,339,221,102,142#

$23,06,340,215,110,145#

$23,06,347,213,109,144#

$23,06,350,209,110,148#

$23,06,347,204,113,153#

$23,06,344,207,111,148#

$23,06,346,206,111,148#

$23,06,344,205,113,150#

$23,06,341,206,111,146#

$23,06,338,202,111,149#

$23,06,334,200,110,154#

$23,06,332,205,111,151#

$23,06,333,202,109,152#

$23,06,330,209,110,147#

$23,06,333,207,106,151#

$23,06,336,209,104,147#

$23,06,334,207,107,149#

$23,06,330,211,111,145#

$23,06,332,211,112,145#

$23,06,332,208,112,148#

$23,06,335,207,111,150#

$23,06,335,204,109,150#

$23,06,336,211,110,145#

$23,06,337,209,110,146#

$23,06,337,203,110,151#

$23,06,336,202,111,150#

$23,06,337,204,110,148#

$23,06,335,203,106,145#

$23,06,335,202,107,146#

$23,06,330,203,110,150#

$23,06,334,205,108,150#

$23,06,332,210,111,147#

$23,06,335,210,107,147#

$23,06,337,217,106,149#

$23,06,338,226,105,145#

$23,06,337,230,106,144#

$23,06,338,234,105,141#

$23,06,336,234,106,145#

$23,06,334,237,106,144#

$23,06,331,237,108,146#

$23,06,330,229,108,153#

$23,06,328,234,108,148#

$23,06,328,229,108,155#

$23,06,330,233,106,150#

$23,06,331,233,106,152#

$23,06,332,233,103,151#

$23,06,330,234,104,152#

$23,06,330,235,102,152#

$23,06,326,237,103,151#

$23,06,327,238,102,150#

$23,06,328,241,100,147#

$23,06,328,241,101,147#

$23,06,327,241,102,149#

$23,06,328,240,102,150#

$23,06,327,243,103,148#

$23,06,329,244,103,147#

$23,06,327,244,103,146#

$23,06,327,242,105,147#

$23,06,328,244,102,145#

$23,06,328,242,102,148#

$23,06,327,243,103,147#

$23,06,329,244,100,143#

$23,06,330,243,100,145#

$23,06,328,238,104,150#

$23,06,329,236,105,152#

$23,06,329,235,105,153#

$23,06,329,237,106,152#

$23,06,329,237,106,152#

$23,06,329,237,107,151#

$23,06,329,238,107,152#

$23,06,329,238,107,152#

$23,06,330,238,108,152#

$23,06,329,240,107,150#

$23,06,329,238,108,153#

$23,06,329,239,108,152#

$23,06,329,239,108,154#

$23,06,328,238,109,153#

$23,06,328,237,108,154#

$23,06,327,235,109,155#

$23,06,327,234,108,155#

$23,06,327,229,110,159#

$23,06,327,229,110,159#

$23,06,326,229,110,157#

$23,06,325,229,110,156#

$23,06,324,227,111,160#

$23,06,325,228,110,159#

$23,06,324,227,110,161#

$23,06,324,227,110,160#

$23,06,324,226,111,161#

$23,06,325,225,111,162#

$23,06,324,224,114,165#

$23,06,324,224,113,164#

$23,06,325,225,112,163#

$23,06,325,224,113,163#

$23,06,325,225,112,162#

$23,06,327,224,110,159#

$23,06,326,225,111,158#

$23,06,325,225,113,159#

$23,06,327,225,111,158#

$23,06,327,227,111,156#

$23,06,327,226,112,158#

$23,06,326,226,111,158#

$23,06,327,226,110,156#

$23,06,327,226,111,158#

$23,06,327,226,112,160#

$23,06,326,225,112,161#

$23,06,326,226,113,160#

$23,06,326,225,112,161#

$23,06,327,225,112,161#

$23,06,327,225,113,161#

$23,06,328,226,111,158#

$23,06,329,226,111,158#

$23,06,328,225,112,159#

$23,06,329,225,111,158#

$23,06,330,225,110,159#

$23,06,328,225,111,158#

$23,06,329,225,112,160#

$23,06,329,223,111,161#

$23,06,329,220,112,164#

$23,06,329,221,112,163#

$23,06,329,221,114,163#

$23,06,328,223,113,162#

$23,06,329,224,111,161#

$23,06,328,224,113,162#

$23,06,327,225,113,160#

$23,06,327,227,113,160#

$23,06,327,226,112,160#

$23,06,327,228,112,159#

$23,06,327,225,114,161#

$23,06,326,226,114,160#

$23,06,327,227,114,159#

$23,06,326,228,113,157#

$23,06,327,227,113,159#

$23,06,327,229,113,156#

$23,06,327,230,114,155#

$23,06,328,230,113,156#

$23,06,328,230,112,155#

$23,06,328,229,113,156#

$23,06,328,229,113,156#

$23,06,327,231,114,157#

$23,06,327,233,113,156#

$23,06,328,232,114,158#

$23,06,328,230,113,159#

$23,06,330,231,114,159#

$23,06,330,231,116,159#

$23,06,330,229,119,162#

$23,06,331,229,119,163#

$23,06,335,228,120,165#

$23,06,338,229,115,159#

$23,06,338,222,118,166#

$23,06,343,225,116,164#

$23,06,346,225,116,164#

$23,06,344,221,120,169#

$23,06,346,217,121,171#

$23,06,347,213,121,172#

$23,06,346,209,122,175#

$23,06,345,204,125,179#

$23,06,347,207,124,175#

$23,06,348,207,125,175#

$23,06,348,206,124,171#

$23,06,345,198,125,181#

$23,06,341,202,123,178#

$23,06,337,209,122,168#

$23,06,335,204,120,169#

$23,06,330,206,122,161#

$23,06,322,200,121,164#

$23,06,320,199,120,170#

$23,06,314,196,121,170#

$23,06,311,199,123,176#

$23,06,305,208,119,172#

$23,06,300,211,121,171#

$23,06,294,211,120,167#

$23,06,287,210,122,172#

$23,06,280,214,120,176#

$23,06,276,214,122,180#

$23,06,272,221,122,173#

$23,06,265,221,122,172#

$23,06,265,222,122,170#

$23,06,264,223,124,172#

$23,06,265,222,122,170#

$23,06,263,213,124,171#

$23,06,262,206,124,172#

$23,06,267,196,124,174#

$23,06,270,191,121,171#

$23,06,268,185,121,168#

$23,06,271,165,122,175#

$23,06,268,161,116,163#

$23,06,266,142,120,173#

$23,06,266,131,119,171#

$23,06,262,127,119,172#

$23,06,264,123,116,174#

$23,06,262,120,119,176#

$23,06,263,122,116,172#

$23,06,263,124,118,175#

$23,06,266,130,115,172#

$23,06,266,134,114,172#

$23,06,266,137,115,170#

$23,06,265,142,116,172#

$23,06,265,144,113,173#

$23,06,264,147,116,171#

$23,06,267,151,112,163#

$23,06,260,147,116,171#

$23,06,260,140,113,184#

$23,06,260,144,113,184#

$23,06,268,153,105,167#

$23,06,269,151,104,165#

$23,06,273,153,098,163#

$23,06,273,148,105,179#

$23,06,276,149,102,169#

$23,06,280,151,094,163#

$23,06,278,149,100,167#

$23,06,279,151,100,162#

$23,06,281,156,097,152#

$23,06,282,157,097,157#

$23,06,285,158,093,158#

$23,06,287,159,093,157#

$23,06,283,163,090,140#

$23,06,283,164,090,138#

$23,06,283,165,084,142#

$23,06,283,162,091,149#

$23,06,282,160,096,151#

$23,06,280,159,106,161#

$23,06,283,160,106,162#

$23,06,279,157,114,171#

$23,06,284,165,099,161#

$23,06,286,162,094,162#

$23,06,285,157,099,158#

$23,06,286,157,105,172#

$23,06,290,162,103,165#

$23,06,289,158,101,179#

$23,06,290,162,101,177#

$23,06,289,154,103,176#

$23,06,294,150,109,185#

$23,06,289,147,117,190#

$23,06,288,153,116,184#

$23,06,289,156,114,181#

$23,06,292,156,111,184#

$23,06,290,154,118,187#

$23,06,292,159,112,182#

$23,06,292,158,125,186#

$23,06,292,157,124,189#

$23,06,293,162,119,174#

$23,06,291,163,118,175#

$23,06,291,163,118,175#

$23,06,288,159,122,177#

$23,06,286,157,120,178#

$23,06,284,157,118,177#

$23,06,277,154,122,175#

$23,06,271,159,123,172#

$23,06,268,159,121,173#

$23,06,264,159,116,176#

$23,06,264,159,113,182#

$23,06,263,159,116,186#

$23,06,262,161,117,186#

$23,06,262,156,116,187#

$23,06,262,162,115,180#

$23,06,263,155,114,185#

$23,06,263,156,114,179#

$23,06,262,159,111,180#

$23,06,262,162,113,177#

$23,06,260,165,110,176#

$23,06,259,168,109,172#

$23,06,258,167,109,173#

$23,06,260,163,110,176#

$23,06,262,160,112,178#

$23,06,262,160,114,175#

$23,06,264,164,117,168#

$23,06,267,160,123,176#

$23,06,274,162,127,180#

$23,06,278,161,129,187#

$23,06,278,162,132,188#

$23,06,279,164,133,188#

$23,06,282,165,133,185#

$23,06,284,165,132,187#

$23,06,284,170,129,184#

$23,06,284,172,129,185#

$23,06,284,170,129,187#

$23,06,286,173,126,185#

$23,06,287,174,126,186#

$23,06,288,174,125,182#

$23,06,290,175,122,180#

$23,06,289,173,123,182#

$23,06,291,175,119,180#

$23,06,291,173,119,181#

$23,06,290,176,120,180#

$23,06,287,177,125,182#

$23,06,287,176,124,187#

$23,06,286,177,125,186#

$23,06,286,181,123,184#

$23,06,285,186,125,181#

$23,06,285,184,126,185#

$23,06,285,189,124,182#

$23,06,282,192,123,181#

$23,06,284,193,119,185#

$23,06,282,203,115,177#

$23,06,280,203,116,174#

$23,06,279,203,116,175#

$23,06,281,202,115,176#

$23,06,283,198,115,178#

$23,06,283,199,114,177#

$23,06,286,199,112,175#

$23,06,287,195,114,178#

$23,06,288,194,115,176#

$23,06,289,197,114,172#

$23,06,292,197,114,171#

$23,06,291,192,116,172#

$23,06,290,190,118,170#

$23,06,293,190,115,167#

$23,06,295,182,116,174#

$23,06,297,189,114,170#

$23,06,300,184,117,177#

$23,06,304,190,117,171#

$23,06,304,194,118,170#

$23,06,306,193,121,172#

$23,06,307,196,122,172#

$23,06,306,196,123,175#

$23,06,304,193,127,177#

$23,06,304,194,128,180#

$23,06,307,192,130,181#

$23,06,308,188,128,184#

$23,06,307,191,129,184#

$23,06,309,196,126,177#

$23,06,310,193,126,179#

$23,06,309,194,129,178#

$23,06,309,197,129,173#

$23,06,309,195,129,176#

$23,06,311,192,127,175#

$23,06,310,189,127,178#

$23,06,308,190,122,171#

$23,06,306,187,127,184#

$23,06,313,206,123,181#

$23,06,316,212,131,184#

$23,06,321,221,132,195#

$23,06,330,218,133,196#

$23,06,335,215,131,188#

$23,06,318,204,137,191#

$23,06,302,193,135,189#

$23,06,295,190,135,188#

$23,06,308,200,125,206#

$23,06,306,217,133,188#

$23,06,290,207,136,192#

$23,06,279,208,131,195#

$23,06,267,216,132,184#

$23,06,257,211,124,174#

$23,06,243,198,124,175#

$23,06,227,196,122,171#

$23,06,223,191,116,177#

$23,06,218,189,120,173#

$23,06,205,168,120,186#

$23,06,203,165,114,181#

$23,06,201,158,115,184#

$23,06,200,156,116,187#

$23,06,201,154,111,185#

$23,06,195,155,118,180#

$23,06,193,153,119,182#

$23,06,194,154,118,179#

$23,06,195,153,118,181#

$23,06,199,155,114,182#

$23,06,201,159,111,177#

$23,06,201,157,114,179#

$23,06,199,153,120,183#

$23,06,206,158,119,176#

$23,06,209,156,123,181#

$23,06,208,160,126,183#

$23,06,211,166,130,176#

$23,06,219,168,131,182#

$23,06,239,186,122,191#

$23,06,248,210,126,199#

$23,06,241,223,138,202#

$23,06,240,218,143,216#

$23,06,265,230,137,209#

$23,06,276,234,142,233#

$23,06,297,270,141,196#

$23,06,299,272,139,200#

$23,06,301,277,142,201#

$23,06,305,279,138,198#

$23,06,307,281,139,199#

$23,06,309,286,136,194#

$23,06,306,271,141,209#

$23,06,305,304,131,176#

$23,06,312,319,126,161#

$23,06,313,339,124,141#

$23,06,313,342,122,138#

$23,06,312,344,126,136#

$23,06,309,345,130,135#

$23,06,307,346,130,134#

$23,06,306,348,126,132#

$23,06,301,338,129,142#

$23,06,303,332,123,148#

$23,06,294,327,122,153#

$23,06,286,308,126,172#

$23,06,275,283,123,193#

$23,06,268,268,135,196#

$23,06,260,258,135,196#

$23,06,259,252,128,190#

$23,06,258,236,134,196#

$23,06,264,227,130,197#

$23,06,268,222,127,194#

$23,06,270,220,126,194#

$23,06,268,222,125,194#

$23,06,267,222,127,196#

$23,06,266,234,126,192#

$23,06,268,247,128,181#

$23,06,269,254,127,177#

$23,06,268,257,127,178#

$23,06,267,261,124,181#

$23,06,265,271,126,177#

$23,06,263,274,127,184#

$23,06,261,287,128,187#

$23,06,262,299,124,180#

$23,06,261,303,124,177#

$23,06,262,307,119,171#

$23,06,268,302,119,171#

$23,06,277,294,120,170#

$23,06,287,283,117,170#

$23,06,295,262,114,166#

$23,06,306,241,114,168#

$23,06,316,241,115,150#

$23,06,326,226,112,147#

$23,06,337,216,107,141#

$23,06,344,215,106,135#

$23,06,347,211,111,137#

$23,06,362,205,102,132#

$23,06,366,204,100,126#

$23,06,368,200,098,128#

$23,06,373,198,099,126#

$23,06,367,200,108,130#

$23,06,367,199,106,134#

$23,06,366,203,106,133#

$23,06,356,206,119,148#

$23,06,353,207,117,161#

$23,06,346,220,125,170#

$23,06,339,225,128,180#

$23,06,334,233,132,194#

$23,06,329,248,129,185#

$23,06,325,252,126,192#

$23,06,324,257,124,187#

$23,06,322,255,123,186#

$23,06,318,249,125,184#

$23,06,317,238,124,183#

$23,06,320,225,121,179#

$23,06,321,218,121,171#

$23,06,325,212,115,159#

$23,06,325,212,115,147#

$23,06,334,217,105,133#

$23,06,332,212,103,132#

$23,06,331,212,105,133#

$23,06,329,214,106,134#

$23,06,328,211,109,138#

$23,06,325,210,113,141#

$23,06,320,208,117,145#

$23,06,318,204,120,157#

$23,06,317,205,120,160#

$23,06,317,204,121,164#

$23,06,319,199,121,166#

$23,06,317,195,122,167#

$23,06,315,202,119,155#

$23,06,309,195,119,154#

$23,06,300,196,120,145#

$23,06,287,193,122,142#

$23,06,292,189,116,148#

$23,06,287,206,112,133#

$23,06,289,212,102,132#

$23,06,277,207,108,145#

$23,06,268,204,107,131#

$23,06,253,187,112,142#

$23,06,246,183,108,135#

$23,06,248,180,111,141#

$23,06,254,179,111,143#

$23,06,252,174,105,144#

$23,06,265,185,098,137#

$23,06,278,202,107,122#

$23,06,275,209,117,136#

$23,06,272,208,131,133#

$23,06,271,214,133,132#

$23,06,269,218,138,130#

$23,06,289,226,120,119#

$23,06,284,246,129,104#

$23,06,285,248,132,116#

$23,06,287,253,119,113#

$23,06,293,253,108,122#

$23,06,308,264,102,121#

$23,06,297,245,102,131#

$23,06,293,239,105,140#

$23,06,296,252,105,132#

$23,06,298,252,103,129#

$23,06,298,263,105,128#

$23,06,301,277,099,119#

$23,06,296,275,108,130#

$23,06,293,274,108,131#

$23,06,293,277,107,128#

$23,06,293,274,108,130#

$23,06,293,265,107,134#

$23,06,289,259,105,131#

$23,06,286,253,109,135#

$23,06,285,250,109,138#

$23,06,282,252,111,136#

$23,06,282,245,112,141#

$23,06,280,245,116,151#

$23,06,280,251,117,139#

$23,06,284,252,116,137#

$23,06,286,257,114,138#

$23,06,286,258,112,138#

$23,06,287,251,113,140#

$23,06,288,249,112,144#

$23,06,287,249,114,148#

$23,06,286,245,116,150#

$23,06,285,244,115,145#

$23,06,284,247,114,141#

$23,06,283,243,114,144#

$23,06,283,243,114,144#

$23,06,282,246,113,142#

$23,06,283,244,115,144#

$23,06,286,245,112,145#

$23,06,288,249,115,152#

$23,06,294,256,110,159#

$23,06,302,263,109,154#

$23,06,312,276,116,156#

$23,06,335,285,112,152#

$23,06,342,284,128,163#

$23,06,361,293,124,157#

$23,06,378,291,132,160#

$23,06,398,294,143,159#

$23,06,416,298,139,168#

$23,06,420,313,138,155#

$23,06,418,332,132,148#

$23,06,419,341,118,139#

$23,06,415,343,129,137#

$23,06,412,333,151,147#

$23,06,404,328,132,152#

$23,06,400,313,133,151#

$23,06,374,297,155,168#

$23,06,373,285,149,170#

$23,06,366,269,154,171#

$23,06,362,269,137,159#

$23,06,348,269,134,156#

$23,06,341,245,134,164#

$23,06,334,235,130,154#

$23,06,329,220,113,151#

$23,06,317,219,113,146#

$23,06,310,220,104,137#

$23,06,300,232,098,128#

$23,06,288,241,094,122#

$23,06,280,252,092,124#

$23,06,271,248,090,121#

$23,06,263,253,080,110#

$23,06,255,248,085,119#

$23,06,249,242,090,125#

$23,06,248,239,090,128#

$23,06,252,237,092,128#

$23,06,260,240,088,120#

$23,06,276,237,096,121#

$23,06,290,213,114,148#

$23,06,316,213,113,147#

$23,06,343,208,123,153#

$23,06,366,199,130,167#

$23,06,376,198,140,174#

$23,06,391,203,145,173#

$23,06,403,202,142,166#

$23,06,399,201,146,166#

$23,06,389,208,139,153#

$23,06,371,201,140,157#

$23,06,356,208,130,146#

$23,06,342,197,118,146#

$23,06,324,190,112,146#

$23,06,308,198,109,140#

$23,06,295,214,102,130#

$23,06,285,211,102,136#

$23,06,274,212,098,133#

$23,06,272,214,099,132#

$23,06,273,216,099,134#

$23,06,279,219,098,129#

$23,06,288,225,100,129#

$23,06,295,220,107,137#

$23,06,312,216,111,142#

$23,06,321,205,119,154#

$23,06,333,201,132,180#

$23,06,353,213,133,185#

$23,06,364,218,134,185#

$23,06,376,223,146,185#

$23,06,386,229,154,184#

$23,06,389,234,161,186#

$23,06,386,225,178,201#

$23,06,382,233,164,179#

$23,06,362,232,169,171#

$23,06,360,223,150,177#

$23,06,357,221,126,165#

$23,06,343,207,127,164#

$23,06,334,190,128,180#

$23,06,327,177,117,175#

$23,06,326,171,107,155#

$23,06,313,180,116,151#

$23,06,308,183,114,153#

$23,06,308,189,102,147#

$23,06,304,199,097,137#

$23,06,298,204,100,141#

$23,06,297,214,094,134#

$23,06,286,202,096,139#

$23,06,282,199,092,142#

$23,06,276,193,100,143#

$23,06,277,196,092,135#

$23,06,277,192,087,135#

$23,06,279,182,089,137#

$23,06,279,177,093,135#

$23,06,279,175,089,134#

$23,06,280,171,091,138#

$23,06,282,173,091,138#

$23,06,284,175,089,137#

$23,06,284,177,095,138#

$23,06,289,180,100,141#

$23,06,298,181,100,142#

$23,06,311,185,095,133#

$23,06,317,173,103,144#

$23,06,323,157,102,148#

$23,06,336,156,106,139#

$23,06,344,149,113,154#

$23,06,349,152,117,156#

$23,06,362,161,110,148#

$23,06,372,162,117,150#

$23,06,375,166,123,161#

$23,06,392,169,128,169#

$23,06,400,175,136,175#

$23,06,420,179,134,181#

$23,06,393,176,189,249#

$23,06,439,209,153,220#

$23,06,435,230,153,205#

$23,06,441,263,156,200#

$23,06,463,267,158,186#

$23,06,461,276,151,186#

$23,06,456,264,154,194#

$23,06,458,264,151,188#

$23,06,444,266,155,189#

$23,06,445,252,151,199#

$23,06,438,256,146,182#

$23,06,428,246,146,186#

$23,06,427,239,138,180#

$23,06,421,233,138,176#

$23,06,414,222,136,179#

$23,06,404,201,134,185#

$23,06,391,203,135,159#

$23,06,376,185,127,164#

$23,06,368,173,124,163#

$23,06,352,163,122,164#

$23,06,342,157,115,149#

$23,06,331,152,105,145#

$23,06,321,149,109,150#

$23,06,312,141,105,147#

$23,06,301,138,108,148#

$23,06,298,139,103,146#

$23,06,281,131,106,144#

$23,06,268,142,094,164#

$23,06,260,162,098,155#

$23,06,250,179,102,144#

$23,06,244,189,095,144#

$23,06,240,202,095,136#

$23,06,241,202,094,135#

$23,06,242,206,092,134#

$23,06,249,211,082,123#

$23,06,249,198,090,129#

$23,06,254,203,087,120#

$23,06,258,204,087,130#

$23,06,265,215,083,121#

$23,06,271,218,085,119#

$23,06,275,216,086,119#

$23,06,281,220,087,113#

$23,06,288,224,082,111#

$23,06,297,217,085,120#

$23,06,302,207,089,123#

$23,06,306,200,091,128#

$23,06,313,186,095,129#

$23,06,316,174,101,132#

$23,06,316,163,105,135#

$23,06,317,157,100,148#

$23,06,304,161,113,145#

$23,06,286,146,115,151#

$23,06,272,134,130,163#

$23,06,272,142,121,159#

$23,06,268,145,127,167#

$23,06,272,157,126,163#

$23,06,276,154,129,173#

$23,06,278,166,141,171#

$23,06,290,168,138,177#

$23,06,300,175,133,181#

$23,06,307,180,130,182#

$23,06,310,197,130,170#

$23,06,318,197,118,164#

$23,06,300,237,139,166#

$23,06,310,257,127,156#

$23,06,324,259,134,164#

$23,06,318,281,150,161#

$23,06,317,283,172,172#

$23,06,319,292,212,166#

$23,06,314,298,220,167#

$23,06,346,271,166,160#

$23,06,345,286,173,157#

$23,06,304,313,227,167#

$23,06,360,255,160,149#

$23,06,359,256,162,143#

$23,06,365,238,148,138#

$23,06,293,317,224,163#

$23,06,369,249,143,136#

$23,06,375,233,130,134#

$23,06,355,279,147,131#

$23,06,334,167,101,112#

$23,06,327,168,109,107#

$23,06,321,158,103,114#

$23,06,313,153,100,114#

$23,06,299,147,116,127#

$23,06,295,150,112,121#

$23,06,296,148,104,119#

$23,06,293,138,108,126#

$23,06,291,142,108,128#

$23,06,292,141,107,128#

$23,06,290,143,104,129#

$23,06,288,137,105,132#

$23,06,285,140,101,134#

$23,06,281,142,106,141#

$23,06,278,142,109,148#

$23,06,280,146,100,137#

$23,06,274,141,105,152#

$23,06,273,145,101,151#

$23,06,272,145,105,150#

$23,06,270,146,102,148#

$23,06,269,146,104,150#

$23,06,268,145,103,153#

$23,06,269,144,105,153#

$23,06,268,144,105,153#

$23,06,269,142,105,152#

$23,06,270,141,107,155#

$23,06,273,138,109,155#

$23,06,275,138,117,159#

$23,06,277,141,122,156#

$23,06,285,141,117,151#

$23,06,291,141,118,149#

$23,06,296,135,128,161#

$23,06,301,133,129,164#

$23,06,304,133,131,166#

$23,06,309,138,132,164#

$23,06,311,137,133,168#

$23,06,311,143,132,166#

$23,06,314,146,133,167#

$23,06,315,147,132,166#

$23,06,316,144,132,171#

$23,06,317,150,130,166#

$23,06,318,152,129,166#

$23,06,317,152,131,170#

$23,06,315,152,131,169#

$23,06,314,154,128,168#

$23,06,314,156,129,169#

$23,06,315,156,132,172#

$23,06,313,157,136,173#

$23,06,313,156,136,175#

$23,06,313,156,134,177#

$23,06,311,157,136,173#

$23,06,308,149,136,176#

$23,06,305,144,137,175#

$23,06,311,140,135,174#

$23,06,309,138,132,168#

$23,06,310,138,130,167#

$23,06,311,134,129,166#

$23,06,304,141,131,171#

$23,06,293,140,126,165#

$23,06,292,137,125,159#

$23,06,298,138,123,160#

$23,06,302,135,124,165#

$23,06,305,135,125,165#

$23,06,304,142,134,166#

$23,06,305,141,138,172#

$23,06,306,140,137,174#

$23,06,301,144,145,181#

$23,06,306,149,139,181#

$23,06,304,153,143,184#

$23,06,307,157,142,181#

$23,06,308,156,141,182#

$23,06,308,152,144,188#

$23,06,309,150,145,191#

$23,06,309,148,147,189#

$23,06,313,146,143,186#

$23,06,315,140,139,186#

$23,06,315,137,141,181#

$23,06,315,133,139,176#

$23,06,318,126,135,176#

$23,06,314,129,135,171#

$23,06,310,127,138,176#

$23,06,306,134,134,175#

$23,06,294,152,128,167#

$23,06,269,186,138,164#

$23,06,267,209,132,148#

$23,06,178,314,121,135#

$23,06,150,308,137,135#

$23,06,162,305,124,137#

$23,06,176,311,130,138#

$23,06,207,334,106,126#

$23,06,055,004,161,158#

$23,06,042,000,178,121#

$23,06,061,000,143,099#

$23,06,243,127,351,353#

$23,06,269,134,340,346#

$23,06,271,135,351,345#

$23,06,268,134,333,346#

$23,06,223,249,284,231#

$23,06,281,216,213,264#

$23,06,275,207,227,273#

$23,06,210,280,237,200#

$23,06,210,285,231,195#

$23,06,212,300,217,180#

$23,06,189,290,251,190#

$23,06,194,298,239,182#

$23,06,197,294,237,186#

$23,06,162,295,282,185#

$23,06,202,274,231,206#

$23,06,272,374,057,074#

$23,06,107,276,273,204#

$23,06,097,288,271,192#

$23,06,093,275,283,205#

$23,06,094,275,282,205#

$23,06,079,272,293,208#

$23,06,068,253,317,227#

$23,06,092,207,338,273#

$23,06,084,212,331,268#

$23,06,088,197,312,283#

$23,06,072,276,305,204#

$23,06,047,280,337,200#

$23,06,183,309,110,148#

$23,06,182,307,111,151#

$23,06,183,304,112,153#

$23,06,185,302,113,154#

$23,06,184,304,112,154#


>>> 
MPY: soft reboot
CanMV v1.4.3(based on Micropython e00a144) on 2026-01-20; k230_canmv_yahboom with K230


Traceback (most recent call last):
  File "<stdin>", line 187, in <module>
  File "<stdin>", line 135, in run_publisher
OSError: [Errno 2] ENOENT: can't open /sdcard/app/tests/utils/prior_data_320.bin
MPY: soft reboot
CanMV v1.4.3(based on Micropython e00a144) on 2026-01-20; k230_canmv_yahboom with K230


Traceback (most recent call last):
  File "<stdin>", line 12, in <module>
  File "/sdcard/ybMain/main.py", line 12, in <module>
  File "/sdcard/libs/PipeLine.py", line 3, in <module>
  File "media/sensor.py", line 1, in <module>
  File "media/sensor.py", line 1, in Sensor
  File "media/sensor.py", line 1, in <listcomp>
Exception: IDE interrupt
MPY: soft reboot
CanMV v1.4.3(based on Micropython e00a144) on 2026-01-20; k230_canmv_yahboom with K230

Traceback (most recent call last):
  File "<stdin>", line 187, in <module>
  File "<stdin>", line 135, in run_publisher
OSError: [Errno 2] ENOENT: can't open /sdcard/app/tests/utils/prior_data_320.bin
MPY: soft reboot
CanMV v1.4.3(based on Micropython e00a144) on 2026-01-20; k230_canmv_yahboom with K230

>>> 
MPY: soft reboot
CanMV v1.4.3(based on Micropython e00a144) on 2026-01-20; k230_canmv_yahboom with K230

find sensor gc2093_csi2, type 8, output 1920x1080@30
vb common pool count 6
sensor(0), mode 0, buffer_num 4, buffer_size 0
$23,06,351,003,102,136#

$23,06,243,224,135,175#

$23,06,349,000,106,130#

$23,06,244,212,124,159#

$23,06,352,003,104,125#

$23,06,257,217,104,140#

$23,06,355,000,104,134#

$23,06,241,208,125,170#

$23,06,348,000,110,134#

$23,06,234,227,139,178#

$23,06,344,009,105,145#

$23,06,229,236,145,200#

$23,06,339,024,102,146#

$23,06,226,261,141,178#

$23,06,331,042,098,137#

$23,06,223,269,133,171#

$23,06,327,036,096,136#

$23,06,221,266,134,173#

$23,06,320,023,105,148#

$23,06,215,263,141,179#

$23,06,319,026,101,143#

$23,06,214,260,137,177#

$23,06,316,023,101,139#

$23,06,215,260,136,178#

$23,06,315,022,102,140#

$23,06,213,259,137,177#

$23,06,314,024,100,141#

$23,06,216,262,136,178#

$23,06,314,024,102,135#

$23,06,220,260,134,170#

$23,06,313,014,106,142#

$23,06,225,256,132,176#

$23,06,313,013,105,144#

$23,06,230,260,130,175#

$23,06,314,024,100,140#

$23,06,228,267,134,184#

$23,06,311,033,099,144#

$23,06,228,285,131,175#

$23,06,307,041,097,141#

$23,06,224,285,133,176#

$23,06,300,041,100,146#

$23,06,229,284,128,177#

$23,06,300,048,098,142#

$23,06,232,291,126,178#

$23,06,299,058,095,136#

$23,06,236,296,124,180#

$23,06,295,062,095,141#

$23,06,238,318,122,162#

$23,06,288,081,099,143#

$23,06,245,345,119,135#

$23,06,286,117,097,143#

$23,06,285,145,097,135#

$23,06,253,399,108,081#

$23,06,286,146,097,137#

$23,06,289,155,096,137#

$23,06,290,158,094,134#

$23,06,290,149,095,134#

$23,06,292,146,093,132#

$23,06,293,145,092,132#

$23,06,261,399,102,081#

$23,06,295,143,090,130#

$23,06,300,137,089,124#

$23,06,247,374,117,106#

$23,06,300,118,091,132#

$23,06,257,365,115,115#

$23,06,300,106,092,138#

$23,06,256,356,114,124#

$23,06,300,102,091,135#

$23,06,256,350,120,130#

$23,06,302,091,090,135#

$23,06,255,338,121,142#

$23,06,301,079,096,138#

$23,06,252,328,124,152#

$23,06,305,066,094,133#

$23,06,250,309,126,171#

$23,06,303,050,098,139#

$23,06,251,301,129,172#

$23,06,307,047,097,137#

$23,06,249,297,130,173#

$23,06,308,042,098,139#

$23,06,248,295,130,169#

$23,06,308,038,100,145#

$23,06,249,294,130,170#

$23,06,309,038,101,146#

$23,06,248,292,132,172#

$23,06,312,033,100,145#

$23,06,246,286,133,177#

$23,06,313,030,100,147#

$23,06,247,287,132,175#

$23,06,314,031,100,147#

$23,06,246,285,134,178#

$23,06,314,035,099,141#

$23,06,247,287,134,178#

$23,06,312,035,101,146#

$23,06,249,290,131,174#

$23,06,311,036,102,148#

$23,06,246,295,131,170#

$23,06,310,039,100,146#

$23,06,246,295,131,172#

$23,06,308,040,100,145#

$23,06,247,295,129,175#

$23,06,306,043,098,144#

$23,06,247,295,129,174#

$23,06,305,047,099,141#

$23,06,246,299,130,176#

$23,06,305,050,095,136#

$23,06,247,302,127,172#

$23,06,304,048,097,140#

$23,06,245,300,128,175#

$23,06,304,047,097,142#

$23,06,243,301,128,175#

$23,06,303,049,096,141#

$23,06,245,303,127,174#

$23,06,302,047,098,144#

$23,06,243,303,128,172#

$23,06,301,050,098,139#

$23,06,244,301,126,173#

$23,06,301,050,098,140#

$23,06,244,301,127,172#

$23,06,301,049,099,145#

$23,06,243,302,128,173#

$23,06,300,049,099,143#

$23,06,244,302,126,172#

$23,06,301,049,100,145#

$23,06,244,302,128,171#

$23,06,300,049,100,146#

$23,06,243,303,128,172#

$23,06,301,048,098,145#

$23,06,243,306,126,168#

$23,06,301,048,098,144#

$23,06,243,304,127,169#

$23,06,301,049,099,145#

$23,06,245,301,127,173#

$23,06,301,049,099,144#

$23,06,244,304,127,170#

$23,06,301,049,099,145#

$23,06,244,304,126,171#

$23,06,302,051,096,140#

$23,06,245,303,127,174#

$23,06,302,051,096,139#

$23,06,246,303,126,172#

$23,06,303,050,095,140#

$23,06,245,302,127,174#

$23,06,302,052,097,139#

$23,06,245,305,127,169#

$23,06,302,049,098,143#

$23,06,245,304,126,173#

$23,06,302,048,099,145#

$23,06,245,303,128,174#

$23,06,302,050,098,142#

$23,06,245,298,129,178#

$23,06,302,049,098,144#

$23,06,246,305,127,172#

$23,06,302,051,097,141#

$23,06,246,303,128,174#

$23,06,303,051,097,142#

$23,06,247,304,127,174#

$23,06,301,050,098,143#

$23,06,246,304,127,173#

$23,06,301,051,098,142#

$23,06,246,304,128,174#

$23,06,302,050,098,143#

$23,06,244,298,128,178#

$23,06,301,050,098,144#

$23,06,244,300,127,175#

$23,06,301,051,098,143#

$23,06,244,298,128,177#

$23,06,302,050,099,144#

$23,06,246,303,127,172#

$23,06,302,050,097,141#

$23,06,245,304,127,170#

$23,06,302,048,097,143#

$23,06,245,304,126,168#

$23,06,301,049,097,143#

$23,06,245,303,126,170#

$23,06,301,049,098,141#

$23,06,244,304,126,169#

$23,06,301,047,097,144#

$23,06,244,304,126,170#

$23,06,303,050,096,140#

$23,06,247,303,126,169#

$23,06,303,048,096,142#

$23,06,247,304,126,169#

$23,06,304,049,096,143#

$23,06,247,301,126,172#

$23,06,304,048,096,144#

$23,06,246,302,127,170#

$23,06,304,049,097,143#

$23,06,247,303,125,171#

$23,06,304,050,096,141#

$23,06,246,302,126,170#

$23,06,304,049,095,142#

$23,06,246,303,126,170#

$23,06,305,050,095,141#

$23,06,245,296,128,177#

$23,06,305,048,096,142#

$23,06,245,296,127,175#

$23,06,305,050,095,140#

$23,06,245,295,127,176#

$23,06,306,051,094,138#

$23,06,244,297,128,173#

$23,06,305,049,095,141#

$23,06,245,294,129,178#

$23,06,306,048,096,143#

$23,06,244,296,130,176#

$23,06,306,049,096,142#

$23,06,245,296,129,174#

$23,06,305,047,098,145#

$23,06,246,302,127,168#

$23,06,306,049,099,145#

$23,06,246,303,126,167#

$23,06,306,050,099,144#

$23,06,246,298,128,172#

$23,06,307,050,101,149#

$23,06,247,302,128,168#

$23,06,308,050,102,153#

$23,06,246,303,128,169#

$23,06,309,052,101,149#

$23,06,247,304,126,167#

$23,06,309,053,100,145#

$23,06,245,297,129,175#

$23,06,310,054,098,143#

$23,06,243,298,131,174#

$23,06,310,054,099,145#

$23,06,244,298,130,173#

$23,06,311,051,101,155#

$23,06,246,299,129,171#

$23,06,311,051,101,154#

$23,06,248,304,127,167#

$23,06,311,051,101,148#

$23,06,247,303,128,169#

$23,06,312,052,100,144#

$23,06,246,298,128,172#

$23,06,313,052,100,144#

$23,06,248,303,128,168#

$23,06,313,052,101,144#

$23,06,249,303,127,167#

$23,06,314,052,100,142#

$23,06,247,304,129,167#

$23,06,314,052,100,143#

$23,06,244,300,130,169#

$23,06,313,051,101,143#

$23,06,247,305,127,165#

$23,06,314,050,101,143#

$23,06,247,305,128,165#

$23,06,313,051,101,143#

$23,06,246,304,128,166#

$23,06,313,050,102,144#

$23,06,248,303,128,166#

$23,06,313,049,102,145#

$23,06,248,302,128,166#

$23,06,313,049,102,145#

$23,06,248,302,128,167#

$23,06,314,051,099,142#

$23,06,248,303,127,165#

$23,06,313,051,099,142#

$23,06,247,302,129,167#

$23,06,312,050,100,144#

$23,06,248,302,128,166#

$23,06,312,048,101,148#

$23,06,249,302,126,167#

$23,06,311,048,101,148#

$23,06,249,302,126,168#

$23,06,310,047,100,146#

$23,06,247,297,130,172#

$23,06,311,049,102,144#

$23,06,249,302,125,166#

$23,06,311,049,101,142#

$23,06,249,301,126,166#

$23,06,312,051,098,139#

$23,06,248,302,125,165#

$23,06,309,051,099,138#

$23,06,245,299,130,168#

$23,06,310,049,098,140#

$23,06,245,299,129,168#

$23,06,308,049,096,138#

$23,06,244,297,131,170#

$23,06,309,048,097,139#

$23,06,246,298,128,170#

$23,06,308,049,098,139#

$23,06,245,297,130,170#

$23,06,307,048,097,140#

$23,06,247,298,127,168#

$23,06,306,049,098,139#

$23,06,246,302,128,165#

$23,06,304,047,099,141#

$23,06,244,298,129,168#

$23,06,303,046,099,144#

$23,06,245,302,127,165#

$23,06,302,046,100,145#

$23,06,247,301,128,165#

$23,06,302,045,100,144#

$23,06,246,297,130,169#

$23,06,304,044,098,143#

$23,06,246,296,130,170#

$23,06,304,042,099,146#

$23,06,246,296,130,171#

$23,06,304,042,099,145#

$23,06,247,296,129,169#

$23,06,304,041,100,146#

$23,06,245,294,131,173#

$23,06,304,041,100,145#

$23,06,246,295,130,171#

$23,06,305,042,099,145#

$23,06,246,296,130,171#

$23,06,304,041,100,146#

$23,06,247,295,129,172#

$23,06,305,043,099,143#

$23,06,247,296,129,171#

$23,06,304,042,099,148#

$23,06,247,295,129,174#

$23,06,302,041,101,149#

$23,06,245,295,131,174#

$23,06,304,042,099,144#

$23,06,246,295,130,174#

$23,06,303,041,098,144#

$23,06,245,297,130,171#

$23,06,301,040,100,147#

$23,06,245,296,131,174#

$23,06,298,034,102,157#

$23,06,244,297,129,171#

$23,06,298,034,102,159#

$23,06,245,295,129,175#

$23,06,298,032,101,160#

$23,06,245,295,129,173#

$23,06,298,033,101,160#

$23,06,245,296,130,173#

$23,06,299,034,101,157#

$23,06,245,299,129,170#

$23,06,297,032,102,159#

$23,06,246,297,130,172#

$23,06,297,033,102,157#

$23,06,246,296,128,172#

$23,06,296,032,102,158#

$23,06,245,295,128,173#

$23,06,296,032,102,158#

$23,06,244,295,129,174#

$23,06,296,033,101,157#

$23,06,245,297,129,172#

$23,06,296,031,102,159#

$23,06,246,295,128,174#

$23,06,296,034,101,155#

$23,06,246,296,128,173#

$23,06,296,034,102,156#

$23,06,244,297,129,172#

$23,06,297,035,101,154#

$23,06,246,296,128,172#

$23,06,296,034,102,155#

$23,06,245,296,128,173#

$23,06,296,034,100,154#

$23,06,246,296,128,173#

$23,06,296,034,100,154#

$23,06,246,295,127,172#

$23,06,296,034,101,154#

$23,06,246,296,127,171#

$23,06,296,035,101,153#

$23,06,246,295,128,174#

$23,06,297,037,101,150#

$23,06,246,295,127,173#

$23,06,297,036,101,151#

$23,06,246,297,128,173#

$23,06,297,036,101,151#

$23,06,246,296,128,174#

$23,06,298,036,100,151#

$23,06,246,298,128,171#

$23,06,297,035,101,153#

$23,06,246,296,128,174#

$23,06,298,036,101,154#

$23,06,247,295,128,177#

$23,06,298,035,101,155#

$23,06,247,295,128,177#

$23,06,298,035,101,155#

$23,06,247,296,128,178#

$23,06,298,036,100,153#

$23,06,248,296,127,178#

$23,06,299,036,101,153#

$23,06,247,297,128,177#

$23,06,298,035,101,154#

$23,06,247,295,128,177#

$23,06,297,034,102,157#

$23,06,249,296,125,176#

$23,06,298,035,101,156#

$23,06,248,295,126,177#

$23,06,297,031,102,160#

$23,06,248,294,127,180#

$23,06,297,031,101,160#

$23,06,248,294,127,186#

$23,06,298,030,101,163#

$23,06,248,299,126,181#

$23,06,298,030,101,163#

$23,06,247,292,128,186#

$23,06,298,029,101,163#

$23,06,248,297,124,183#

$23,06,299,028,101,165#

$23,06,248,305,123,175#

$23,06,298,030,101,163#

$23,06,248,303,125,177#

$23,06,248,306,122,174#

$23,06,297,029,101,164#

$23,06,297,027,102,167#

$23,06,247,307,124,173#

$23,06,297,028,100,167#

$23,06,245,308,123,172#

$23,06,297,028,100,167#

$23,06,245,308,123,172#

$23,06,298,027,100,167#

$23,06,247,306,122,174#

$23,06,247,309,120,171#

$23,06,298,027,099,165#

$23,06,298,026,100,161#

$23,06,246,306,122,174#

$23,06,302,026,098,155#

$23,06,245,305,122,175#

$23,06,302,025,100,156#

$23,06,245,302,125,178#

$23,06,300,030,098,154#

$23,06,247,304,122,176#

$23,06,302,026,099,156#

$23,06,246,304,127,176#

$23,06,302,028,099,154#

$23,06,246,303,128,177#

$23,06,297,028,102,159#

$23,06,248,306,129,174#

$23,06,302,028,099,154#

$23,06,247,307,127,173#

$23,06,302,028,099,154#

$23,06,245,304,132,176#

$23,06,244,302,130,178#

$23,06,303,031,096,150#

$23,06,244,302,130,178#

$23,06,301,032,094,152#

$23,06,245,304,127,176#

$23,06,302,033,094,149#

$23,06,244,300,130,180#

$23,06,302,033,094,150#

$23,06,244,301,129,179#

$23,06,301,032,095,152#

$23,06,244,301,129,179#

$23,06,300,032,096,154#

$23,06,299,033,097,156#

$23,06,244,300,131,180#

$23,06,300,034,096,152#

$23,06,245,301,130,179#

$23,06,299,032,097,156#

$23,06,244,301,129,179#

$23,06,298,029,098,159#

$23,06,243,298,131,182#

$23,06,298,031,098,157#

$23,06,245,299,130,181#

$23,06,297,031,099,156#

$23,06,244,300,130,180#

$23,06,297,032,098,156#

$23,06,245,297,130,183#

$23,06,298,033,096,151#

$23,06,245,299,131,181#

$23,06,297,035,097,150#

$23,06,245,301,128,179#

$23,06,297,033,097,153#

$23,06,244,300,131,180#

$23,06,296,032,098,154#

$23,06,244,300,130,180#

$23,06,297,033,097,152#

$23,06,243,299,130,181#

$23,06,296,033,097,150#

$23,06,244,298,132,182#

$23,06,296,033,098,149#

$23,06,243,300,130,180#

$23,06,297,032,098,149#

$23,06,243,301,130,179#

$23,06,297,032,098,148#

$23,06,244,302,128,178#

$23,06,297,032,098,147#

$23,06,244,301,128,178#

$23,06,297,030,099,149#

$23,06,243,297,131,183#

$23,06,297,032,098,148#

$23,06,243,303,129,175#

$23,06,296,031,098,148#

$23,06,242,296,130,181#

$23,06,296,030,099,148#

$23,06,241,296,132,184#

$23,06,296,028,099,150#

$23,06,241,295,129,182#

$23,06,296,027,100,151#

$23,06,243,294,127,176#

$23,06,296,025,100,154#

$23,06,242,294,130,179#

$23,06,296,024,102,156#

$23,06,241,292,132,183#

$23,06,296,025,101,154#

$23,06,239,289,132,185#

$23,06,297,025,100,153#

$23,06,238,287,133,189#

$23,06,296,025,102,155#

$23,06,239,287,131,188#

$23,06,296,022,103,157#

$23,06,238,283,134,193#

$23,06,296,023,101,155#

$23,06,238,285,133,189#

$23,06,296,023,101,155#

$23,06,238,284,133,189#

$23,06,297,022,101,156#

$23,06,238,285,132,186#

$23,06,297,024,101,154#

$23,06,240,288,132,183#

$23,06,298,021,101,156#

$23,06,239,285,133,188#

$23,06,298,022,101,155#

$23,06,240,286,132,185#

$23,06,298,022,101,155#

$23,06,240,288,132,184#

$23,06,299,026,098,150#

$23,06,238,284,135,190#

$23,06,297,025,101,153#

$23,06,240,287,133,186#

$23,06,296,023,101,155#

$23,06,240,286,134,186#

$23,06,296,025,101,154#

$23,06,239,287,132,185#

$23,06,296,025,100,153#

$23,06,240,286,133,185#

$23,06,296,025,100,153#

$23,06,240,289,131,179#

$23,06,296,025,101,153#

$23,06,240,289,131,178#

$23,06,295,025,101,153#

$23,06,240,289,131,180#

$23,06,296,025,099,152#

$23,06,241,288,130,179#

$23,06,296,027,098,150#

$23,06,240,288,131,180#

$23,06,296,026,097,149#

$23,06,240,289,131,179#

$23,06,296,026,098,150#

$23,06,239,287,131,182#

$23,06,296,025,098,150#

$23,06,239,288,132,181#

$23,06,296,025,097,150#

$23,06,238,286,132,184#

$23,06,296,026,098,148#

$23,06,238,286,133,185#

$23,06,295,025,098,151#

$23,06,237,284,134,188#

$23,06,296,027,097,148#

$23,06,238,285,132,185#

$23,06,295,026,098,151#

$23,06,238,284,132,188#

$23,06,294,027,099,150#

$23,06,239,283,132,190#

$23,06,294,029,098,147#

$23,06,239,281,133,191#

$23,06,294,030,097,145#

$23,06,239,284,132,187#

$23,06,294,033,096,143#

$23,06,239,283,131,186#

$23,06,294,033,096,143#

$23,06,239,282,132,189#

$23,06,293,033,096,142#

$23,06,239,283,131,186#

$23,06,292,033,096,142#

$23,06,239,281,133,192#

$23,06,292,034,095,140#

$23,06,240,281,131,190#

$23,06,292,033,096,141#

$23,06,240,285,130,187#

$23,06,292,033,095,140#

$23,06,239,281,131,190#

$23,06,292,033,094,139#

$23,06,240,282,131,189#

$23,06,291,031,096,142#

$23,06,238,281,133,191#

$23,06,291,034,094,139#

$23,06,239,281,133,192#

$23,06,290,036,095,140#

$23,06,240,282,132,188#

$23,06,289,038,096,141#

$23,06,245,290,128,179#

$23,06,291,046,095,139#

$23,06,244,301,127,179#

$23,06,293,062,094,138#

$23,06,239,320,132,160#

$23,06,290,107,094,141#

$23,06,281,180,094,137#

$23,06,278,229,089,129#

$23,06,274,241,084,122#

$23,06,267,243,091,128#

$23,06,268,265,090,125#

$23,06,261,275,093,128#

$23,06,257,278,092,128#

$23,06,255,277,095,134#

$23,06,257,291,093,129#

$23,06,259,291,092,126#

$23,06,261,282,092,127#

$23,06,263,277,093,127#

$23,06,269,263,087,122#

$23,06,273,245,084,122#

$23,06,274,223,090,125#

$23,06,276,216,087,121#

$23,06,279,209,087,119#

$23,06,279,201,089,122#

$23,06,279,199,088,122#

$23,06,279,201,089,123#

$23,06,280,204,088,120#

$23,06,280,204,087,119#

$23,06,280,205,088,121#

$23,06,281,209,086,117#

$23,06,281,208,086,118#

$23,06,282,210,085,118#

$23,06,280,215,088,119#

$23,06,279,214,089,123#

$23,06,278,218,091,123#

$23,06,277,217,092,124#

$23,06,277,218,092,125#

$23,06,278,220,090,123#

$23,06,278,219,092,126#

$23,06,278,216,093,129#

$23,06,278,215,091,129#

$23,06,279,217,092,129#

$23,06,280,217,091,129#

$23,06,279,217,092,130#

$23,06,279,218,092,129#

$23,06,279,222,094,129#

$23,06,279,222,093,131#

$23,06,284,251,084,116#

$23,06,282,251,090,123#

$23,06,283,252,088,119#

$23,06,286,251,083,114#

$23,06,285,246,082,113#

$23,06,284,244,083,113#

$23,06,283,243,085,114#

$23,06,284,242,085,115#

$23,06,283,240,086,117#

$23,06,284,237,087,119#

$23,06,283,235,088,120#

$23,06,283,235,089,119#

$23,06,283,232,090,124#

$23,06,282,226,092,127#

$23,06,283,227,090,124#

$23,06,282,229,088,120#

$23,06,282,228,089,121#

$23,06,282,228,090,124#

$23,06,281,222,092,127#

$23,06,283,220,092,129#

$23,06,282,220,091,128#

$23,06,281,220,092,128#

$23,06,282,220,092,129#

$23,06,281,219,093,127#

$23,06,282,219,093,129#

$23,06,283,220,093,127#

$23,06,283,219,093,129#

$23,06,284,216,094,131#

$23,06,284,218,093,127#

$23,06,284,218,092,126#

$23,06,283,217,093,129#

$23,06,284,221,092,122#

$23,06,284,220,090,122#

$23,06,284,221,091,121#

$23,06,285,221,088,117#

$23,06,284,219,090,122#

$23,06,285,219,090,121#

$23,06,283,219,090,119#

$23,06,284,219,090,118#

$23,06,284,219,090,119#

$23,06,283,218,091,120#

$23,06,283,218,090,121#

$23,06,284,218,091,120#

$23,06,285,217,092,123#

$23,06,285,217,091,122#

$23,06,285,219,089,120#

$23,06,283,218,091,121#

$23,06,284,219,090,120#

$23,06,286,219,089,119#

$23,06,284,219,089,120#

$23,06,286,218,088,120#

$23,06,285,218,088,120#

$23,06,285,216,090,123#

$23,06,285,217,089,122#

$23,06,285,217,090,122#

$23,06,286,217,089,121#

$23,06,286,217,088,121#

$23,06,286,215,091,124#

$23,06,286,216,089,122#

$23,06,285,215,090,124#

$23,06,286,215,089,122#

$23,06,286,216,090,122#

$23,06,285,215,091,123#

$23,06,286,216,088,121#

$23,06,286,216,090,123#

$23,06,286,216,089,122#

$23,06,286,215,090,123#

$23,06,287,216,089,122#

$23,06,286,216,090,122#

$23,06,287,216,090,122#

$23,06,288,216,088,121#

$23,06,289,217,087,119#

$23,06,289,217,088,119#

$23,06,289,215,088,120#

$23,06,289,213,089,120#

$23,06,290,214,088,120#

$23,06,289,213,089,122#

$23,06,290,214,087,119#

$23,06,290,214,088,119#

$23,06,290,214,087,118#

$23,06,290,214,088,120#

$23,06,290,212,087,120#

$23,06,291,212,088,121#

$23,06,290,211,088,116#

$23,06,291,210,088,118#

$23,06,290,208,090,120#

$23,06,290,208,089,119#

$23,06,289,207,090,120#

$23,06,290,207,089,121#

$23,06,290,209,088,117#

$23,06,290,207,089,119#

$23,06,290,207,090,119#

$23,06,291,209,089,119#

$23,06,291,209,089,120#

$23,06,291,209,089,119#

$23,06,291,208,089,120#

$23,06,292,210,090,121#

$23,06,293,210,090,123#

$23,06,293,209,091,124#

$23,06,293,209,091,123#

$23,06,293,210,088,120#

$23,06,293,211,089,119#

$23,06,293,210,090,121#

$23,06,293,211,090,120#

$23,06,293,210,090,121#

$23,06,293,210,090,120#

$23,06,294,209,090,119#

$23,06,294,208,091,121#

$23,06,295,208,089,119#

$23,06,295,208,090,120#

$23,06,294,209,090,120#

$23,06,294,211,089,118#

$23,06,294,210,090,119#

$23,06,294,211,089,118#

$23,06,294,211,089,118#

$23,06,293,210,090,119#

$23,06,293,210,090,119#

$23,06,293,212,089,118#

$23,06,293,209,089,119#

$23,06,293,210,089,118#

$23,06,294,212,087,116#

$23,06,293,210,088,117#

$23,06,293,210,088,115#

$23,06,293,209,089,117#

$23,06,293,209,088,116#

$23,06,292,211,088,116#

$23,06,292,209,090,119#

$23,06,293,210,088,117#

$23,06,292,209,089,118#

$23,06,292,209,088,116#

$23,06,293,207,088,118#

$23,06,292,208,089,117#

$23,06,292,206,089,118#

$23,06,291,206,090,119#

$23,06,292,207,090,119#

$23,06,291,207,090,119#

$23,06,292,208,089,119#

$23,06,292,207,089,119#

$23,06,292,208,090,120#

$23,06,291,207,090,120#

$23,06,291,208,090,120#

$23,06,292,207,089,119#

$23,06,291,207,090,120#

$23,06,291,206,090,120#

$23,06,292,206,089,119#

$23,06,292,206,090,119#

$23,06,292,203,092,123#

$23,06,294,206,090,120#

$23,06,293,207,090,120#

$23,06,292,208,090,119#

$23,06,293,207,090,120#

$23,06,296,202,091,123#

$23,06,300,195,086,121#

$23,06,301,184,089,124#

$23,06,303,180,087,121#

$23,06,307,175,085,121#

$23,06,309,168,086,121#

$23,06,265,404,094,076#

$23,06,311,151,087,121#

$23,06,312,139,087,121#

$23,06,312,125,091,125#

$23,06,267,374,101,106#

$23,06,315,118,090,124#

$23,06,268,369,101,111#

$23,06,315,112,089,126#

$23,06,258,363,108,117#

$23,06,316,111,089,126#

$23,06,259,361,107,119#

$23,06,315,108,090,128#

$23,06,262,362,107,118#

$23,06,316,109,087,125#

$23,06,260,359,110,121#

$23,06,315,108,089,127#

$23,06,257,361,109,119#

$23,06,316,111,088,125#

$23,06,264,364,104,116#

$23,06,315,113,087,123#

$23,06,263,363,103,117#

$23,06,315,114,087,123#

$23,06,262,366,101,114#

$23,06,315,113,087,123#

$23,06,263,364,103,116#

$23,06,315,115,088,124#

$23,06,263,366,099,114#

$23,06,315,115,086,122#

$23,06,260,361,101,119#

$23,06,315,113,087,123#

$23,06,262,365,098,115#

$23,06,314,114,088,123#

$23,06,262,361,100,119#

$23,06,317,111,085,122#

$23,06,262,357,106,123#

$23,06,317,111,086,120#

$23,06,256,350,112,130#

$23,06,318,102,092,123#

$23,06,255,345,119,135#

$23,06,322,082,095,132#

$23,06,260,331,121,149#

$23,06,331,073,088,126#

$23,06,254,311,129,169#

$23,06,334,056,093,128#

$23,06,255,300,130,174#

$23,06,342,051,087,125#

$23,06,257,289,135,182#

$23,06,343,034,093,135#

$23,06,255,286,137,184#

$23,06,344,028,096,141#

$23,06,256,284,136,185#

$23,06,343,024,098,142#

$23,06,264,280,133,185#

$23,06,347,030,099,141#

$23,06,267,288,130,175#

$23,06,348,028,098,139#

$23,06,260,278,140,191#

$23,06,349,024,100,143#

$23,06,260,282,140,184#

$23,06,347,024,102,137#

$23,06,263,277,137,186#

$23,06,347,021,103,141#

$23,06,264,271,136,186#

$23,06,347,020,103,141#

$23,06,263,265,138,192#

$23,06,347,019,105,141#

$23,06,261,266,139,189#

$23,06,348,017,103,142#

$23,06,263,266,135,186#

$23,06,349,015,103,144#

$23,06,263,271,136,181#

$23,06,348,014,104,144#

$23,06,262,264,138,190#

$23,06,348,015,105,144#

$23,06,263,263,137,190#

$23,06,346,017,105,142#

$23,06,261,262,136,194#

$23,06,347,019,105,141#

$23,06,257,265,140,193#

$23,06,346,022,104,137#

$23,06,259,263,140,198#

$23,06,347,022,103,138#

$23,06,260,265,137,197#

$23,06,347,022,102,137#

$23,06,260,266,137,194#

$23,06,346,020,104,139#

$23,06,258,264,139,198#

$23,06,347,019,104,140#

$23,06,259,264,139,199#

$23,06,346,019,105,141#

$23,06,259,265,138,196#

$23,06,346,021,103,138#

$23,06,257,263,141,200#

$23,06,346,020,104,140#

$23,06,260,265,137,194#

$23,06,346,023,102,138#

$23,06,257,270,138,190#

$23,06,347,025,096,136#

$23,06,256,274,139,188#

$23,06,346,022,098,141#

$23,06,254,271,142,192#

$23,06,345,023,097,142#

$23,06,254,274,140,190#

$23,06,345,022,097,142#

$23,06,255,276,138,185#

$23,06,346,020,099,145#

$23,06,254,275,140,190#

$23,06,346,022,097,143#

$23,06,252,276,143,194#

$23,06,345,023,099,145#

$23,06,254,279,138,193#

$23,06,344,025,099,146#

$23,06,258,284,133,182#

$23,06,344,029,099,141#

$23,06,253,282,140,195#

$23,06,343,046,099,139#

$23,06,266,299,136,181#

$23,06,348,077,098,133#

$23,06,277,331,124,149#

$23,06,347,081,101,138#

$23,06,273,324,128,156#

$23,06,348,077,102,138#

$23,06,268,320,129,160#

$23,06,351,078,098,131#

$23,06,269,320,129,160#

$23,06,267,297,139,179#

$23,06,360,066,092,128#

$23,06,275,261,132,179#

$23,06,369,032,093,134#

$23,06,278,239,135,182#

$23,06,377,000,107,137#

$23,06,298,208,127,172#

$23,06,393,000,094,116#

$23,06,306,165,134,177#

$23,06,323,125,130,172#

$23,06,331,085,139,207#

$23,06,339,069,148,197#

$23,06,347,070,147,195#

$23,06,335,085,140,228#

$23,06,314,135,138,231#

$23,06,307,154,167,216#

$23,06,301,184,154,213#

$23,06,280,187,168,252#

$23,06,290,237,143,215#

$23,06,434,013,126,151#

$23,06,428,025,109,145#

$23,06,283,263,140,181#

$23,06,417,026,109,144#

$23,06,278,253,147,193#

$23,06,416,015,111,147#

$23,06,277,247,145,186#

$23,06,419,005,114,148#

$23,06,275,233,149,185#

$23,06,417,002,118,137#

$23,06,277,226,145,186#

$23,06,410,000,125,137#

$23,06,282,225,140,186#

$23,06,416,000,120,131#

$23,06,281,223,146,188#

$23,06,282,216,146,191#

$23,06,422,000,116,126#

$23,06,283,213,144,187#

$23,06,423,000,121,124#

$23,06,286,213,138,184#

$23,06,424,002,120,120#

$23,06,286,202,141,191#

$23,06,426,001,123,120#

$23,06,288,202,136,182#

$23,06,424,006,121,108#

$23,06,288,198,140,186#

$23,06,434,003,108,114#

$23,06,290,201,135,183#

$23,06,434,006,107,110#

$23,06,295,195,138,187#

$23,06,438,002,106,110#

$23,06,295,195,139,187#

$23,06,435,000,113,116#

$23,06,298,193,136,182#

$23,06,439,000,108,111#

$23,06,295,186,141,189#

$23,06,445,000,112,102#

$23,06,294,183,142,192#

$23,06,442,000,119,103#

$23,06,289,181,145,192#

$23,06,444,000,114,100#

$23,06,282,189,142,182#

$23,06,436,000,114,098#

$23,06,276,184,143,199#

$23,06,267,197,143,190#

$23,06,415,000,104,107#

$23,06,258,202,139,190#

$23,06,402,004,096,106#

$23,06,249,219,140,184#

$23,06,384,003,098,116#

$23,06,245,229,139,188#

$23,06,363,006,114,122#

$23,06,244,235,138,196#

$23,06,354,000,107,129#

$23,06,243,247,138,193#

$23,06,349,001,106,133#

$23,06,240,250,139,197#

$23,06,346,006,101,131#

$23,06,237,252,139,198#

$23,06,345,010,096,127#

$23,06,346,009,096,130#

$23,06,238,255,137,196#

$23,06,341,014,099,136#

$23,06,234,262,137,189#

$23,06,339,017,099,135#

$23,06,227,260,142,191#

$23,06,341,024,092,130#

$23,06,229,263,141,199#

$23,06,338,024,094,137#

$23,06,229,268,141,200#

$23,06,336,037,089,129#

$23,06,231,279,143,194#

$23,06,331,048,090,126#

$23,06,231,291,141,185#

$23,06,325,062,094,129#

$23,06,234,314,138,166#

$23,06,326,068,090,124#

$23,06,325,076,089,118#

$23,06,325,078,088,118#

$23,06,324,078,087,116#

$23,06,319,083,088,114#

$23,06,318,085,088,112#

$23,06,317,085,089,113#

$23,06,316,086,086,113#

$23,06,313,090,088,116#

$23,06,316,090,090,116#

$23,06,318,090,089,115#

$23,06,318,086,094,124#

$23,06,322,090,092,118#

$23,06,327,083,090,117#

$23,06,330,081,090,118#

$23,06,331,079,092,123#

$23,06,331,080,093,127#

$23,06,338,082,090,122#

$23,06,334,080,092,126#

$23,06,331,084,091,130#

$23,06,329,096,089,126#

$23,06,329,104,086,120#

$23,06,322,115,089,117#

$23,06,250,384,145,096#

$23,06,317,123,093,124#

$23,06,250,392,118,088#

$23,06,315,130,090,119#

$23,06,238,384,117,096#

$23,06,313,129,087,120#

$23,06,216,369,123,111#

$23,06,313,133,089,120#

$23,06,209,374,127,106#

$23,06,314,132,090,121#

$23,06,182,358,138,122#

$23,06,313,136,087,118#

$23,06,190,374,114,106#

$23,06,315,140,086,117#

$23,06,183,382,099,098#

$23,06,313,148,082,112#

$23,06,164,383,115,097#

$23,06,308,149,086,117#

$23,06,170,394,101,086#

$23,06,306,150,087,118#

$23,06,304,151,089,118#

$23,06,302,148,088,117#

$23,06,300,149,089,119#

$23,06,300,149,089,120#

$23,06,298,147,090,120#

$23,06,300,148,089,116#

$23,06,296,145,090,120#

$23,06,295,146,089,120#

$23,06,293,149,089,117#

$23,06,290,148,090,118#

$23,06,291,148,089,117#

$23,06,292,148,087,113#

$23,06,296,140,086,119#

$23,06,300,129,087,121#

$23,06,136,367,133,113#

$23,06,314,114,078,112#

$23,06,157,334,134,146#

$23,06,320,090,087,122#

$23,06,178,308,120,171#

$23,06,325,063,092,133#

$23,06,185,266,139,195#

$23,06,204,255,137,191#

$23,06,344,038,086,126#

$23,06,348,012,099,133#

$23,06,209,248,146,189#

$23,06,227,234,143,199#

$23,06,350,006,103,134#

$23,06,229,234,151,197#

$23,06,351,003,104,129#

$23,06,350,004,104,136#

$23,06,235,247,139,194#

$23,06,342,029,091,141#

$23,06,223,259,166,221#

$23,06,229,301,149,179#

$23,06,329,053,089,130#

$23,06,328,062,089,119#

$23,06,232,307,142,173#

$23,06,323,049,095,126#

$23,06,237,302,146,172#

$23,06,326,040,090,129#

$23,06,239,279,146,180#

$23,06,339,016,085,127#

$23,06,246,249,145,181#

$23,06,253,230,151,184#

$23,06,257,233,151,180#

$23,06,349,000,105,104#

$23,06,251,223,159,190#

$23,06,354,000,100,110#

$23,06,271,250,142,181#

$23,06,265,247,149,189#

$23,06,359,000,092,113#

$23,06,260,254,153,183#

$23,06,356,000,101,119#

$23,06,351,000,110,129#

$23,06,246,239,176,209#

$23,06,351,003,104,136#

$23,06,257,277,145,183#

$23,06,350,010,100,131#

$23,06,257,283,140,177#

$23,06,350,013,099,135#

$23,06,259,281,142,181#

$23,06,350,021,098,137#

$23,06,256,294,139,166#

$23,06,347,048,081,126#

$23,06,329,147,073,119#

$23,06,319,180,077,114#

$23,06,311,213,076,118#

$23,06,300,240,085,120#

$23,06,296,262,084,110#

$23,06,296,273,088,116#

$23,06,295,275,088,118#

$23,06,296,275,092,120#

$23,06,299,277,088,116#

$23,06,301,269,086,116#

$23,06,306,272,083,114#

$23,06,304,274,085,114#

$23,06,300,274,088,115#

$23,06,298,280,087,118#

$23,06,298,289,081,107#

$23,06,293,287,084,106#

$23,06,290,293,085,114#

$23,06,284,295,080,102#

$23,06,277,289,080,102#

$23,06,270,288,076,097#

$23,06,262,289,079,102#

$23,06,250,280,080,101#

$23,06,243,275,075,099#

$23,06,233,272,079,097#

$23,06,220,268,078,100#

$23,06,215,264,072,089#

$23,06,213,244,070,096#

$23,06,209,221,068,092#

$23,06,214,197,068,091#

$23,06,211,188,069,087#

$23,06,215,181,067,087#

$23,06,213,179,067,085#

$23,06,213,179,066,084#

$23,06,213,177,066,082#

$23,06,214,172,063,083#

$23,06,211,172,064,081#

$23,06,207,171,073,088#

$23,06,204,173,073,086#

$23,06,202,173,071,086#

$23,06,201,172,069,085#

$23,06,200,175,069,083#

$23,06,200,176,066,081#

$23,06,200,176,063,078#

$23,06,200,177,064,081#

$23,06,201,173,062,087#

$23,06,200,173,064,080#

$23,06,200,171,062,081#

$23,06,200,170,064,080#

$23,06,200,167,063,082#

$23,06,201,167,063,080#

$23,06,202,171,065,079#

$23,06,205,168,064,082#

$23,06,211,171,066,082#

$23,06,214,175,066,083#

$23,06,219,185,063,078#

$23,06,225,189,066,081#

$23,06,230,195,062,082#

$23,06,237,209,067,082#

$23,06,245,221,065,086#

$23,06,254,232,067,086#

$23,06,268,245,062,082#

$23,06,280,250,063,082#

$23,06,292,257,063,086#

$23,06,301,262,064,089#

$23,06,315,267,062,089#

$23,06,320,271,068,092#

$23,06,330,274,066,089#

$23,06,336,274,070,096#

$23,06,345,274,065,099#

$23,06,347,282,067,092#

$23,06,353,286,066,093#

$23,06,361,289,063,093#

$23,06,363,299,066,091#

$23,06,363,303,073,092#

$23,06,366,302,072,095#

$23,06,374,303,065,096#

$23,06,375,307,069,096#

$23,06,378,308,070,092#

$23,06,384,307,069,094#

$23,06,390,307,068,094#

$23,06,392,308,071,093#

$23,06,395,307,071,093#

$23,06,399,309,069,095#

$23,06,402,317,067,094#

$23,06,401,328,068,095#

$23,06,403,334,067,100#

$23,06,403,346,064,096#

$23,06,400,366,068,098#

$23,06,367,429,057,051#

$23,06,366,379,059,083#

$23,06,367,346,064,092#

$23,06,371,318,064,084#

$23,06,376,304,065,084#

$23,06,379,297,063,078#

$23,06,381,288,062,076#

$23,06,385,288,056,069#

$23,06,379,289,063,075#

$23,06,377,290,058,072#

$23,06,377,288,053,069#

$23,06,373,287,048,060#

$23,06,369,284,053,066#

$23,06,362,283,056,068#

$23,06,357,277,061,073#

$23,06,253,399,096,081#

$23,06,359,270,060,069#

$23,06,240,387,121,093#

$23,06,363,258,060,071#

$23,06,245,353,143,127#

$23,06,368,240,056,068#

$23,06,241,323,148,157#

$23,06,368,225,055,067#

$23,06,251,311,141,169#

$23,06,371,212,056,070#

$23,06,255,304,145,174#

$23,06,266,290,139,179#

$23,06,269,284,143,185#

$23,06,381,168,051,069#

$23,06,276,277,137,187#

$23,06,392,155,055,068#

$23,06,279,271,143,188#

$23,06,393,141,053,066#

$23,06,276,269,139,184#

$23,06,391,123,062,076#

$23,06,279,270,140,186#

$23,06,386,114,063,074#

$23,06,378,104,067,078#

$23,06,277,265,144,190#

$23,06,374,092,068,083#

$23,06,277,265,145,187#

$23,06,369,085,067,081#

$23,06,275,265,149,188#

$23,06,362,078,066,078#

$23,06,274,264,153,189#

$23,06,272,260,152,190#

$23,06,354,072,068,081#

$23,06,346,065,070,086#

$23,06,271,263,147,193#

$23,06,271,268,144,189#

$23,06,345,058,065,086#

$23,06,337,049,069,094#

$23,06,270,265,145,193#

$23,06,271,266,144,188#

$23,06,334,046,071,094#

$23,06,271,263,148,189#

$23,06,331,040,076,094#

$23,06,270,264,148,185#

$23,06,329,033,074,095#

$23,06,272,265,146,184#

$23,06,328,030,069,097#

$23,06,269,261,150,194#

$23,06,323,029,073,097#

$23,06,267,269,152,190#

$23,06,323,030,071,100#

$23,06,265,274,150,189#

$23,06,322,031,070,100#

$23,06,265,274,149,188#

$23,06,319,032,073,099#

$23,06,267,278,150,189#

$23,06,318,033,073,100#

$23,06,264,281,148,189#

$23,06,314,041,078,101#

$23,06,267,284,142,186#

$23,06,317,039,076,102#

$23,06,266,280,144,190#

$23,06,316,037,076,099#

$23,06,263,285,147,187#

$23,06,316,039,077,104#

$23,06,262,288,151,183#

$23,06,313,047,079,102#

$23,06,255,295,155,185#

$23,06,315,049,073,101#

$23,06,251,305,158,175#

$23,06,312,058,077,102#

$23,06,259,317,146,163#

$23,06,310,080,075,097#

$23,06,263,325,135,155#

$23,06,311,089,072,102#

$23,06,312,102,068,099#

$23,06,258,340,152,140#

$23,06,309,112,069,099#

$23,06,250,354,155,126#

$23,06,302,126,072,100#

$23,06,247,369,158,111#

$23,06,293,137,079,104#

$23,06,241,374,157,106#

$23,06,293,154,067,103#

$23,06,286,196,067,097#

$23,06,271,239,070,103#

$23,06,263,271,071,094#

$23,06,263,272,067,097#

$23,06,259,278,068,095#

$23,06,255,288,072,098#

$23,06,251,299,076,102#

$23,06,250,303,077,099#

$23,06,253,301,073,100#

$23,06,256,300,072,099#

$23,06,260,302,066,100#

$23,06,261,299,067,102#

$23,06,263,302,067,098#

$23,06,263,298,070,096#

$23,06,263,291,070,093#

$23,06,263,288,073,096#

$23,06,263,287,072,094#

$23,06,262,287,069,090#

$23,06,263,285,064,085#

$23,06,264,284,068,083#

$23,06,274,282,055,070#

$23,06,275,273,056,070#

$23,06,277,251,061,077#

$23,06,277,241,065,081#

$23,06,282,235,057,078#

$23,06,281,232,061,080#

$23,06,279,232,063,079#

$23,06,280,229,062,079#

$23,06,282,222,064,082#

$23,06,286,221,061,081#

$23,06,287,221,060,075#

$23,06,287,219,063,076#

$23,06,289,213,063,078#

$23,06,290,211,063,076#

$23,06,278,424,078,056#

$23,06,287,196,070,088#

$23,06,272,420,082,060#

$23,06,288,187,071,088#

$23,06,268,407,100,073#

$23,06,292,179,070,085#

$23,06,261,397,108,083#

$23,06,291,171,074,088#

$23,06,257,383,115,097#

$23,06,298,156,074,095#

$23,06,259,375,125,105#

$23,06,305,147,071,090#

$23,06,259,359,128,121#

$23,06,260,347,130,133#

$23,06,306,134,073,095#

$23,06,262,332,132,148#

$23,06,310,118,073,094#

$23,06,263,318,139,162#

$23,06,313,108,076,090#

$23,06,268,308,139,172#

$23,06,324,087,076,097#

$23,06,275,297,144,181#

$23,06,333,077,077,093#

$23,06,284,299,140,175#

$23,06,344,062,079,101#

$23,06,294,292,144,173#

$23,06,349,059,082,097#

$23,06,299,281,149,185#

$23,06,363,050,081,101#

$23,06,303,268,151,195#

$23,06,371,047,080,097#

$23,06,306,271,151,189#

$23,06,375,040,087,101#

$23,06,312,263,151,190#

$23,06,390,025,087,105#

$23,06,322,252,148,191#

$23,06,396,016,079,112#

$23,06,324,252,146,186#

$23,06,396,011,085,114#

$23,06,325,247,148,188#

$23,06,404,010,084,102#

$23,06,329,246,148,185#

$23,06,407,007,087,110#

$23,06,326,222,180,214#

$23,06,414,006,086,103#

$23,06,334,239,154,190#

$23,06,420,005,091,105#

$23,06,340,236,151,186#

$23,06,352,226,148,188#

$23,06,353,212,175,213#

$23,06,358,213,178,213#

$23,06,359,213,181,212#

$23,06,360,212,186,213#

$23,06,361,206,184,219#

$23,06,356,212,180,216#

$23,06,356,214,179,214#

$23,06,355,205,180,224#

$23,06,351,211,175,216#

$23,06,356,225,153,193#

$23,06,348,218,171,210#

$23,06,350,239,145,185#

$23,06,329,222,183,216#

$23,06,258,277,059,083#

$23,06,248,289,062,088#

$23,06,238,303,065,086#

$23,06,236,305,063,080#

$23,06,232,304,062,084#

$23,06,232,304,059,080#

$23,06,230,306,061,082#

$23,06,230,297,063,086#

$23,06,231,297,066,086#

$23,06,234,285,059,082#

$23,06,237,278,061,079#

$23,06,235,268,065,086#

$23,06,242,259,064,085#

$23,06,241,253,064,086#

$23,06,244,246,062,083#

$23,06,247,245,061,081#

$23,06,249,239,058,080#

$23,06,250,230,061,084#

$23,06,251,207,061,090#

$23,06,261,336,107,144#

$23,06,266,307,136,173#

$23,06,270,283,131,177#

$23,06,275,269,131,175#

$23,06,313,029,066,095#

$23,06,283,258,130,175#

$23,06,321,014,067,099#

$23,06,280,243,141,184#

$23,06,324,001,077,126#

$23,06,284,240,140,174#

$23,06,332,000,074,091#

$23,06,286,235,141,179#

$23,06,286,233,140,181#

$23,06,286,237,139,176#

$23,06,283,235,141,175#

$23,06,282,236,140,175#

$23,06,282,235,141,174#

$23,06,284,233,139,172#

$23,06,326,000,085,089#

$23,06,283,234,139,174#

$23,06,285,234,140,173#

$23,06,284,230,141,181#

$23,06,284,234,140,182#

$23,06,282,250,147,197#

$23,06,282,274,143,190#

$23,06,281,329,134,151#

$23,06,277,348,133,132#

$23,06,313,105,059,089#

$23,06,266,349,139,131#

$23,06,305,117,059,076#

$23,06,267,358,137,122#

$23,06,299,123,057,078#

$23,06,290,133,068,083#

$23,06,266,372,135,108#

$23,06,289,134,063,077#

$23,06,261,370,139,110#

$23,06,266,350,133,130#

$23,06,289,125,065,091#

$23,06,263,348,140,132#

$23,06,293,112,071,104#

$23,06,261,347,143,133#

$23,06,290,109,073,099#

$23,06,271,345,135,135#

$23,06,296,103,076,101#

$23,06,285,338,122,142#

$23,06,318,098,065,080#

$23,06,286,349,127,131#

$23,06,287,345,147,135#

$23,06,340,089,082,088#

$23,06,315,344,134,136#

$23,06,258,224,161,160#

$23,06,242,211,157,171#

$23,06,200,167,148,157#

$23,06,174,138,175,197#

$23,06,185,168,159,160#

$23,06,165,201,144,155#

$23,06,129,225,171,155#

$23,06,115,226,167,148#

$23,06,111,236,169,149#

$23,06,227,170,133,150#

$23,06,288,164,136,164#

$23,06,177,376,110,104#

$23,06,121,178,391,302#

$23,06,138,194,271,286#

$23,06,137,236,300,244#

$23,06,154,220,372,260#

$23,06,162,217,345,263#

$23,06,145,218,367,262#

$23,06,132,224,356,256#

IDE interrupt
$23,06,083,214,105,147#

$23,06,007,115,217,319#

$23,06,002,104,243,335#

$23,06,006,101,240,342#

$23,06,021,240,132,210#

$23,06,000,145,169,290#

$23,06,017,225,113,201#

人脸检测功能退出
MPY: soft reboot
CanMV v1.4.3(based on Micropython e00a144) on 2026-01-20; k230_canmv_yahboom with K230
find sensor gc2093_csi2, type 8, output 1920x1080@30

Traceback (most recent call last):
  File "<stdin>", line 224, in <module>
  File "<stdin>", line 178, in run_publisher
  File "/sdcard/libs/PipeLine.py", line 98, in create
  File "media/display.py", line 1, in init
ValueError: ST7701 unsupport 1920x1080
MPY: soft reboot
CanMV v1.4.3(based on Micropython e00a144) on 2026-01-20; k230_canmv_yahboom with K230

Traceback (most recent call last):
  File "<stdin>", line 5, in <module>
  File "/sdcard/ybUtils/YbKey.py", line 15, in is_pressed
Exception: IDE interrupt

MPY: soft reboot
CanMV v1.4.3(based on Micropython e00a144) on 2026-01-20; k230_canmv_yahboom with K230
find sensor gc2093_csi2, type 8, output 1920x1080@30

Traceback (most recent call last):
  File "<stdin>", line 224, in <module>
  File "<stdin>", line 178, in run_publisher
  File "/sdcard/libs/PipeLine.py", line 98, in create
  File "media/display.py", line 1, in init
ValueError: ST7701 unsupport 1920x1080
MPY: soft reboot
CanMV v1.4.3(based on Micropython e00a144) on 2026-01-20; k230_canmv_yahboom with K230
find sensor gc2093_csi2, type 8, output 1920x1080@30

Traceback (most recent call last):
  File "<stdin>", line 238, in <module>
  File "<stdin>", line 188, in run_publisher
  File "/sdcard/libs/PipeLine.py", line 98, in create
  File "media/display.py", line 1, in init
Exception: IDE interrupt


Traceback (most recent call last):
  File "<stdin>", line 5, in <module>
  File "/sdcard/ybUtils/YbKey.py", line 15, in is_pressed
Exception: IDE interrupt
MPY: soft reboot
CanMV v1.4.3(based on Micropython e00a144) on 2026-01-20; k230_canmv_yahboom with K230
find sensor gc2093_csi2, type 8, output 1920x1080@30
vb common pool count 6
sensor(0), mode 0, buffer_num 4, buffer_size 0
PV04 start source=face_detection image=1920x1080 display=800x480 confidence=unverified
PV04 raw_dets=[]
PV04 t_ms=1901967 target=0 count=0 fps=0.0
total took 25.37 ms
PV04 raw_dets=[]
PV04 t_ms=1901993 target=0 count=0 fps=38.5
total took 22.65 ms
PV04 raw_dets=[]
PV04 t_ms=1902024 target=0 count=0 fps=32.3
total took 30.38 ms
PV04 raw_dets=[]
PV04 t_ms=1902060 target=0 count=0 fps=27.8
total took 36.13 ms
PV04 raw_dets=[]
PV04 t_ms=1902094 target=0 count=0 fps=29.4
total took 34.00 ms
PV04 t_ms=1902130 target=0 count=0 fps=27.8
total took 36.64 ms
PV04 t_ms=1902165 target=0 count=0 fps=28.6
total took 34.27 ms
PV04 t_ms=1902202 target=0 count=0 fps=27.0
total took 36.02 ms
PV04 t_ms=1902253 target=0 count=0 fps=19.6
total took 52.17 ms
PV04 t_ms=1902277 target=0 count=0 fps=41.7
total took 23.04 ms
PV04 t_ms=1902308 target=0 count=0 fps=32.3
total took 30.53 ms
PV04 t_ms=1902342 target=0 count=0 fps=29.4
total took 34.54 ms
PV04 t_ms=1902379 target=0 count=0 fps=27.0
total took 36.36 ms
PV04 t_ms=1902413 target=0 count=0 fps=29.4
total took 34.51 ms
PV04 t_ms=1902449 target=0 count=0 fps=27.8
total took 36.05 ms
PV04 t_ms=1902486 target=0 count=0 fps=27.0
total took 36.03 ms
PV04 t_ms=1902520 target=0 count=0 fps=29.4
total took 34.50 ms
PV04 t_ms=1902554 target=0 count=0 fps=29.4
total took 35.66 ms
PV04 t_ms=1902591 target=0 count=0 fps=27.0
total took 35.86 ms
PV04 t_ms=1902626 target=0 count=0 fps=28.6
total took 34.31 ms
PV04 t_ms=1902662 target=0 count=0 fps=27.8
total took 35.62 ms
PV04 t_ms=1902697 target=0 count=0 fps=28.6
total took 34.95 ms
PV04 t_ms=1902732 target=0 count=0 fps=28.6
total took 34.58 ms
PV04 t_ms=1902767 target=0 count=0 fps=28.6
total took 36.57 ms
PV04 t_ms=1902802 target=0 count=0 fps=28.6
total took 35.14 ms
PV04 t_ms=1902840 target=0 count=0 fps=26.3
total took 36.36 ms
PV04 t_ms=1902875 target=0 count=0 fps=28.6
total took 34.46 ms
PV04 t_ms=1902910 target=0 count=0 fps=28.6
total took 35.28 ms
PV04 t_ms=1902944 target=0 count=0 fps=29.4
total took 33.39 ms
PV04 t_ms=1902979 target=0 count=0 fps=28.6
total took 36.11 ms
PV04 t_ms=1903016 target=0 count=0 fps=27.0
total took 36.19 ms
PV04 t_ms=1903052 target=0 count=0 fps=27.8
total took 35.17 ms
PV04 t_ms=1903087 target=0 count=0 fps=28.6
total took 35.28 ms
PV04 t_ms=1903122 target=0 count=0 fps=28.6
total took 34.66 ms
PV04 t_ms=1903157 target=0 count=0 fps=28.6
total took 35.40 ms
PV04 t_ms=1903192 target=0 count=0 fps=28.6
total took 34.57 ms
PV04 t_ms=1903227 target=0 count=0 fps=28.6
total took 35.23 ms
PV04 t_ms=1903264 target=0 count=0 fps=27.0
total took 36.28 ms
PV04 t_ms=1903314 target=0 count=0 fps=20.0
total took 51.42 ms
PV04 t_ms=1903337 target=0 count=0 fps=43.5
total took 21.84 ms
PV04 t_ms=1903369 target=0 count=0 fps=31.3
total took 32.13 ms
PV04 t_ms=1903404 target=0 count=0 fps=28.6
total took 34.66 ms
PV04 t_ms=1903441 target=0 count=0 fps=27.0
total took 36.47 ms
PV04 t_ms=1903475 target=0 count=0 fps=29.4
total took 34.26 ms
PV04 t_ms=1903512 target=0 count=0 fps=27.0
total took 36.57 ms
PV04 t_ms=1903548 target=0 count=0 fps=27.8
total took 36.03 ms
PV04 t_ms=1903582 target=0 count=0 fps=29.4
total took 34.46 ms
PV04 t_ms=1903616 target=0 count=0 fps=29.4
total took 33.53 ms
PV04 t_ms=1903652 target=0 count=0 fps=27.8
total took 35.69 ms
PV04 t_ms=1903689 target=0 count=0 fps=27.0
total took 36.65 ms
PV04 t_ms=1903723 target=0 count=0 fps=29.4
total took 33.98 ms
PV04 t_ms=1903759 target=0 count=0 fps=27.8
total took 36.50 ms
PV04 t_ms=1903794 target=0 count=0 fps=28.6
total took 35.09 ms
PV04 t_ms=1903844 target=0 count=0 fps=20.0
total took 50.98 ms
PV04 t_ms=1903869 target=1 count=1 x=922 y=517 w=297 h=390 cx=1070.5 cy=712.0 fps=40.0
total took 23.17 ms
PV04 t_ms=1903900 target=0 count=0 fps=32.3
total took 31.37 ms
PV04 t_ms=1903935 target=0 count=0 fps=28.6
total took 34.78 ms
PV04 t_ms=1903970 target=0 count=0 fps=28.6
total took 35.46 ms
PV04 t_ms=1904007 target=0 count=0 fps=27.0
total took 36.75 ms
PV04 t_ms=1904043 target=0 count=0 fps=27.8
total took 35.30 ms
PV04 t_ms=1904079 target=1 count=1 x=959 y=219 w=296 h=343 cx=1107.0 cy=390.5 fps=27.8
total took 36.24 ms
PV04 t_ms=1904113 target=1 count=1 x=929 y=182 w=329 h=397 cx=1093.5 cy=380.5 fps=29.4
total took 35.32 ms
PV04 t_ms=1904147 target=1 count=1 x=938 y=186 w=288 h=353 cx=1082.0 cy=362.5 fps=29.4
total took 34.70 ms
PV04 t_ms=1904183 target=1 count=1 x=933 y=165 w=288 h=353 cx=1077.0 cy=341.5 fps=27.8
total took 35.09 ms
PV04 t_ms=1904220 target=1 count=1 x=923 y=146 w=285 h=365 cx=1065.5 cy=328.5 fps=27.0
total took 35.54 ms
PV04 t_ms=1904256 target=1 count=1 x=921 y=146 w=290 h=374 cx=1066.0 cy=333.0 fps=27.8
total took 35.62 ms
PV04 t_ms=1904291 target=1 count=1 x=917 y=144 w=299 h=385 cx=1066.5 cy=336.5 fps=28.6
total took 34.83 ms
PV04 t_ms=1904324 target=1 count=1 x=914 y=140 w=304 h=385 cx=1066.0 cy=332.5 fps=30.3
total took 33.62 ms
PV04 t_ms=1904376 target=1 count=1 x=918 y=153 w=293 h=361 cx=1064.5 cy=333.5 fps=19.2
total took 53.74 ms
PV04 t_ms=1904401 target=1 count=1 x=914 y=169 w=309 h=394 cx=1068.5 cy=366.0 fps=40.0
total took 22.36 ms
PV04 t_ms=1904431 target=0 count=0 fps=33.3
total took 29.88 ms
PV04 t_ms=1904466 target=0 count=0 fps=28.6
total took 34.53 ms
PV04 t_ms=1904501 target=0 count=0 fps=28.6
total took 37.11 ms
PV04 t_ms=1904537 target=0 count=0 fps=27.8
total took 35.75 ms
PV04 t_ms=1904572 target=0 count=0 fps=28.6
total took 35.36 ms
PV04 t_ms=1904609 target=0 count=0 fps=27.0
total took 34.06 ms
PV04 t_ms=1904643 target=1 count=1 x=908 y=174 w=324 h=405 cx=1070.0 cy=376.5 fps=29.4
total took 34.83 ms
PV04 t_ms=1904679 target=1 count=1 x=899 y=162 w=340 h=424 cx=1069.0 cy=374.0 fps=27.8
total took 37.02 ms
PV04 t_ms=1904714 target=1 count=1 x=879 y=149 w=369 h=443 cx=1063.5 cy=370.5 fps=28.6
total took 33.65 ms
PV04 t_ms=1904750 target=1 count=1 x=874 y=136 w=355 h=458 cx=1051.5 cy=365.0 fps=27.8
total took 36.38 ms
PV04 t_ms=1904786 target=1 count=1 x=881 y=157 w=342 h=445 cx=1052.0 cy=379.5 fps=27.8
total took 34.92 ms
PV04 t_ms=1904821 target=1 count=1 x=904 y=205 w=306 h=393 cx=1057.0 cy=401.5 fps=28.6
total took 35.35 ms
PV04 t_ms=1904857 target=1 count=1 x=883 y=187 w=337 h=423 cx=1051.5 cy=398.5 fps=27.8
total took 36.08 ms
PV04 t_ms=1904892 target=0 count=0 fps=28.6
total took 34.05 ms
PV04 t_ms=1904929 target=0 count=0 fps=27.0
total took 37.11 ms
PV04 t_ms=1904963 target=0 count=0 fps=29.4
total took 33.65 ms
PV04 t_ms=1904998 target=1 count=1 x=870 y=258 w=301 h=349 cx=1020.5 cy=432.5 fps=28.6
total took 35.67 ms
PV04 t_ms=1905032 target=0 count=0 fps=29.4
total took 33.90 ms
PV04 t_ms=1905067 target=0 count=0 fps=28.6
total took 34.79 ms
PV04 t_ms=1905103 target=1 count=1 x=841 y=188 w=333 h=403 cx=1007.5 cy=389.5 fps=27.8
total took 37.74 ms
PV04 t_ms=1905138 target=1 count=1 x=833 y=183 w=340 h=413 cx=1003.0 cy=389.5 fps=28.6
total took 34.68 ms
PV04 t_ms=1905174 target=1 count=1 x=838 y=198 w=334 h=394 cx=1005.0 cy=395.0 fps=27.8
total took 33.94 ms
PV04 t_ms=1905209 target=0 count=0 fps=28.6
total took 34.78 ms
PV04 t_ms=1905244 target=0 count=0 fps=28.6
total took 35.40 ms
PV04 t_ms=1905280 target=0 count=0 fps=27.8
total took 36.67 ms
PV04 t_ms=1905315 target=0 count=0 fps=28.6
total took 36.12 ms
PV04 t_ms=1905351 target=0 count=0 fps=27.8
total took 35.02 ms
PV04 t_ms=1905386 target=1 count=1 x=825 y=169 w=325 h=398 cx=987.5 cy=368.0 fps=28.6
total took 33.78 ms
PV04 t_ms=1905422 target=0 count=0 fps=27.8
total took 34.95 ms
PV04 t_ms=1905457 target=0 count=0 fps=28.6
total took 35.13 ms
PV04 t_ms=1905492 target=0 count=0 fps=28.6
total took 36.62 ms
PV04 t_ms=1905528 target=1 count=1 x=824 y=165 w=327 h=393 cx=987.5 cy=361.5 fps=27.8
total took 36.03 ms
PV04 t_ms=1905565 target=0 count=0 fps=27.0
total took 35.97 ms
PV04 t_ms=1905600 target=0 count=0 fps=28.6
total took 34.61 ms
PV04 t_ms=1905636 target=0 count=0 fps=27.8
total took 35.26 ms
PV04 t_ms=1905669 target=0 count=0 fps=30.3
total took 33.16 ms
PV04 t_ms=1905704 target=0 count=0 fps=28.6
total took 36.96 ms
PV04 t_ms=1905740 target=1 count=1 x=832 y=168 w=328 h=400 cx=996.0 cy=368.0 fps=27.8
total took 34.76 ms
PV04 t_ms=1905777 target=0 count=0 fps=27.0
total took 36.13 ms
PV04 t_ms=1905813 target=0 count=0 fps=27.8
total took 35.68 ms
PV04 t_ms=1905846 target=1 count=1 x=823 y=173 w=330 h=416 cx=988.0 cy=381.0 fps=30.3
total took 33.61 ms
PV04 t_ms=1905882 target=1 count=1 x=811 y=179 w=346 h=435 cx=984.0 cy=396.5 fps=27.8
total took 37.26 ms
PV04 t_ms=1905917 target=1 count=1 x=841 y=240 w=307 h=384 cx=994.5 cy=432.0 fps=28.6
total took 34.91 ms
PV04 t_ms=1905968 target=1 count=1 x=846 y=288 w=283 h=350 cx=987.5 cy=463.0 fps=19.6
total took 51.31 ms
PV04 t_ms=1905993 target=1 count=1 x=844 y=273 w=287 h=361 cx=987.5 cy=453.5 fps=40.0
total took 22.55 ms
PV04 t_ms=1906023 target=0 count=0 fps=33.3
total took 29.10 ms
PV04 t_ms=1906058 target=0 count=0 fps=28.6
total took 35.76 ms
PV04 t_ms=1906094 target=1 count=1 x=841 y=241 w=308 h=388 cx=995.0 cy=435.0 fps=27.8
total took 37.79 ms
PV04 t_ms=1906130 target=1 count=1 x=838 y=213 w=326 h=420 cx=1001.0 cy=423.0 fps=27.8
total took 33.56 ms
PV04 t_ms=1906166 target=0 count=0 fps=27.8
total took 35.55 ms
PV04 t_ms=1906200 target=0 count=0 fps=29.4
total took 34.46 ms
PV04 t_ms=1906237 target=1 count=1 x=886 y=284 w=276 h=333 cx=1024.0 cy=450.5 fps=27.0
total took 37.01 ms
PV04 t_ms=1906271 target=0 count=0 fps=29.4
total took 35.12 ms
PV04 t_ms=1906307 target=1 count=1 x=875 y=265 w=287 h=360 cx=1018.5 cy=445.0 fps=27.8
total took 34.39 ms
PV04 t_ms=1906343 target=1 count=1 x=872 y=262 w=303 h=380 cx=1023.5 cy=452.0 fps=27.8
total took 35.86 ms
PV04 t_ms=1906377 target=0 count=0 fps=29.4
total took 34.18 ms
PV04 t_ms=1906413 target=0 count=0 fps=27.8
total took 35.10 ms
PV04 t_ms=1906448 target=1 count=1 x=859 y=246 w=291 h=373 cx=1004.5 cy=432.5 fps=28.6
total took 35.83 ms
PV04 t_ms=1906483 target=0 count=0 fps=28.6
total took 35.97 ms
PV04 t_ms=1906519 target=1 count=1 x=861 y=251 w=300 h=369 cx=1011.0 cy=435.5 fps=27.8
total took 35.58 ms
PV04 t_ms=1906555 target=1 count=1 x=848 y=228 w=315 h=398 cx=1005.5 cy=427.0 fps=27.8
total took 35.72 ms
PV04 t_ms=1906592 target=1 count=1 x=859 y=238 w=302 h=389 cx=1010.0 cy=432.5 fps=27.0
total took 35.92 ms
PV04 t_ms=1906627 target=1 count=1 x=862 y=255 w=282 h=360 cx=1003.0 cy=435.0 fps=28.6
total took 35.11 ms
PV04 t_ms=1906660 target=0 count=0 fps=30.3
total took 33.98 ms
PV04 t_ms=1906696 target=1 count=1 x=852 y=248 w=292 h=377 cx=998.0 cy=436.5 fps=27.8
total took 37.01 ms
PV04 t_ms=1906731 target=0 count=0 fps=28.6
total took 34.11 ms
PV04 t_ms=1906768 target=0 count=0 fps=27.0
total took 35.49 ms
PV04 t_ms=1906804 target=0 count=0 fps=27.8
total took 35.55 ms
PV04 t_ms=1906837 target=0 count=0 fps=30.3
total took 32.91 ms
PV04 t_ms=1906873 target=0 count=0 fps=27.8
total took 36.76 ms
PV04 t_ms=1906908 target=1 count=1 x=882 y=295 w=269 h=341 cx=1016.5 cy=465.5 fps=28.6
total took 35.80 ms
PV04 t_ms=1906945 target=1 count=1 x=905 y=353 w=236 h=279 cx=1023.0 cy=492.5 fps=27.0
total took 35.68 ms
PV04 t_ms=1906979 target=1 count=1 x=883 y=282 w=263 h=344 cx=1014.5 cy=454.0 fps=29.4
total took 33.27 ms
PV04 t_ms=1907014 target=0 count=0 fps=28.6
total took 34.93 ms
PV04 t_ms=1907050 target=0 count=0 fps=27.8
total took 35.37 ms
PV04 t_ms=1907085 target=0 count=0 fps=28.6
total took 37.48 ms
PV04 t_ms=1907120 target=0 count=0 fps=28.6
total took 35.06 ms
PV04 t_ms=1907158 target=1 count=1 x=883 y=261 w=281 h=381 cx=1023.5 cy=451.5 fps=26.3
total took 35.91 ms
PV04 t_ms=1907191 target=1 count=1 x=878 y=265 w=283 h=366 cx=1019.5 cy=448.0 fps=30.3
total took 33.10 ms
PV04 t_ms=1907227 target=1 count=1 x=882 y=270 w=287 h=363 cx=1025.5 cy=451.5 fps=27.8
total took 35.48 ms
PV04 t_ms=1907262 target=1 count=1 x=887 y=264 w=279 h=373 cx=1026.5 cy=450.5 fps=28.6
total took 36.51 ms
PV04 t_ms=1907297 target=1 count=1 x=867 y=224 w=299 h=398 cx=1016.5 cy=423.0 fps=28.6
total took 35.72 ms
PV04 t_ms=1907333 target=0 count=0 fps=27.8
total took 34.73 ms
PV04 t_ms=1907370 target=1 count=1 x=886 y=271 w=277 h=354 cx=1024.5 cy=448.0 fps=27.0
total took 36.14 ms
PV04 t_ms=1907404 target=0 count=0 fps=29.4
total took 32.82 ms
PV04 t_ms=1907439 target=0 count=0 fps=28.6
total took 35.15 ms
PV04 t_ms=1907474 target=0 count=0 fps=28.6
total took 36.89 ms
PV04 t_ms=1907510 target=0 count=0 fps=27.8
total took 34.61 ms
PV04 t_ms=1907547 target=0 count=0 fps=27.0
total took 36.62 ms
PV04 t_ms=1907581 target=0 count=0 fps=29.4
total took 33.08 ms
PV04 t_ms=1907616 target=1 count=1 x=868 y=270 w=286 h=369 cx=1011.0 cy=454.5 fps=28.6
total took 35.49 ms
PV04 t_ms=1907651 target=0 count=0 fps=28.6
total took 36.13 ms
PV04 t_ms=1907687 target=0 count=0 fps=27.8
total took 36.28 ms
PV04 t_ms=1907722 target=0 count=0 fps=28.6
total took 34.67 ms
PV04 t_ms=1907759 target=0 count=0 fps=27.0
total took 35.98 ms
PV04 t_ms=1907795 target=0 count=0 fps=27.8
total took 35.51 ms
PV04 t_ms=1907828 target=0 count=0 fps=30.3
total took 32.68 ms
PV04 t_ms=1907864 target=0 count=0 fps=27.8
total took 37.11 ms
PV04 t_ms=1907899 target=0 count=0 fps=28.6
total took 34.89 ms
PV04 t_ms=1907936 target=0 count=0 fps=27.0
total took 36.41 ms
PV04 t_ms=1907972 target=0 count=0 fps=27.8
total took 35.39 ms
PV04 t_ms=1908005 target=0 count=0 fps=30.3
total took 33.09 ms
PV04 t_ms=1908040 target=1 count=1 x=817 y=223 w=329 h=426 cx=981.5 cy=436.0 fps=28.6
total took 36.61 ms
PV04 t_ms=1908076 target=1 count=1 x=829 y=231 w=321 h=415 cx=989.5 cy=438.5 fps=27.8
total took 36.29 ms
PV04 t_ms=1908112 target=1 count=1 x=838 y=250 w=307 h=388 cx=991.5 cy=444.0 fps=27.8
total took 35.06 ms
PV04 t_ms=1908149 target=1 count=1 x=836 y=245 w=317 h=394 cx=994.5 cy=442.0 fps=27.0
total took 35.53 ms
PV04 t_ms=1908184 target=1 count=1 x=829 y=243 w=316 h=396 cx=987.0 cy=441.0 fps=28.6
total took 34.99 ms
PV04 t_ms=1908218 target=1 count=1 x=840 y=252 w=294 h=383 cx=987.0 cy=443.5 fps=29.4
total took 33.30 ms
PV04 t_ms=1908253 target=1 count=1 x=841 y=279 w=281 h=351 cx=981.5 cy=454.5 fps=28.6
total took 37.14 ms
PV04 t_ms=1908289 target=1 count=1 x=836 y=274 w=284 h=354 cx=978.0 cy=451.0 fps=27.8
total took 34.83 ms
PV04 t_ms=1908325 target=1 count=1 x=832 y=256 w=297 h=383 cx=980.5 cy=447.5 fps=27.8
total took 35.72 ms
PV04 t_ms=1908362 target=1 count=1 x=841 y=282 w=279 h=358 cx=980.5 cy=461.0 fps=27.0
total took 35.78 ms
PV04 t_ms=1908395 target=1 count=1 x=837 y=286 w=289 h=369 cx=981.5 cy=470.5 fps=30.3
total took 32.96 ms
PV04 t_ms=1908430 target=1 count=1 x=838 y=277 w=292 h=377 cx=984.0 cy=465.5 fps=28.6
total took 36.53 ms
PV04 t_ms=1908465 target=1 count=1 x=837 y=288 w=316 h=375 cx=995.0 cy=475.5 fps=28.6
total took 35.93 ms
PV04 t_ms=1908501 target=1 count=1 x=815 y=267 w=344 h=407 cx=987.0 cy=470.5 fps=27.8
total took 35.24 ms
PV04 t_ms=1908538 target=1 count=1 x=825 y=278 w=329 h=395 cx=989.5 cy=475.5 fps=27.0
total took 35.56 ms
PV04 t_ms=1908574 target=1 count=1 x=824 y=284 w=327 h=388 cx=987.5 cy=478.0 fps=27.8
total took 35.56 ms
PV04 t_ms=1908608 target=1 count=1 x=835 y=308 w=316 h=376 cx=993.0 cy=496.0 fps=29.4
total took 34.39 ms
PV04 t_ms=1908642 target=1 count=1 x=832 y=305 w=311 h=377 cx=987.5 cy=493.5 fps=29.4
total took 35.15 ms
PV04 t_ms=1908678 target=0 count=0 fps=27.8
total took 35.11 ms
PV04 t_ms=1908714 target=0 count=0 fps=27.8
total took 35.20 ms
PV04 t_ms=1908750 target=0 count=0 fps=27.8
total took 35.60 ms
PV04 t_ms=1908786 target=1 count=1 x=849 y=583 w=253 h=326 cx=975.5 cy=746.0 fps=27.8
total took 35.68 ms
PV04 t_ms=1908821 target=0 count=0 fps=28.6
total took 34.31 ms
PV04 t_ms=1908855 target=0 count=0 fps=29.4
total took 34.54 ms
PV04 t_ms=1908890 target=1 count=1 x=793 y=592 w=336 h=423 cx=961.0 cy=803.5 fps=28.6
total took 35.87 ms
PV04 t_ms=1908927 target=0 count=0 fps=27.0
total took 36.14 ms
PV04 t_ms=1908965 target=0 count=0 fps=26.3
total took 37.33 ms
PV04 t_ms=1908998 target=0 count=0 fps=30.3
total took 32.74 ms
PV04 t_ms=1909032 target=1 count=1 x=579 y=411 w=583 h=669 cx=870.5 cy=745.5 fps=29.4
total took 35.10 ms
PV04 t_ms=1909068 target=0 count=0 fps=27.8
total took 35.34 ms
PV04 t_ms=1909104 target=0 count=0 fps=27.8
total took 35.19 ms
PV04 t_ms=1909155 target=1 count=1 x=803 y=604 w=331 h=403 cx=968.5 cy=805.5 fps=19.6
total took 54.23 ms
PV04 t_ms=1909180 target=0 count=0 fps=40.0
total took 23.95 ms
PV04 t_ms=1909209 target=0 count=0 fps=34.5
total took 26.41 ms
PV04 t_ms=1909244 target=1 count=1 x=807 y=600 w=328 h=405 cx=971.0 cy=802.5 fps=28.6
total took 37.48 ms
PV04 t_ms=1909279 target=1 count=1 x=812 y=614 w=319 h=398 cx=971.5 cy=813.0 fps=28.6
total took 34.46 ms
PV04 t_ms=1909316 target=0 count=0 fps=27.0
total took 36.11 ms
PV04 t_ms=1909353 target=0 count=0 fps=27.0
total took 35.52 ms
PV04 t_ms=1909386 target=1 count=1 x=836 y=638 w=285 h=348 cx=978.5 cy=812.0 fps=30.3
total took 33.20 ms
PV04 t_ms=1909421 target=1 count=1 x=835 y=637 w=283 h=344 cx=976.5 cy=809.0 fps=28.6
total took 37.17 ms
PV04 t_ms=1909456 target=0 count=0 fps=28.6
total took 35.42 ms
PV04 t_ms=1909492 target=0 count=0 fps=27.8
total took 32.92 ms
PV04 t_ms=1909528 target=1 count=1 x=872 y=635 w=355 h=445 cx=1049.5 cy=857.5 fps=27.8
total took 36.38 ms
PV04 t_ms=1909562 target=0 count=0 fps=29.4
total took 33.99 ms
PV04 t_ms=1909598 target=1 count=1 x=913 y=689 w=424 h=391 cx=1125.0 cy=884.5 fps=27.8
total took 35.85 ms
PV04 t_ms=1909633 target=1 count=1 x=938 y=709 w=398 h=371 cx=1137.0 cy=894.5 fps=28.6
total took 37.30 ms
PV04 t_ms=1909669 target=1 count=1 x=979 y=692 w=407 h=388 cx=1182.5 cy=886.0 fps=27.8
total took 34.53 ms
PV04 t_ms=1909706 target=1 count=1 x=1003 y=629 w=478 h=451 cx=1242.0 cy=854.5 fps=27.0
total took 35.72 ms
PV04 t_ms=1909741 target=0 count=0 fps=28.6
total took 35.10 ms
PV04 t_ms=1909777 target=1 count=1 x=1165 y=547 w=480 h=352 cx=1405.0 cy=723.0 fps=27.8
total took 35.91 ms
PV04 t_ms=1909810 target=1 count=1 x=1228 y=506 w=424 h=365 cx=1440.0 cy=688.5 fps=30.3
total took 34.45 ms
PV04 t_ms=1909846 target=0 count=0 fps=27.8
total took 35.74 ms
PV04 t_ms=1909881 target=1 count=1 x=1232 y=431 w=404 h=321 cx=1434.0 cy=591.5 fps=28.6
total took 35.06 ms
PV04 t_ms=1909917 target=1 count=1 x=1272 y=336 w=417 h=368 cx=1480.5 cy=520.0 fps=27.8
total took 33.82 ms
PV04 t_ms=1909952 target=1 count=1 x=1308 y=301 w=363 h=361 cx=1489.5 cy=481.5 fps=28.6
total took 35.22 ms
PV04 t_ms=1909987 target=0 count=0 fps=28.6
total took 34.66 ms
PV04 t_ms=1910023 target=1 count=1 x=1264 y=203 w=518 h=391 cx=1523.0 cy=398.5 fps=27.8
total took 37.19 ms
PV04 t_ms=1910058 target=1 count=1 x=1361 y=235 w=433 h=362 cx=1577.5 cy=416.0 fps=28.6
total took 35.02 ms
PV04 t_ms=1910095 target=1 count=1 x=1370 y=90 w=522 h=422 cx=1631.0 cy=301.0 fps=27.0
total took 35.70 ms
PV04 t_ms=1910131 target=1 count=1 x=1301 y=97 w=529 h=392 cx=1565.5 cy=293.0 fps=27.8
total took 35.87 ms
PV04 t_ms=1910164 target=1 count=1 x=1365 y=47 w=490 h=397 cx=1610.0 cy=245.5 fps=30.3
total took 32.97 ms
PV04 t_ms=1910217 target=1 count=1 x=1275 y=7 w=525 h=398 cx=1537.5 cy=206.0 fps=18.9
total took 53.65 ms
PV04 t_ms=1910242 target=1 count=1 x=1226 y=0 w=562 h=377 cx=1507.0 cy=188.5 fps=40.0
total took 24.68 ms
PV04 t_ms=1910270 target=1 count=1 x=1200 y=0 w=557 h=366 cx=1478.5 cy=183.0 fps=35.7
total took 27.06 ms
PV04 t_ms=1910306 target=1 count=1 x=1253 y=0 w=482 h=352 cx=1494.0 cy=176.0 fps=27.8
total took 36.22 ms
PV04 t_ms=1910341 target=0 count=0 fps=28.6
total took 34.00 ms
PV04 t_ms=1910376 target=0 count=0 fps=28.6
total took 35.35 ms
PV04 t_ms=1910412 target=0 count=0 fps=27.8
total took 37.32 ms
PV04 t_ms=1910447 target=0 count=0 fps=28.6
total took 33.65 ms
PV04 t_ms=1910484 target=0 count=0 fps=27.0
total took 36.21 ms
PV04 t_ms=1910519 target=1 count=1 x=1135 y=0 w=436 h=293 cx=1353.0 cy=146.5 fps=28.6
total took 35.70 ms
PV04 t_ms=1910553 target=0 count=0 fps=29.4
total took 33.81 ms
PV04 t_ms=1910589 target=0 count=0 fps=27.8
total took 35.48 ms
PV04 t_ms=1910625 target=1 count=1 x=1106 y=0 w=434 h=334 cx=1323.0 cy=167.0 fps=27.8
total took 38.25 ms
PV04 t_ms=1910660 target=1 count=1 x=1110 y=3 w=443 h=363 cx=1331.5 cy=184.5 fps=28.6
total took 34.93 ms
PV04 t_ms=1910697 target=1 count=1 x=1109 y=0 w=428 h=357 cx=1323.0 cy=178.5 fps=27.0
total took 35.40 ms
PV04 t_ms=1910731 target=1 count=1 x=1105 y=0 w=406 h=365 cx=1308.0 cy=182.5 fps=29.4
total took 32.89 ms
PV04 t_ms=1910766 target=1 count=1 x=1100 y=0 w=448 h=386 cx=1324.0 cy=193.0 fps=28.6
total took 35.36 ms
PV04 t_ms=1910801 target=1 count=1 x=1075 y=14 w=444 h=398 cx=1297.0 cy=213.0 fps=28.6
total took 36.73 ms
PV04 t_ms=1910837 target=1 count=1 x=1044 y=33 w=436 h=391 cx=1262.0 cy=228.5 fps=27.8
total took 36.03 ms
PV04 t_ms=1910872 target=1 count=1 x=1006 y=19 w=467 h=389 cx=1239.5 cy=213.5 fps=28.6
total took 34.82 ms
PV04 t_ms=1910909 target=1 count=1 x=993 y=22 w=462 h=393 cx=1224.0 cy=218.5 fps=27.0
total took 35.80 ms
PV04 t_ms=1910943 target=1 count=1 x=1010 y=20 w=430 h=431 cx=1225.0 cy=235.5 fps=29.4
total took 32.96 ms
PV04 t_ms=1910978 target=1 count=1 x=1001 y=43 w=422 h=448 cx=1212.0 cy=267.0 fps=28.6
total took 35.82 ms
PV04 t_ms=1911014 target=1 count=1 x=969 y=53 w=439 h=461 cx=1188.5 cy=283.5 fps=27.8
total took 35.14 ms
PV04 t_ms=1911049 target=1 count=1 x=991 y=62 w=344 h=392 cx=1163.0 cy=258.0 fps=28.6
total took 34.65 ms
PV04 t_ms=1911086 target=1 count=1 x=921 y=0 w=421 h=441 cx=1131.5 cy=220.5 fps=27.0
total took 36.23 ms
PV04 t_ms=1911122 target=0 count=0 fps=27.8
total took 34.74 ms
PV04 t_ms=1911155 target=0 count=0 fps=30.3
total took 33.26 ms
PV04 t_ms=1911191 target=1 count=1 x=814 y=258 w=357 h=418 cx=992.5 cy=467.0 fps=27.8
total took 37.39 ms
PV04 t_ms=1911226 target=1 count=1 x=758 y=278 w=404 h=440 cx=960.0 cy=498.0 fps=28.6
total took 36.08 ms
PV04 t_ms=1911277 target=1 count=1 x=712 y=328 w=416 h=471 cx=920.0 cy=563.5 fps=19.6
total took 51.85 ms
PV04 t_ms=1911303 target=1 count=1 x=656 y=365 w=429 h=423 cx=870.5 cy=576.5 fps=38.5
total took 22.55 ms
PV04 t_ms=1911332 target=1 count=1 x=629 y=361 w=451 h=441 cx=854.5 cy=581.5 fps=34.5
total took 29.45 ms
PV04 t_ms=1911368 target=1 count=1 x=633 y=407 w=419 h=437 cx=842.5 cy=625.5 fps=27.8
total took 35.22 ms
PV04 t_ms=1911403 target=1 count=1 x=609 y=455 w=443 h=407 cx=830.5 cy=658.5 fps=28.6
total took 36.65 ms
PV04 t_ms=1911439 target=1 count=1 x=618 y=500 w=421 h=392 cx=828.5 cy=696.0 fps=27.8
total took 34.86 ms
PV04 t_ms=1911475 target=1 count=1 x=639 y=554 w=417 h=377 cx=847.5 cy=742.5 fps=27.8
total took 35.16 ms
PV04 t_ms=1911510 target=1 count=1 x=606 y=580 w=452 h=343 cx=832.0 cy=751.5 fps=28.6
total took 35.34 ms
PV04 t_ms=1911545 target=1 count=1 x=651 y=516 w=399 h=325 cx=850.5 cy=678.5 fps=28.6
total took 34.60 ms
PV04 t_ms=1911582 target=1 count=1 x=699 y=490 w=307 h=377 cx=852.5 cy=678.5 fps=27.0
total took 38.28 ms
PV04 t_ms=1911615 target=1 count=1 x=655 y=480 w=374 h=417 cx=842.0 cy=688.5 fps=30.3
total took 33.64 ms
PV04 t_ms=1911650 target=1 count=1 x=658 y=574 w=314 h=383 cx=815.0 cy=765.5 fps=28.6
total took 33.11 ms
PV04 t_ms=1911686 target=1 count=1 x=611 y=574 w=381 h=416 cx=801.5 cy=782.0 fps=27.8
total took 35.70 ms
PV04 t_ms=1911722 target=1 count=1 x=596 y=582 w=349 h=392 cx=770.5 cy=778.0 fps=27.8
total took 35.75 ms
PV04 t_ms=1911757 target=1 count=1 x=588 y=592 w=338 h=376 cx=757.0 cy=780.0 fps=28.6
total took 34.50 ms
PV04 t_ms=1911809 target=1 count=1 x=563 y=606 w=357 h=381 cx=741.5 cy=796.5 fps=19.2
total took 54.03 ms
PV04 t_ms=1911834 target=1 count=1 x=588 y=624 w=340 h=372 cx=758.0 cy=810.0 fps=40.0
total took 22.90 ms
PV04 t_ms=1911864 target=1 count=1 x=610 y=630 w=322 h=358 cx=771.0 cy=809.0 fps=33.3
total took 30.20 ms
PV04 t_ms=1911900 target=1 count=1 x=625 y=624 w=324 h=369 cx=787.0 cy=808.5 fps=27.8
total took 35.17 ms
PV04 t_ms=1911934 target=1 count=1 x=650 y=629 w=333 h=383 cx=816.5 cy=820.5 fps=29.4
total took 34.42 ms
PV04 t_ms=1911969 target=1 count=1 x=690 y=617 w=314 h=371 cx=847.0 cy=802.5 fps=28.6
total took 36.65 ms
PV04 t_ms=1912005 target=1 count=1 x=716 y=602 w=305 h=366 cx=868.5 cy=785.0 fps=27.8
total took 36.19 ms
PV04 t_ms=1912041 target=1 count=1 x=733 y=598 w=298 h=361 cx=882.0 cy=778.5 fps=27.8
total took 34.05 ms
PV04 t_ms=1912077 target=1 count=1 x=738 y=581 w=299 h=371 cx=887.5 cy=766.5 fps=27.8
total took 35.27 ms
PV04 t_ms=1912112 target=1 count=1 x=748 y=572 w=299 h=371 cx=897.5 cy=757.5 fps=28.6
total took 35.16 ms
PV04 t_ms=1912146 target=1 count=1 x=755 y=580 w=306 h=366 cx=908.0 cy=763.0 fps=29.4
total took 34.27 ms
PV04 t_ms=1912182 target=1 count=1 x=764 y=554 w=322 h=388 cx=925.0 cy=748.0 fps=27.8
total took 35.70 ms
PV04 t_ms=1912218 target=1 count=1 x=780 y=537 w=320 h=396 cx=940.0 cy=735.0 fps=27.8
total took 35.96 ms
PV04 t_ms=1912254 target=1 count=1 x=783 y=549 w=309 h=377 cx=937.5 cy=737.5 fps=27.8
total took 35.43 ms
PV04 t_ms=1912288 target=1 count=1 x=788 y=525 w=304 h=371 cx=940.0 cy=710.5 fps=29.4
total took 34.44 ms
PV04 t_ms=1912340 target=1 count=1 x=797 y=504 w=305 h=364 cx=949.5 cy=686.0 fps=19.2
total took 52.40 ms
PV04 t_ms=1912364 target=1 count=1 x=812 y=502 w=301 h=363 cx=962.5 cy=683.5 fps=41.7
total took 23.29 ms
PV04 t_ms=1912394 target=1 count=1 x=820 y=508 w=299 h=364 cx=969.5 cy=690.0 fps=33.3
total took 30.34 ms
PV04 t_ms=1912429 target=1 count=1 x=820 y=500 w=298 h=361 cx=969.0 cy=680.5 fps=28.6
total took 35.75 ms
PV04 t_ms=1912467 target=1 count=1 x=799 y=476 w=307 h=377 cx=952.5 cy=664.5 fps=26.3
total took 36.23 ms
PV04 t_ms=1912502 target=1 count=1 x=762 y=461 w=328 h=399 cx=926.0 cy=660.5 fps=28.6
total took 35.51 ms
PV04 t_ms=1912538 target=1 count=1 x=728 y=462 w=312 h=396 cx=884.0 cy=660.0 fps=27.8
total took 35.27 ms
PV04 t_ms=1912572 target=1 count=1 x=689 y=487 w=316 h=381 cx=847.0 cy=677.5 fps=29.4
total took 34.26 ms
PV04 t_ms=1912607 target=1 count=1 x=636 y=485 w=321 h=398 cx=796.5 cy=684.0 fps=28.6
total took 36.39 ms
PV04 t_ms=1912644 target=1 count=1 x=590 y=502 w=324 h=397 cx=752.0 cy=700.5 fps=27.0
total took 35.85 ms
PV04 t_ms=1912679 target=1 count=1 x=542 y=508 w=327 h=404 cx=705.5 cy=710.0 fps=28.6
total took 34.71 ms
PV04 t_ms=1912715 target=1 count=1 x=491 y=493 w=337 h=412 cx=659.5 cy=699.0 fps=27.8
total took 35.11 ms
PV04 t_ms=1912750 target=1 count=1 x=457 y=512 w=338 h=405 cx=626.0 cy=714.5 fps=28.6
total took 35.04 ms
PV04 t_ms=1912783 target=1 count=1 x=400 y=525 w=340 h=425 cx=570.0 cy=737.5 fps=30.3
total took 35.55 ms
PV04 t_ms=1912819 target=1 count=1 x=354 y=537 w=347 h=413 cx=527.5 cy=743.5 fps=27.8
total took 34.34 ms
PV04 t_ms=1912872 target=1 count=1 x=319 y=506 w=353 h=410 cx=495.5 cy=711.0 fps=18.9
total took 54.06 ms
PV04 t_ms=1912897 target=1 count=1 x=292 y=501 w=349 h=431 cx=466.5 cy=716.5 fps=40.0
total took 23.91 ms
PV04 t_ms=1912925 target=1 count=1 x=275 y=501 w=361 h=445 cx=455.5 cy=723.5 fps=35.7
total took 27.09 ms
PV04 t_ms=1912960 target=1 count=1 x=265 y=524 w=357 h=438 cx=443.5 cy=743.0 fps=28.6
total took 36.67 ms
PV04 t_ms=1912996 target=1 count=1 x=241 y=530 w=369 h=432 cx=425.5 cy=746.0 fps=27.8
total took 36.08 ms
PV04 t_ms=1913031 target=1 count=1 x=215 y=511 w=377 h=448 cx=403.5 cy=735.0 fps=28.6
total took 34.69 ms
PV04 t_ms=1913068 target=1 count=1 x=210 y=521 w=373 h=446 cx=396.5 cy=744.0 fps=27.0
total took 35.68 ms
PV04 t_ms=1913102 target=1 count=1 x=206 y=530 w=369 h=443 cx=390.5 cy=751.5 fps=29.4
total took 32.95 ms
PV04 t_ms=1913137 target=1 count=1 x=197 y=528 w=360 h=443 cx=377.0 cy=749.5 fps=28.6
total took 35.36 ms
PV04 t_ms=1913173 target=1 count=1 x=184 y=499 w=374 h=465 cx=371.0 cy=731.5 fps=27.8
total took 36.85 ms
PV04 t_ms=1913208 target=1 count=1 x=177 y=495 w=380 h=466 cx=367.0 cy=728.0 fps=28.6
total took 35.30 ms
PV04 t_ms=1913246 target=1 count=1 x=176 y=493 w=379 h=471 cx=365.5 cy=728.5 fps=26.3
total took 36.64 ms
PV04 t_ms=1913281 target=1 count=1 x=179 y=498 w=377 h=466 cx=367.5 cy=731.0 fps=28.6
total took 34.34 ms
PV04 t_ms=1913314 target=1 count=1 x=174 y=499 w=379 h=468 cx=363.5 cy=733.0 fps=30.3
total took 33.51 ms
PV04 t_ms=1913350 target=1 count=1 x=161 y=490 w=390 h=481 cx=356.0 cy=730.5 fps=27.8
total took 36.47 ms
PV04 t_ms=1913400 target=1 count=1 x=164 y=488 w=387 h=481 cx=357.5 cy=728.5 fps=20.0
total took 53.76 ms
PV04 t_ms=1913428 target=1 count=1 x=162 y=492 w=385 h=480 cx=354.5 cy=732.0 fps=35.7
total took 22.30 ms
PV04 t_ms=1913457 target=1 count=1 x=159 y=493 w=381 h=471 cx=349.5 cy=728.5 fps=34.5
total took 29.50 ms
PV04 t_ms=1913492 target=1 count=1 x=152 y=492 w=387 h=478 cx=345.5 cy=731.0 fps=28.6
total took 35.37 ms
PV04 t_ms=1913527 target=1 count=1 x=154 y=490 w=392 h=490 cx=350.0 cy=735.0 fps=28.6
total took 34.41 ms
PV04 t_ms=1913562 target=1 count=1 x=164 y=495 w=388 h=482 cx=358.0 cy=736.0 fps=28.6
total took 36.44 ms
PV04 t_ms=1913598 target=1 count=1 x=184 y=511 w=386 h=473 cx=377.0 cy=747.5 fps=27.8
total took 33.96 ms
PV04 t_ms=1913634 target=1 count=1 x=216 y=520 w=381 h=456 cx=406.5 cy=748.0 fps=27.8
total took 36.32 ms
PV04 t_ms=1913669 target=1 count=1 x=256 y=513 w=385 h=484 cx=448.5 cy=755.0 fps=28.6
total took 35.22 ms
PV04 t_ms=1913704 target=1 count=1 x=325 y=561 w=365 h=450 cx=507.5 cy=786.0 fps=28.6
total took 34.34 ms
PV04 t_ms=1913739 target=1 count=1 x=392 y=610 w=354 h=436 cx=569.0 cy=828.0 fps=28.6
total took 36.82 ms
PV04 t_ms=1913775 target=1 count=1 x=462 y=635 w=346 h=425 cx=635.0 cy=847.5 fps=27.8
total took 35.74 ms
PV04 t_ms=1913810 target=1 count=1 x=497 y=635 w=339 h=407 cx=666.5 cy=838.5 fps=28.6
total took 33.32 ms
PV04 t_ms=1913846 target=1 count=1 x=539 y=618 w=346 h=425 cx=712.0 cy=830.5 fps=27.8
total took 35.87 ms
PV04 t_ms=1913881 target=1 count=1 x=581 y=594 w=346 h=422 cx=754.0 cy=805.0 fps=28.6
total took 35.45 ms
PV04 t_ms=1913933 target=1 count=1 x=621 y=582 w=351 h=431 cx=796.5 cy=797.5 fps=19.2
total took 52.53 ms
PV04 t_ms=1913957 target=1 count=1 x=674 y=601 w=346 h=415 cx=847.0 cy=808.5 fps=41.7
total took 24.24 ms
PV04 t_ms=1913987 target=1 count=1 x=745 y=621 w=362 h=432 cx=926.0 cy=837.0 fps=33.3
total took 30.00 ms
PV04 t_ms=1914022 target=1 count=1 x=801 y=626 w=354 h=417 cx=978.0 cy=834.5 fps=28.6
total took 33.26 ms
PV04 t_ms=1914058 target=1 count=1 x=845 y=617 w=366 h=424 cx=1028.0 cy=829.0 fps=27.8
total took 35.50 ms
PV04 t_ms=1914093 target=1 count=1 x=896 y=610 w=361 h=420 cx=1076.5 cy=820.0 fps=28.6
total took 35.42 ms
PV04 t_ms=1914129 target=1 count=1 x=945 y=573 w=367 h=440 cx=1128.5 cy=793.0 fps=27.8
total took 35.35 ms
PV04 t_ms=1914164 target=1 count=1 x=957 y=583 w=369 h=404 cx=1141.5 cy=785.0 fps=28.6
total took 37.25 ms
PV04 t_ms=1914200 target=1 count=1 x=989 y=573 w=354 h=399 cx=1166.0 cy=772.5 fps=27.8
total took 36.19 ms
PV04 t_ms=1914235 target=1 count=1 x=1026 y=556 w=371 h=426 cx=1211.5 cy=769.0 fps=28.6
total took 32.37 ms
PV04 t_ms=1914270 target=1 count=1 x=1037 y=554 w=374 h=433 cx=1224.0 cy=770.5 fps=28.6
total took 35.33 ms
PV04 t_ms=1914306 target=1 count=1 x=1034 y=578 w=381 h=414 cx=1224.5 cy=785.0 fps=27.8
total took 35.27 ms
PV04 t_ms=1914341 target=1 count=1 x=1051 y=607 w=371 h=401 cx=1236.5 cy=807.5 fps=28.6
total took 37.20 ms
PV04 t_ms=1914377 target=1 count=1 x=1046 y=597 w=382 h=416 cx=1237.0 cy=805.0 fps=27.8
total took 33.61 ms
PV04 t_ms=1914413 target=1 count=1 x=1046 y=599 w=394 h=423 cx=1243.0 cy=810.5 fps=27.8
total took 35.87 ms
PV04 t_ms=1914448 target=1 count=1 x=1045 y=602 w=388 h=418 cx=1239.0 cy=811.0 fps=28.6
total took 35.16 ms
PV04 t_ms=1914482 target=1 count=1 x=1043 y=595 w=392 h=430 cx=1239.0 cy=810.0 fps=29.4
total took 34.59 ms
PV04 t_ms=1914518 target=1 count=1 x=1043 y=608 w=377 h=408 cx=1231.5 cy=812.0 fps=27.8
total took 35.06 ms
PV04 t_ms=1914553 target=1 count=1 x=1037 y=584 w=391 h=438 cx=1232.5 cy=803.0 fps=28.6
total took 37.50 ms
PV04 t_ms=1914589 target=1 count=1 x=1028 y=583 w=379 h=432 cx=1217.5 cy=799.0 fps=27.8
total took 33.18 ms
PV04 t_ms=1914624 target=1 count=2 x=0 y=266 w=691 h=751 cx=345.5 cy=641.5 fps=28.6
total took 35.84 ms
PV04 t_ms=1914660 target=1 count=1 x=1005 y=581 w=364 h=425 cx=1187.0 cy=793.5 fps=27.8
total took 34.71 ms
PV04 t_ms=1914695 target=1 count=1 x=957 y=568 w=373 h=408 cx=1143.5 cy=772.0 fps=28.6
total took 35.31 ms
PV04 t_ms=1914730 target=1 count=1 x=937 y=544 w=374 h=433 cx=1124.0 cy=760.5 fps=28.6
total took 36.07 ms
PV04 t_ms=1914765 target=1 count=1 x=875 y=549 w=365 h=403 cx=1057.5 cy=750.5 fps=28.6
total took 34.05 ms
PV04 t_ms=1914802 target=1 count=1 x=821 y=536 w=345 h=388 cx=993.5 cy=730.0 fps=27.0
total took 36.70 ms
PV04 t_ms=1914836 target=1 count=1 x=738 y=537 w=357 h=420 cx=916.5 cy=747.0 fps=29.4
total took 34.29 ms
PV04 t_ms=1914872 target=1 count=1 x=673 y=558 w=352 h=418 cx=849.0 cy=767.0 fps=27.8
total took 35.69 ms
PV04 t_ms=1914907 target=1 count=1 x=618 y=583 w=363 h=435 cx=799.5 cy=800.5 fps=28.6
total took 35.11 ms
PV04 t_ms=1914943 target=1 count=1 x=559 y=616 w=357 h=436 cx=737.5 cy=834.0 fps=27.8
total took 36.52 ms
PV04 t_ms=1914978 target=1 count=1 x=507 y=630 w=341 h=419 cx=677.5 cy=839.5 fps=28.6
total took 33.81 ms
PV04 t_ms=1915014 target=1 count=1 x=464 y=640 w=356 h=425 cx=642.0 cy=852.5 fps=27.8
total took 35.45 ms
PV04 t_ms=1915050 target=1 count=1 x=405 y=624 w=361 h=427 cx=585.5 cy=837.5 fps=27.8
total took 36.00 ms
PV04 t_ms=1915084 target=1 count=1 x=370 y=613 w=361 h=439 cx=550.5 cy=832.5 fps=29.4
total took 34.67 ms
PV04 t_ms=1915119 target=1 count=1 x=324 y=590 w=377 h=459 cx=512.5 cy=819.5 fps=28.6
total took 36.01 ms
PV04 t_ms=1915155 target=1 count=1 x=311 y=575 w=373 h=449 cx=497.5 cy=799.5 fps=27.8
total took 34.38 ms
PV04 t_ms=1915192 target=1 count=1 x=300 y=560 w=385 h=463 cx=492.5 cy=791.5 fps=27.0
total took 36.44 ms
PV04 t_ms=1915225 target=1 count=1 x=297 y=565 w=376 h=450 cx=485.0 cy=790.0 fps=30.3
total took 33.61 ms
PV04 t_ms=1915261 target=1 count=1 x=296 y=558 w=383 h=458 cx=487.5 cy=787.0 fps=27.8
total took 35.67 ms
PV04 t_ms=1915297 target=1 count=1 x=302 y=559 w=377 h=461 cx=490.5 cy=789.5 fps=27.8
total took 35.67 ms
PV04 t_ms=1915332 target=1 count=1 x=301 y=562 w=377 h=452 cx=489.5 cy=788.0 fps=28.6
total took 35.18 ms
PV04 t_ms=1915368 target=1 count=1 x=304 y=557 w=379 h=454 cx=493.5 cy=784.0 fps=27.8
total took 36.02 ms
PV04 t_ms=1915404 target=1 count=1 x=302 y=547 w=388 h=476 cx=496.0 cy=785.0 fps=27.8
total took 35.31 ms
PV04 t_ms=1915439 target=1 count=1 x=320 y=567 w=375 h=465 cx=507.5 cy=799.5 fps=28.6
total took 35.41 ms
PV04 t_ms=1915476 target=1 count=1 x=347 y=594 w=366 h=460 cx=530.0 cy=824.0 fps=27.0
total took 36.42 ms
PV04 t_ms=1915525 target=1 count=1 x=368 y=606 w=363 h=450 cx=549.5 cy=831.0 fps=20.4
total took 52.25 ms
PV04 t_ms=1915551 target=1 count=1 x=393 y=618 w=361 h=433 cx=573.5 cy=834.5 fps=38.5
total took 22.99 ms
PV04 t_ms=1915580 target=1 count=1 x=453 y=631 w=360 h=436 cx=633.0 cy=849.0 fps=34.5
total took 29.07 ms
PV04 t_ms=1915616 target=1 count=1 x=515 y=620 w=348 h=436 cx=689.0 cy=838.0 fps=27.8
total took 36.45 ms
PV04 t_ms=1915652 target=1 count=1 x=575 y=628 w=350 h=437 cx=750.0 cy=846.5 fps=27.8
total took 35.23 ms
PV04 t_ms=1915689 target=1 count=1 x=629 y=631 w=356 h=433 cx=807.0 cy=847.5 fps=27.0
total took 36.22 ms
PV04 t_ms=1915722 target=1 count=1 x=689 y=625 w=357 h=432 cx=867.5 cy=841.0 fps=30.3
total took 33.46 ms
PV04 t_ms=1915757 target=1 count=1 x=747 y=620 w=365 h=447 cx=929.5 cy=843.5 fps=28.6
total took 36.24 ms
PV04 t_ms=1915792 target=1 count=1 x=802 y=646 w=363 h=415 cx=983.5 cy=853.5 fps=28.6
total took 34.81 ms
PV04 t_ms=1915829 target=1 count=1 x=866 y=623 w=374 h=439 cx=1053.0 cy=842.5 fps=27.0
total took 35.47 ms
PV04 t_ms=1915865 target=1 count=1 x=920 y=630 w=367 h=423 cx=1103.5 cy=841.5 fps=27.8
total took 35.40 ms
PV04 t_ms=1915899 target=1 count=1 x=954 y=629 w=373 h=416 cx=1140.5 cy=837.0 fps=29.4
total took 34.58 ms
PV04 t_ms=1915934 target=1 count=2 x=0 y=393 w=652 h=685 cx=326.0 cy=735.5 fps=28.6
total took 34.56 ms
PV04 t_ms=1915969 target=1 count=1 x=1040 y=623 w=378 h=432 cx=1229.0 cy=839.0 fps=28.6
total took 35.89 ms
PV04 t_ms=1916006 target=1 count=1 x=1057 y=623 w=381 h=428 cx=1247.5 cy=837.0 fps=27.0
total took 35.93 ms
PV04 t_ms=1916056 target=1 count=1 x=1080 y=629 w=382 h=416 cx=1271.0 cy=837.0 fps=20.0
total took 51.67 ms
PV04 t_ms=1916080 target=1 count=1 x=1110 y=610 w=383 h=443 cx=1301.5 cy=831.5 fps=41.7
total took 24.31 ms
PV04 t_ms=1916110 target=1 count=1 x=1112 y=609 w=400 h=459 cx=1312.0 cy=838.5 fps=33.3
total took 29.30 ms
PV04 t_ms=1916146 target=1 count=1 x=1117 y=606 w=397 h=459 cx=1315.5 cy=835.5 fps=27.8
total took 34.13 ms
PV04 t_ms=1916182 target=1 count=1 x=1128 y=614 w=394 h=464 cx=1325.0 cy=846.0 fps=27.8
total took 36.32 ms
PV04 t_ms=1916217 target=1 count=1 x=1135 y=646 w=391 h=434 cx=1330.5 cy=863.0 fps=28.6
total took 34.54 ms
PV04 t_ms=1916252 target=1 count=2 x=94 y=272 w=740 h=704 cx=464.0 cy=624.0 fps=28.6
total took 35.41 ms
PV04 t_ms=1916288 target=1 count=1 x=1140 y=654 w=423 h=426 cx=1351.5 cy=867.0 fps=27.8
total took 35.38 ms
PV04 t_ms=1916323 target=1 count=1 x=1160 y=661 w=408 h=419 cx=1364.0 cy=870.5 fps=28.6
total took 36.99 ms
PV04 t_ms=1916358 target=1 count=1 x=1169 y=686 w=400 h=394 cx=1369.0 cy=883.0 fps=28.6
total took 33.42 ms
PV04 t_ms=1916395 target=1 count=1 x=1174 y=673 w=390 h=407 cx=1369.0 cy=876.5 fps=27.0
total took 36.13 ms
PV04 t_ms=1916430 target=1 count=1 x=1164 y=665 w=408 h=415 cx=1368.0 cy=872.5 fps=28.6
total took 35.40 ms
PV04 t_ms=1916465 target=1 count=2 x=86 y=268 w=725 h=665 cx=448.5 cy=600.5 fps=28.6
total took 35.00 ms
PV04 t_ms=1916500 target=1 count=1 x=1146 y=631 w=409 h=449 cx=1350.5 cy=855.5 fps=28.6
total took 34.50 ms
PV04 t_ms=1916535 target=1 count=1 x=1118 y=623 w=412 h=450 cx=1324.0 cy=848.0 fps=28.6
total took 34.99 ms
PV04 t_ms=1916587 target=1 count=2 x=75 y=123 w=689 h=777 cx=419.5 cy=511.5 fps=19.2
total took 52.71 ms
PV04 t_ms=1916613 target=1 count=1 x=1038 y=578 w=381 h=408 cx=1228.5 cy=782.0 fps=38.5
total took 24.30 ms
PV04 t_ms=1916643 target=1 count=1 x=968 y=530 w=365 h=395 cx=1150.5 cy=727.5 fps=33.3
total took 30.37 ms
PV04 t_ms=1916678 target=1 count=1 x=876 y=462 w=355 h=409 cx=1053.5 cy=666.5 fps=28.6
total took 35.27 ms
PV04 t_ms=1916712 target=1 count=1 x=809 y=454 w=353 h=412 cx=985.5 cy=660.0 fps=29.4
total took 34.34 ms
PV04 t_ms=1916748 target=1 count=1 x=738 y=457 w=356 h=428 cx=916.0 cy=671.0 fps=27.8
total took 35.77 ms
PV04 t_ms=1916783 target=1 count=1 x=656 y=453 w=371 h=442 cx=841.5 cy=674.0 fps=28.6
total took 35.62 ms
PV04 t_ms=1916820 target=1 count=1 x=597 y=463 w=359 h=422 cx=776.5 cy=674.0 fps=27.0
total took 35.84 ms
PV04 t_ms=1916856 target=1 count=1 x=554 y=472 w=363 h=444 cx=735.5 cy=694.0 fps=27.8
total took 35.50 ms
PV04 t_ms=1916891 target=1 count=1 x=508 y=507 w=366 h=435 cx=691.0 cy=724.5 fps=28.6
total took 34.91 ms
PV04 t_ms=1916924 target=1 count=1 x=459 y=498 w=370 h=455 cx=644.0 cy=725.5 fps=30.3
total took 35.31 ms
PV04 t_ms=1916960 target=1 count=1 x=427 y=505 w=369 h=446 cx=611.5 cy=728.0 fps=27.8
total took 34.30 ms
PV04 t_ms=1916997 target=1 count=1 x=411 y=516 w=364 h=431 cx=593.0 cy=731.5 fps=27.0
total took 36.07 ms
PV04 t_ms=1917033 target=1 count=1 x=385 y=492 w=373 h=473 cx=571.5 cy=728.5 fps=27.8
total took 35.68 ms
PV04 t_ms=1917070 target=1 count=1 x=374 y=499 w=372 h=468 cx=560.0 cy=733.0 fps=27.0
total took 36.92 ms
PV04 t_ms=1917119 target=1 count=1 x=364 y=511 w=367 h=459 cx=547.5 cy=740.5 fps=20.4
total took 49.61 ms
PV04 t_ms=1917144 target=1 count=1 x=353 y=521 w=370 h=452 cx=538.0 cy=747.0 fps=40.0
total took 24.78 ms
PV04 t_ms=1917172 target=1 count=1 x=338 y=520 w=379 h=457 cx=527.5 cy=748.5 fps=35.7
total took 28.10 ms
PV04 t_ms=1917208 target=1 count=1 x=344 y=504 w=373 h=467 cx=530.5 cy=737.5 fps=27.8
total took 35.33 ms
PV04 t_ms=1917243 target=1 count=1 x=341 y=504 w=377 h=469 cx=529.5 cy=738.5 fps=28.6
total took 35.24 ms
PV04 t_ms=1917279 target=1 count=1 x=338 y=521 w=372 h=450 cx=524.0 cy=746.0 fps=27.8
total took 35.42 ms
PV04 t_ms=1917314 target=1 count=1 x=336 y=499 w=372 h=471 cx=522.0 cy=734.5 fps=28.6
total took 36.96 ms
PV04 t_ms=1917349 target=1 count=1 x=329 y=515 w=384 h=461 cx=521.0 cy=745.5 fps=28.6
total took 33.44 ms
PV04 t_ms=1917386 target=1 count=1 x=329 y=505 w=383 h=467 cx=520.5 cy=738.5 fps=27.0
total took 36.15 ms
PV04 t_ms=1917421 target=1 count=1 x=329 y=511 w=379 h=460 cx=518.5 cy=741.0 fps=28.6
total took 35.38 ms
PV04 t_ms=1917456 target=1 count=1 x=330 y=505 w=378 h=463 cx=519.0 cy=736.5 fps=28.6
total took 34.41 ms
PV04 t_ms=1917491 target=1 count=1 x=332 y=497 w=370 h=466 cx=517.0 cy=730.0 fps=28.6
total took 37.12 ms
PV04 t_ms=1917526 target=1 count=1 x=324 y=510 w=384 h=460 cx=516.0 cy=740.0 fps=28.6
total took 33.48 ms
PV04 t_ms=1917563 target=1 count=1 x=326 y=508 w=384 h=463 cx=518.0 cy=739.5 fps=27.0
total took 36.28 ms
PV04 t_ms=1917597 target=1 count=1 x=329 y=512 w=381 h=462 cx=519.5 cy=743.0 fps=29.4
total took 34.34 ms
PV04 t_ms=1917633 target=1 count=1 x=335 y=493 w=370 h=478 cx=520.0 cy=732.0 fps=27.8
total took 35.52 ms
PV04 t_ms=1917668 target=1 count=1 x=346 y=502 w=369 h=453 cx=530.5 cy=728.5 fps=28.6
total took 34.83 ms
PV04 t_ms=1917703 target=1 count=1 x=362 y=459 w=367 h=464 cx=545.5 cy=691.0 fps=28.6
total took 35.16 ms
PV04 t_ms=1917740 target=1 count=1 x=392 y=449 w=362 h=459 cx=573.0 cy=678.5 fps=27.0
total took 36.65 ms
PV04 t_ms=1917774 target=1 count=1 x=423 y=464 w=379 h=466 cx=612.5 cy=697.0 fps=29.4
total took 33.64 ms
PV04 t_ms=1917810 target=1 count=1 x=464 y=498 w=369 h=471 cx=648.5 cy=733.5 fps=27.8
total took 35.69 ms
PV04 t_ms=1917847 target=1 count=1 x=518 y=506 w=366 h=464 cx=701.0 cy=738.0 fps=27.0
total took 37.18 ms
PV04 t_ms=1917881 target=1 count=1 x=555 y=507 w=370 h=473 cx=740.0 cy=743.5 fps=29.4
total took 34.63 ms
PV04 t_ms=1917916 target=1 count=1 x=610 y=510 w=359 h=452 cx=789.5 cy=736.0 fps=28.6
total took 34.17 ms
PV04 t_ms=1917952 target=1 count=1 x=660 y=512 w=384 h=473 cx=852.0 cy=748.5 fps=27.8
total took 36.56 ms
PV04 t_ms=1917986 target=1 count=1 x=738 y=530 w=378 h=467 cx=927.0 cy=763.5 fps=29.4
total took 33.30 ms
PV04 t_ms=1918023 target=1 count=1 x=822 y=557 w=373 h=444 cx=1008.5 cy=779.0 fps=27.0
total took 37.04 ms
PV04 t_ms=1918058 target=1 count=1 x=893 y=571 w=364 h=414 cx=1075.0 cy=778.0 fps=28.6
total took 34.92 ms
PV04 t_ms=1918093 target=1 count=1 x=940 y=552 w=387 h=447 cx=1133.5 cy=775.5 fps=28.6
total took 34.95 ms
PV04 t_ms=1918129 target=1 count=1 x=963 y=541 w=391 h=441 cx=1158.5 cy=761.5 fps=27.8
total took 35.51 ms
PV04 t_ms=1918164 target=1 count=2 x=0 y=183 w=729 h=810 cx=364.5 cy=588.0 fps=28.6
total took 35.03 ms
PV04 t_ms=1918199 target=1 count=2 x=0 y=208 w=657 h=729 cx=328.5 cy=572.5 fps=28.6
total took 35.26 ms
PV04 t_ms=1918236 target=1 count=2 x=0 y=277 w=611 h=766 cx=305.5 cy=660.0 fps=27.0
total took 36.99 ms
PV04 t_ms=1918271 target=1 count=1 x=860 y=659 w=373 h=421 cx=1046.5 cy=869.5 fps=28.6
total took 34.41 ms
PV04 t_ms=1918305 target=1 count=1 x=816 y=739 w=357 h=341 cx=994.5 cy=909.5 fps=29.4
total took 34.30 ms
PV04 t_ms=1918341 target=0 count=0 fps=27.8
total took 35.46 ms
PV04 t_ms=1918376 target=0 count=0 fps=28.6
total took 34.94 ms
PV04 t_ms=1918411 target=0 count=0 fps=28.6
total took 34.43 ms
PV04 t_ms=1918446 target=0 count=0 fps=28.6
total took 35.43 ms
PV04 t_ms=1918482 target=0 count=0 fps=27.8
total took 35.66 ms
PV04 t_ms=1918518 target=0 count=0 fps=27.8
total took 35.76 ms
PV04 t_ms=1918553 target=0 count=0 fps=28.6
total took 35.24 ms
PV04 t_ms=1918589 target=0 count=0 fps=27.8
total took 35.14 ms
PV04 t_ms=1918623 target=0 count=0 fps=29.4
total took 34.52 ms
PV04 t_ms=1918660 target=0 count=0 fps=27.0
total took 37.14 ms
PV04 t_ms=1918711 target=0 count=0 fps=19.6
total took 50.63 ms
PV04 t_ms=1918735 target=1 count=1 x=682 y=858 w=335 h=222 cx=849.5 cy=969.0 fps=41.7
total took 24.02 ms
PV04 t_ms=1918766 target=1 count=1 x=685 y=751 w=341 h=329 cx=855.5 cy=915.5 fps=32.3
total took 31.41 ms
PV04 t_ms=1918802 target=1 count=1 x=697 y=663 w=326 h=396 cx=860.0 cy=861.0 fps=27.8
total took 35.79 ms
PV04 t_ms=1918838 target=1 count=1 x=683 y=558 w=341 h=408 cx=853.5 cy=762.0 fps=27.8
total took 35.27 ms
PV04 t_ms=1918872 target=1 count=1 x=699 y=510 w=352 h=426 cx=875.0 cy=723.0 fps=29.4
total took 34.09 ms
PV04 t_ms=1918907 target=1 count=1 x=714 y=474 w=335 h=399 cx=881.5 cy=673.5 fps=28.6
total took 36.44 ms
PV04 t_ms=1918942 target=1 count=1 x=720 y=450 w=350 h=423 cx=895.0 cy=661.5 fps=28.6
total took 34.92 ms
PV04 t_ms=1918979 target=1 count=1 x=719 y=448 w=349 h=422 cx=893.5 cy=659.0 fps=27.0
total took 35.91 ms
PV04 t_ms=1919015 target=1 count=1 x=729 y=445 w=348 h=428 cx=903.0 cy=659.0 fps=27.8
total took 35.31 ms
PV04 t_ms=1919050 target=1 count=1 x=734 y=440 w=355 h=439 cx=911.5 cy=659.5 fps=28.6
total took 35.23 ms
PV04 t_ms=1919084 target=1 count=1 x=734 y=461 w=353 h=436 cx=910.5 cy=679.0 fps=29.4
total took 33.84 ms
PV04 t_ms=1919119 target=1 count=1 x=738 y=506 w=357 h=440 cx=916.5 cy=726.0 fps=28.6
total took 35.92 ms
PV04 t_ms=1919156 target=1 count=1 x=730 y=519 w=371 h=450 cx=915.5 cy=744.0 fps=27.0
total took 35.93 ms
PV04 t_ms=1919192 target=1 count=1 x=731 y=542 w=377 h=466 cx=919.5 cy=775.0 fps=27.8
total took 35.48 ms
PV04 t_ms=1919244 target=1 count=1 x=736 y=610 w=373 h=454 cx=922.5 cy=837.0 fps=19.2
total took 53.01 ms
PV04 t_ms=1919269 target=1 count=1 x=744 y=668 w=375 h=412 cx=931.5 cy=874.0 fps=40.0
total took 24.18 ms
PV04 t_ms=1919296 target=1 count=1 x=757 y=732 w=355 h=348 cx=934.5 cy=906.0 fps=37.0
total took 26.89 ms
PV04 t_ms=1919333 target=1 count=1 x=759 y=806 w=370 h=274 cx=944.0 cy=943.0 fps=27.0
total took 36.33 ms
PV04 t_ms=1919368 target=1 count=1 x=781 y=887 w=326 h=193 cx=944.0 cy=983.5 fps=28.6
total took 35.70 ms
PV04 t_ms=1919402 target=1 count=1 x=797 y=904 w=313 h=176 cx=953.5 cy=992.0 fps=29.4
total took 33.42 ms
PV04 t_ms=1919438 target=1 count=1 x=817 y=947 w=267 h=133 cx=950.5 cy=1013.5 fps=27.8
total took 35.72 ms
PV04 t_ms=1919473 target=0 count=0 fps=28.6
total took 36.11 ms
PV04 t_ms=1919508 target=0 count=0 fps=28.6
total took 35.08 ms
PV04 t_ms=1919545 target=0 count=0 fps=27.0
total took 35.49 ms
PV04 t_ms=1919579 target=0 count=0 fps=29.4
total took 33.75 ms
PV04 t_ms=1919614 target=1 count=1 x=787 y=909 w=310 h=171 cx=942.0 cy=994.5 fps=28.6
total took 35.48 ms
PV04 t_ms=1919650 target=1 count=1 x=758 y=902 w=312 h=178 cx=914.0 cy=991.0 fps=27.8
total took 35.16 ms
PV04 t_ms=1919685 target=1 count=1 x=754 y=883 w=322 h=197 cx=915.0 cy=981.5 fps=28.6
total took 36.48 ms
PV04 t_ms=1919721 target=1 count=1 x=751 y=805 w=338 h=275 cx=920.0 cy=942.5 fps=27.8
total took 34.83 ms
PV04 t_ms=1919772 target=1 count=1 x=743 y=703 w=290 h=350 cx=888.0 cy=878.0 fps=19.6
total took 52.76 ms
PV04 t_ms=1919797 target=1 count=1 x=740 y=565 w=316 h=385 cx=898.0 cy=757.5 fps=40.0
total took 23.85 ms
PV04 t_ms=1919826 target=1 count=1 x=749 y=444 w=357 h=415 cx=927.5 cy=651.5 fps=34.5
total took 26.92 ms
PV04 t_ms=1919862 target=1 count=1 x=765 y=361 w=361 h=418 cx=945.5 cy=570.0 fps=27.8
total took 37.36 ms
PV04 t_ms=1919898 target=1 count=1 x=803 y=264 w=344 h=394 cx=975.0 cy=461.0 fps=27.8
total took 35.52 ms
PV04 t_ms=1919933 target=1 count=1 x=837 y=149 w=354 h=435 cx=1014.0 cy=366.5 fps=28.6
total took 33.37 ms
PV04 t_ms=1919969 target=1 count=1 x=880 y=39 w=380 h=470 cx=1070.0 cy=274.0 fps=27.8
total took 36.53 ms
PV04 t_ms=1920004 target=1 count=1 x=941 y=0 w=385 h=447 cx=1133.5 cy=223.5 fps=28.6
total took 34.59 ms
PV04 t_ms=1920039 target=0 count=0 fps=28.6
total took 34.56 ms
PV04 t_ms=1920075 target=0 count=0 fps=27.8
total took 37.09 ms
PV04 t_ms=1920110 target=0 count=0 fps=28.6
total took 33.43 ms
PV04 t_ms=1920146 target=0 count=0 fps=27.8
total took 36.25 ms
PV04 t_ms=1920181 target=0 count=0 fps=28.6
total took 34.53 ms
PV04 t_ms=1920216 target=0 count=0 fps=28.6
total took 35.28 ms
PV04 t_ms=1920252 target=0 count=0 fps=27.8
total took 36.72 ms
PV04 t_ms=1920302 target=0 count=0 fps=20.0
total took 51.67 ms
PV04 t_ms=1920327 target=0 count=0 fps=40.0
total took 22.02 ms
PV04 t_ms=1920358 target=0 count=0 fps=32.3
total took 30.97 ms
PV04 t_ms=1920393 target=0 count=0 fps=28.6
total took 34.38 ms
PV04 t_ms=1920428 target=0 count=0 fps=28.6
total took 35.43 ms
PV04 t_ms=1920464 target=0 count=0 fps=27.8
total took 37.36 ms
PV04 t_ms=1920499 target=0 count=0 fps=28.6
total took 33.41 ms
PV04 t_ms=1920536 target=0 count=0 fps=27.0
total took 36.28 ms
PV04 t_ms=1920571 target=0 count=0 fps=28.6
total took 35.36 ms
PV04 t_ms=1920606 target=0 count=0 fps=28.6
total took 34.48 ms
PV04 t_ms=1920641 target=0 count=0 fps=28.6
total took 36.15 ms
PV04 t_ms=1920676 target=0 count=0 fps=28.6
total took 34.21 ms
PV04 t_ms=1920713 target=0 count=0 fps=27.0
total took 36.37 ms
PV04 t_ms=1920747 target=0 count=0 fps=29.4
total took 34.36 ms
PV04 t_ms=1920783 target=0 count=0 fps=27.8
total took 35.31 ms
PV04 t_ms=1920819 target=0 count=0 fps=27.8
total took 36.77 ms
PV04 t_ms=1920853 target=0 count=0 fps=29.4
total took 33.57 ms
PV04 t_ms=1920890 target=0 count=0 fps=27.0
total took 36.36 ms
PV04 t_ms=1920925 target=0 count=0 fps=28.6
total took 35.22 ms
PV04 t_ms=1920960 target=0 count=0 fps=28.6
total took 35.27 ms
PV04 t_ms=1920996 target=0 count=0 fps=27.8
total took 35.76 ms
PV04 t_ms=1921031 target=0 count=0 fps=28.6
total took 34.40 ms
PV04 t_ms=1921066 target=1 count=1 x=847 y=554 w=673 h=526 cx=1183.5 cy=817.0 fps=28.6
total took 35.37 ms
PV04 t_ms=1921102 target=1 count=1 x=436 y=338 w=1172 h=742 cx=1022.0 cy=709.0 fps=27.8
total took 36.18 ms
PV04 t_ms=1921137 target=0 count=0 fps=28.6
total took 34.02 ms
PV04 t_ms=1921173 target=0 count=0 fps=27.8
total took 36.32 ms
PV04 t_ms=1921208 target=0 count=0 fps=28.6
total took 34.77 ms
PV04 t_ms=1921243 target=0 count=0 fps=28.6
total took 34.54 ms
PV04 t_ms=1921279 target=0 count=0 fps=27.8
total took 36.26 ms
PV04 t_ms=1921314 target=0 count=0 fps=28.6
total took 34.80 ms
PV04 t_ms=1921365 target=0 count=0 fps=19.6
total took 52.14 ms
PV04 t_ms=1921389 target=0 count=0 fps=41.7
total took 22.32 ms
PV04 t_ms=1921420 target=0 count=0 fps=32.3
total took 31.44 ms
PV04 t_ms=1921455 target=0 count=0 fps=28.6
total took 34.38 ms
PV04 t_ms=1921492 target=0 count=0 fps=27.0
total took 38.41 ms
PV04 t_ms=1921526 target=0 count=0 fps=29.4
total took 33.05 ms
PV04 t_ms=1921562 target=0 count=0 fps=27.8
total took 35.73 ms
PV04 t_ms=1921598 target=0 count=0 fps=27.8
total took 35.52 ms
PV04 t_ms=1921632 target=0 count=0 fps=29.4
total took 34.65 ms
PV04 t_ms=1921667 target=0 count=0 fps=28.6
total took 36.11 ms
PV04 t_ms=1921703 target=0 count=0 fps=27.8
total took 35.08 ms
PV04 t_ms=1921739 target=0 count=0 fps=27.8
total took 35.31 ms
PV04 t_ms=1921775 target=0 count=0 fps=27.8
total took 35.61 ms
PV04 t_ms=1921810 target=0 count=0 fps=28.6
total took 34.76 ms
PV04 t_ms=1921844 target=0 count=0 fps=29.4
total took 35.60 ms
PV04 t_ms=1921895 target=0 count=0 fps=19.6
total took 53.60 ms
PV04 t_ms=1921922 target=0 count=0 fps=37.0
total took 21.96 ms
PV04 t_ms=1921950 target=0 count=0 fps=35.7
total took 28.38 ms
PV04 t_ms=1921986 target=0 count=0 fps=27.8
total took 35.77 ms
PV04 t_ms=1922022 target=0 count=0 fps=27.8
total took 35.95 ms
PV04 t_ms=1922057 target=1 count=2 x=0 y=184 w=812 h=896 cx=406.0 cy=632.0 fps=28.6
total took 36.13 ms
PV04 t_ms=1922093 target=1 count=2 x=0 y=246 w=697 h=746 cx=348.5 cy=619.0 fps=27.8
total took 35.09 ms
PV04 t_ms=1922128 target=1 count=2 x=0 y=208 w=674 h=763 cx=337.0 cy=589.5 fps=28.6
total took 35.42 ms
PV04 t_ms=1922165 target=1 count=2 x=0 y=184 w=734 h=866 cx=367.0 cy=617.0 fps=27.0
total took 36.76 ms
PV04 t_ms=1922200 target=1 count=2 x=0 y=222 w=664 h=738 cx=332.0 cy=591.0 fps=28.6
total took 34.83 ms
PV04 t_ms=1922234 target=1 count=2 x=0 y=227 w=712 h=759 cx=356.0 cy=606.5 fps=29.4
total took 34.09 ms
PV04 t_ms=1922270 target=1 count=2 x=0 y=132 w=664 h=869 cx=332.0 cy=566.5 fps=27.8
total took 36.08 ms
PV04 t_ms=1922306 target=1 count=2 x=0 y=117 w=649 h=832 cx=324.5 cy=533.0 fps=27.8
total took 35.88 ms
PV04 t_ms=1922342 target=1 count=2 x=0 y=94 w=611 h=822 cx=305.5 cy=505.0 fps=27.8
total took 35.21 ms
PV04 t_ms=1922377 target=1 count=2 x=0 y=118 w=620 h=820 cx=310.0 cy=528.0 fps=28.6
total took 35.29 ms
PV04 t_ms=1922428 target=1 count=2 x=0 y=128 w=677 h=888 cx=338.5 cy=572.0 fps=19.6
total took 51.41 ms
PV04 t_ms=1922453 target=1 count=2 x=0 y=128 w=642 h=873 cx=321.0 cy=564.5 fps=40.0
total took 24.75 ms
PV04 t_ms=1922481 target=1 count=2 x=0 y=89 w=585 h=864 cx=292.5 cy=521.0 fps=35.7
total took 27.78 ms
PV04 t_ms=1922517 target=1 count=1 x=846 y=639 w=390 h=441 cx=1041.0 cy=859.5 fps=27.8
total took 35.00 ms
PV04 t_ms=1922552 target=1 count=1 x=824 y=614 w=381 h=465 cx=1014.5 cy=846.5 fps=28.6
total took 35.58 ms
PV04 t_ms=1922588 target=1 count=1 x=780 y=650 w=371 h=421 cx=965.5 cy=860.5 fps=27.8
total took 35.07 ms
PV04 t_ms=1922623 target=1 count=1 x=738 y=595 w=394 h=447 cx=935.0 cy=818.5 fps=28.6
total took 36.78 ms
PV04 t_ms=1922659 target=1 count=1 x=695 y=586 w=372 h=429 cx=881.0 cy=800.5 fps=27.8
total took 34.91 ms
PV04 t_ms=1922695 target=1 count=1 x=652 y=560 w=394 h=457 cx=849.0 cy=788.5 fps=27.8
total took 34.88 ms
PV04 t_ms=1922730 target=1 count=1 x=594 y=557 w=385 h=423 cx=786.5 cy=768.5 fps=28.6
total took 35.36 ms
PV04 t_ms=1922764 target=1 count=1 x=559 y=526 w=395 h=454 cx=756.5 cy=753.0 fps=29.4
total took 34.18 ms
PV04 t_ms=1922800 target=1 count=1 x=509 y=524 w=389 h=441 cx=703.5 cy=744.5 fps=27.8
total took 36.73 ms
PV04 t_ms=1922835 target=1 count=1 x=472 y=506 w=387 h=469 cx=665.5 cy=740.5 fps=28.6
total took 35.97 ms
PV04 t_ms=1922871 target=1 count=1 x=448 y=513 w=382 h=461 cx=639.0 cy=743.5 fps=27.8
total took 35.33 ms
PV04 t_ms=1922908 target=1 count=1 x=418 y=524 w=385 h=454 cx=610.5 cy=751.0 fps=27.0
total took 35.41 ms
PV04 t_ms=1922959 target=1 count=1 x=402 y=514 w=386 h=471 cx=595.0 cy=749.5 fps=19.6
total took 51.41 ms
PV04 t_ms=1922982 target=1 count=1 x=375 y=509 w=401 h=482 cx=575.5 cy=750.0 fps=43.5
total took 24.49 ms
PV04 t_ms=1923012 target=1 count=1 x=372 y=528 w=395 h=468 cx=569.5 cy=762.0 fps=33.3
total took 29.09 ms
PV04 t_ms=1923048 target=1 count=1 x=385 y=542 w=394 h=464 cx=582.0 cy=774.0 fps=27.8
total took 35.88 ms
PV04 t_ms=1923083 target=1 count=1 x=402 y=545 w=394 h=473 cx=599.0 cy=781.5 fps=28.6
total took 35.28 ms
PV04 t_ms=1923121 target=1 count=1 x=438 y=579 w=385 h=472 cx=630.5 cy=815.0 fps=26.3
total took 35.86 ms
PV04 t_ms=1923155 target=1 count=1 x=484 y=617 w=378 h=437 cx=673.0 cy=835.5 fps=29.4
total took 34.21 ms
PV04 t_ms=1923189 target=1 count=1 x=555 y=622 w=380 h=449 cx=745.0 cy=846.5 fps=29.4
total took 33.94 ms
PV04 t_ms=1923225 target=1 count=1 x=626 y=659 w=363 h=421 cx=807.5 cy=869.5 fps=27.8
total took 37.20 ms
PV04 t_ms=1923260 target=1 count=1 x=717 y=669 w=375 h=411 cx=904.5 cy=874.5 fps=28.6
total took 34.23 ms
PV04 t_ms=1923297 target=1 count=1 x=820 y=706 w=357 h=374 cx=998.5 cy=893.0 fps=27.0
total took 36.24 ms
PV04 t_ms=1923333 target=1 count=1 x=894 y=694 w=373 h=386 cx=1080.5 cy=887.0 fps=27.8
total took 35.25 ms
PV04 t_ms=1923366 target=1 count=2 x=0 y=256 w=657 h=788 cx=328.5 cy=650.0 fps=30.3
total took 33.87 ms
PV04 t_ms=1923402 target=1 count=2 x=0 y=169 w=784 h=811 cx=392.0 cy=574.5 fps=27.8
total took 36.66 ms
PV04 t_ms=1923437 target=1 count=2 x=76 y=73 w=808 h=843 cx=480.0 cy=494.5 fps=28.6
total took 35.59 ms
PV04 t_ms=1923472 target=1 count=2 x=119 y=135 w=813 h=798 cx=525.5 cy=534.0 fps=28.6
total took 35.01 ms
PV04 t_ms=1923510 target=1 count=2 x=218 y=160 w=777 h=806 cx=606.5 cy=563.0 fps=26.3
total took 35.82 ms
PV04 t_ms=1923543 target=1 count=2 x=248 y=122 w=777 h=854 cx=636.5 cy=549.0 fps=30.3
total took 33.21 ms
PV04 t_ms=1923579 target=1 count=2 x=217 y=117 w=820 h=904 cx=627.0 cy=569.0 fps=27.8
total took 35.27 ms
PV04 t_ms=1923614 target=1 count=2 x=196 y=115 w=807 h=897 cx=599.5 cy=563.5 fps=28.6
total took 36.88 ms
PV04 t_ms=1923650 target=1 count=2 x=231 y=91 w=781 h=923 cx=621.5 cy=552.5 fps=27.8
total took 34.57 ms
PV04 t_ms=1923686 target=1 count=2 x=181 y=188 w=785 h=846 cx=573.5 cy=611.0 fps=27.8
total took 36.46 ms
PV04 t_ms=1923720 target=0 count=0 fps=29.4
total took 32.48 ms
PV04 t_ms=1923756 target=1 count=2 x=163 y=124 w=858 h=945 cx=592.0 cy=596.5 fps=27.8
total took 36.29 ms
PV04 t_ms=1923791 target=1 count=2 x=94 y=108 w=821 h=906 cx=504.5 cy=561.0 fps=28.6
total took 36.63 ms
PV04 t_ms=1923826 target=1 count=2 x=81 y=172 w=728 h=763 cx=445.0 cy=553.5 fps=28.6
total took 35.79 ms
PV04 t_ms=1923862 target=1 count=2 x=33 y=177 w=770 h=819 cx=418.0 cy=586.5 fps=27.8
total took 34.79 ms
PV04 t_ms=1923897 target=1 count=2 x=9 y=137 w=808 h=875 cx=413.0 cy=574.5 fps=28.6
total took 33.70 ms
PV04 t_ms=1923933 target=1 count=2 x=0 y=291 w=685 h=693 cx=342.5 cy=637.5 fps=27.8
total took 35.45 ms
PV04 t_ms=1923968 target=1 count=1 x=945 y=649 w=396 h=431 cx=1143.0 cy=864.5 fps=28.6
total took 35.00 ms
PV04 t_ms=1924003 target=1 count=1 x=910 y=604 w=396 h=470 cx=1108.0 cy=839.0 fps=28.6
total took 36.76 ms
PV04 t_ms=1924039 target=1 count=1 x=859 y=633 w=398 h=436 cx=1058.0 cy=851.0 fps=27.8
total took 34.86 ms
PV04 t_ms=1924075 target=1 count=1 x=834 y=594 w=398 h=457 cx=1033.0 cy=822.5 fps=27.8
total took 35.61 ms
PV04 t_ms=1924110 target=1 count=1 x=798 y=618 w=381 h=431 cx=988.5 cy=833.5 fps=28.6
total took 33.87 ms
PV04 t_ms=1924145 target=1 count=1 x=766 y=623 w=392 h=451 cx=962.0 cy=848.5 fps=28.6
total took 35.41 ms
PV04 t_ms=1924180 target=1 count=1 x=755 y=624 w=382 h=456 cx=946.0 cy=852.0 fps=28.6
total took 36.33 ms
PV04 t_ms=1924216 target=1 count=1 x=740 y=639 w=370 h=441 cx=925.0 cy=859.5 fps=27.8
total took 36.23 ms
PV04 t_ms=1924251 target=1 count=1 x=725 y=652 w=365 h=423 cx=907.5 cy=863.5 fps=28.6
total took 34.92 ms
PV04 t_ms=1924288 target=1 count=1 x=716 y=648 w=366 h=427 cx=899.0 cy=861.5 fps=27.0
total took 35.49 ms
PV04 t_ms=1924324 target=1 count=1 x=713 y=649 w=368 h=427 cx=897.0 cy=862.5 fps=27.8
total took 35.24 ms
PV04 t_ms=1924358 target=1 count=1 x=710 y=646 w=364 h=427 cx=892.0 cy=859.5 fps=29.4
total took 34.53 ms
PV04 t_ms=1924392 target=1 count=1 x=709 y=635 w=368 h=431 cx=893.0 cy=850.5 fps=29.4
total took 35.26 ms
PV04 t_ms=1924428 target=1 count=1 x=713 y=642 w=361 h=418 cx=893.5 cy=851.0 fps=27.8
total took 35.67 ms
PV04 t_ms=1924463 target=1 count=1 x=720 y=630 w=373 h=433 cx=906.5 cy=846.5 fps=28.6
total took 35.37 ms
PV04 t_ms=1924501 target=1 count=1 x=725 y=621 w=381 h=438 cx=915.5 cy=840.0 fps=26.3
total took 35.64 ms
PV04 t_ms=1924536 target=1 count=1 x=732 y=613 w=381 h=446 cx=922.5 cy=836.0 fps=28.6
total took 35.43 ms
PV04 t_ms=1924571 target=1 count=1 x=734 y=604 w=385 h=459 cx=926.5 cy=833.5 fps=28.6
total took 34.76 ms
PV04 t_ms=1924605 target=1 count=1 x=741 y=613 w=376 h=449 cx=929.0 cy=837.5 fps=29.4
total took 33.79 ms
PV04 t_ms=1924640 target=1 count=1 x=740 y=599 w=380 h=460 cx=930.0 cy=829.0 fps=28.6
total took 36.01 ms
PV04 t_ms=1924677 target=1 count=1 x=743 y=596 w=382 h=459 cx=934.0 cy=825.5 fps=27.0
total took 36.40 ms
PV04 t_ms=1924713 target=1 count=1 x=743 y=597 w=383 h=453 cx=934.5 cy=823.5 fps=27.8
total took 35.55 ms
PV04 t_ms=1924748 target=1 count=1 x=745 y=595 w=381 h=453 cx=935.5 cy=821.5 fps=28.6
total took 34.88 ms
PV04 t_ms=1924783 target=1 count=1 x=743 y=589 w=386 h=463 cx=936.0 cy=820.5 fps=28.6
total took 34.41 ms
PV04 t_ms=1924819 target=1 count=1 x=749 y=596 w=383 h=455 cx=940.5 cy=823.5 fps=27.8
total took 35.61 ms
PV04 t_ms=1924852 target=1 count=1 x=750 y=595 w=383 h=457 cx=941.5 cy=823.5 fps=30.3
total took 35.88 ms
PV04 t_ms=1924890 target=1 count=1 x=756 y=598 w=376 h=444 cx=944.0 cy=820.0 fps=26.3
total took 35.41 ms
PV04 t_ms=1924926 target=1 count=1 x=752 y=606 w=373 h=434 cx=938.5 cy=823.0 fps=27.8
total took 35.56 ms
PV04 t_ms=1924959 target=1 count=1 x=757 y=593 w=382 h=449 cx=948.0 cy=817.5 fps=30.3
total took 34.76 ms
PV04 t_ms=1924994 target=1 count=1 x=750 y=582 w=398 h=458 cx=949.0 cy=811.0 fps=28.6
total took 34.77 ms
PV04 t_ms=1925030 target=1 count=1 x=754 y=572 w=391 h=451 cx=949.5 cy=797.5 fps=27.8
total took 35.03 ms
PV04 t_ms=1925067 target=1 count=1 x=757 y=576 w=392 h=446 cx=953.0 cy=799.0 fps=27.0
total took 36.21 ms
PV04 t_ms=1925103 target=1 count=1 x=752 y=571 w=401 h=443 cx=952.5 cy=792.5 fps=27.8
total took 35.85 ms
PV04 t_ms=1925138 target=1 count=1 x=758 y=571 w=396 h=443 cx=956.0 cy=792.5 fps=28.6
total took 34.85 ms
PV04 t_ms=1925173 target=1 count=1 x=759 y=573 w=395 h=435 cx=956.5 cy=790.5 fps=28.6
total took 36.68 ms
PV04 t_ms=1925207 target=1 count=1 x=764 y=570 w=393 h=438 cx=960.5 cy=789.0 fps=29.4
total took 33.92 ms
PV04 t_ms=1925242 target=1 count=1 x=762 y=568 w=391 h=429 cx=957.5 cy=782.5 fps=28.6
total took 35.23 ms
PV04 t_ms=1925279 target=1 count=1 x=770 y=568 w=388 h=433 cx=964.0 cy=784.5 fps=27.0
total took 35.33 ms
PV04 t_ms=1925315 target=1 count=1 x=771 y=569 w=385 h=433 cx=963.5 cy=785.5 fps=27.8
total took 35.07 ms
PV04 t_ms=1925350 target=1 count=1 x=771 y=569 w=383 h=428 cx=962.5 cy=783.0 fps=28.6
total took 35.22 ms
PV04 t_ms=1925384 target=1 count=1 x=764 y=567 w=393 h=433 cx=960.5 cy=783.5 fps=29.4
total took 35.35 ms
PV04 t_ms=1925419 target=1 count=1 x=764 y=562 w=396 h=442 cx=962.0 cy=783.0 fps=28.6
total took 34.64 ms
PV04 t_ms=1925456 target=1 count=1 x=764 y=564 w=392 h=437 cx=960.0 cy=782.5 fps=27.0
total took 35.68 ms
PV04 t_ms=1925492 target=1 count=1 x=761 y=565 w=396 h=435 cx=959.0 cy=782.5 fps=27.8
total took 35.78 ms
PV04 t_ms=1925525 target=1 count=1 x=759 y=564 w=394 h=440 cx=956.0 cy=784.0 fps=30.3
total took 32.84 ms
total took 24.46 ms

Traceback (most recent call last):
  File "<stdin>", line 212, in run_publisher
  File "/sdcard/libs/AIBase.py", line 73, in run
  File "/sdcard/libs/AIBase.py", line 54, in inference
  File "/sdcard/libs/PipeLine.py", line 25, in __exit__
Exception: IDE interrupt
MPY: soft reboot
CanMV v1.4.3(based on Micropython e00a144) on 2026-01-20; k230_canmv_yahboom with K230
find sensor gc2093_csi2, type 8, output 1920x1080@30
vb common pool count 6
sensor(0), mode 0, buffer_num 4, buffer_size 0
PV04 start source=face_detection image=1920x1080 display=800x480 confidence=unverified
PV04 raw_dets=[]
PV04 t_ms=1963745 target=0 count=0 fps=0.0
total took 23.38 ms
PV04 raw_dets=[]
PV04 t_ms=1963772 target=0 count=0 fps=37.0
total took 26.83 ms
PV04 raw_dets=[]
PV04 t_ms=1963807 target=0 count=0 fps=28.6
total took 34.81 ms
PV04 raw_dets=[]
PV04 t_ms=1963843 target=0 count=0 fps=27.8
total took 33.98 ms
PV04 raw_dets=[]
PV04 t_ms=1963878 target=0 count=0 fps=28.6
total took 35.79 ms
PV04 t_ms=1963914 target=0 count=0 fps=27.8
total took 35.02 ms
PV04 t_ms=1963949 target=0 count=0 fps=28.6
total took 36.56 ms
PV04 t_ms=1963985 target=0 count=0 fps=27.8
total took 35.95 ms
PV04 t_ms=1964036 target=0 count=0 fps=19.6
total took 51.90 ms
PV04 t_ms=1964061 target=0 count=0 fps=40.0
total took 21.98 ms
PV04 t_ms=1964090 target=0 count=0 fps=34.5
total took 29.40 ms
PV04 t_ms=1964126 target=0 count=0 fps=27.8
total took 35.42 ms
PV04 t_ms=1964161 target=0 count=0 fps=28.6
total took 35.46 ms
PV04 t_ms=1964198 target=0 count=0 fps=27.0
total took 36.53 ms
PV04 t_ms=1964233 target=0 count=0 fps=28.6
total took 34.73 ms
PV04 t_ms=1964267 target=0 count=0 fps=29.4
total took 34.52 ms
PV04 t_ms=1964302 target=0 count=0 fps=28.6
total took 35.26 ms
PV04 t_ms=1964340 target=0 count=0 fps=26.3
total took 36.99 ms
PV04 t_ms=1964374 target=0 count=0 fps=29.4
total took 33.84 ms
PV04 t_ms=1964410 target=0 count=0 fps=27.8
total took 36.35 ms
PV04 t_ms=1964445 target=0 count=0 fps=28.6
total took 35.02 ms
PV04 t_ms=1964480 target=0 count=0 fps=28.6
total took 34.40 ms
PV04 t_ms=1964517 target=0 count=0 fps=27.0
total took 36.75 ms
PV04 t_ms=1964551 target=0 count=0 fps=29.4
total took 34.26 ms
PV04 t_ms=1964587 target=0 count=0 fps=27.8
total took 35.90 ms
PV04 t_ms=1964622 target=0 count=0 fps=28.6
total took 35.20 ms
PV04 t_ms=1964658 target=0 count=0 fps=27.8
total took 35.27 ms
PV04 t_ms=1964694 target=0 count=0 fps=27.8
total took 36.05 ms
PV04 t_ms=1964729 target=0 count=0 fps=28.6
total took 34.91 ms
PV04 t_ms=1964763 target=0 count=0 fps=29.4
total took 33.93 ms
PV04 t_ms=1964799 target=0 count=0 fps=27.8
total took 36.31 ms
PV04 t_ms=1964835 target=0 count=0 fps=27.8
total took 35.35 ms
PV04 t_ms=1964871 target=0 count=0 fps=27.8
total took 36.17 ms
PV04 t_ms=1964906 target=0 count=0 fps=28.6
total took 35.31 ms
PV04 t_ms=1964941 target=0 count=0 fps=28.6
total took 34.40 ms
PV04 t_ms=1964976 target=0 count=0 fps=28.6
total took 35.41 ms
PV04 t_ms=1965010 target=0 count=0 fps=29.4
total took 35.32 ms
PV04 t_ms=1965047 target=0 count=0 fps=27.0
total took 35.85 ms
PV04 t_ms=1965083 target=0 count=0 fps=27.8
total took 35.51 ms
PV04 t_ms=1965118 target=0 count=0 fps=28.6
total took 34.75 ms
PV04 t_ms=1965152 target=0 count=0 fps=29.4
total took 33.91 ms
PV04 t_ms=1965187 target=0 count=0 fps=28.6
total took 36.39 ms
PV04 t_ms=1965224 target=0 count=0 fps=27.0
total took 35.55 ms
PV04 t_ms=1965260 target=0 count=0 fps=27.8
total took 35.49 ms
PV04 t_ms=1965296 target=0 count=0 fps=27.8
total took 35.60 ms
PV04 t_ms=1965329 target=0 count=0 fps=30.3
total took 34.56 ms
PV04 t_ms=1965365 target=0 count=0 fps=27.8
total took 36.24 ms
PV04 t_ms=1965400 target=0 count=0 fps=28.6
total took 34.71 ms
PV04 t_ms=1965437 target=0 count=0 fps=27.0
total took 35.70 ms
PV04 t_ms=1965473 target=0 count=0 fps=27.8
total took 35.46 ms
PV04 t_ms=1965506 target=0 count=0 fps=30.3
total took 32.97 ms
PV04 t_ms=1965541 target=0 count=0 fps=28.6
total took 36.74 ms
PV04 t_ms=1965577 target=0 count=0 fps=27.8
total took 35.38 ms
PV04 t_ms=1965628 target=0 count=0 fps=19.6
total took 51.53 ms
PV04 t_ms=1965652 target=0 count=0 fps=41.7
total took 21.63 ms
PV04 t_ms=1965683 target=0 count=0 fps=32.3
total took 31.50 ms
PV04 t_ms=1965719 target=0 count=0 fps=27.8
total took 35.30 ms
PV04 t_ms=1965754 target=0 count=0 fps=28.6
total took 36.81 ms
PV04 t_ms=1965789 target=0 count=0 fps=28.6
total took 35.57 ms
PV04 t_ms=1965825 target=0 count=0 fps=27.8
total took 33.23 ms
PV04 t_ms=1965860 target=0 count=0 fps=28.6
total took 35.49 ms
PV04 t_ms=1965896 target=0 count=0 fps=27.8
total took 35.50 ms
PV04 t_ms=1965931 target=0 count=0 fps=28.6
total took 35.27 ms
PV04 t_ms=1965967 target=0 count=0 fps=27.8
total took 36.10 ms
PV04 t_ms=1966003 target=0 count=0 fps=27.8
total took 35.33 ms
PV04 t_ms=1966038 target=0 count=0 fps=28.6
total took 35.09 ms
PV04 t_ms=1966074 target=0 count=0 fps=27.8
total took 36.26 ms
PV04 t_ms=1966109 target=0 count=0 fps=28.6
total took 34.60 ms
PV04 t_ms=1966143 target=0 count=0 fps=29.4
total took 34.16 ms
PV04 t_ms=1966180 target=0 count=0 fps=27.0
total took 36.86 ms
PV04 t_ms=1966214 target=0 count=0 fps=29.4
total took 33.58 ms
PV04 t_ms=1966251 target=0 count=0 fps=27.0
total took 37.06 ms
PV04 t_ms=1966286 target=0 count=0 fps=28.6
total took 35.21 ms
PV04 t_ms=1966321 target=0 count=0 fps=28.6
total took 34.47 ms
PV04 t_ms=1966356 target=0 count=0 fps=28.6
total took 35.51 ms
PV04 t_ms=1966392 target=0 count=0 fps=27.8
total took 35.42 ms
PV04 t_ms=1966427 target=0 count=0 fps=28.6
total took 34.52 ms
PV04 t_ms=1966462 target=0 count=0 fps=28.6
total took 35.49 ms
PV04 t_ms=1966499 target=0 count=0 fps=27.0
total took 37.15 ms
PV04 t_ms=1966533 target=0 count=0 fps=29.4
total took 33.05 ms
PV04 t_ms=1966569 target=0 count=0 fps=27.8
total took 36.32 ms
PV04 t_ms=1966604 target=0 count=0 fps=28.6
total took 35.09 ms
PV04 t_ms=1966639 target=0 count=0 fps=28.6
total took 34.43 ms
PV04 t_ms=1966676 target=0 count=0 fps=27.0
total took 36.81 ms
PV04 t_ms=1966711 target=0 count=0 fps=28.6
total took 34.50 ms
PV04 t_ms=1966746 target=0 count=0 fps=28.6
total took 35.14 ms
PV04 t_ms=1966781 target=0 count=0 fps=28.6
total took 35.11 ms
PV04 t_ms=1966815 target=0 count=0 fps=29.4
total took 34.28 ms
PV04 t_ms=1966851 target=0 count=0 fps=27.8
total took 35.45 ms
PV04 t_ms=1966888 target=0 count=0 fps=27.0
total took 37.24 ms
PV04 t_ms=1966922 target=0 count=0 fps=29.4
total took 33.51 ms
PV04 t_ms=1966958 target=0 count=0 fps=27.8
total took 36.27 ms
PV04 t_ms=1966994 target=0 count=0 fps=27.8
total took 35.43 ms
PV04 t_ms=1967029 target=0 count=0 fps=28.6
total took 35.31 ms
PV04 t_ms=1967063 target=0 count=0 fps=29.4
total took 34.17 ms
PV04 t_ms=1967100 target=0 count=0 fps=27.0
total took 36.42 ms
PV04 t_ms=1967134 target=0 count=0 fps=29.4
total took 34.08 ms
PV04 t_ms=1967171 target=0 count=0 fps=27.0
total took 36.36 ms
PV04 t_ms=1967207 target=0 count=0 fps=27.8
total took 36.22 ms
PV04 t_ms=1967242 target=0 count=0 fps=28.6
total took 35.25 ms
PV04 t_ms=1967276 target=0 count=0 fps=29.4
total took 33.11 ms
PV04 t_ms=1967311 target=0 count=0 fps=28.6
total took 36.82 ms
PV04 t_ms=1967347 target=0 count=0 fps=27.8
total took 34.04 ms
PV04 t_ms=1967382 target=0 count=0 fps=28.6
total took 35.13 ms
PV04 t_ms=1967419 target=0 count=0 fps=27.0
total took 37.20 ms
PV04 t_ms=1967455 target=0 count=0 fps=27.8
total took 35.55 ms
PV04 t_ms=1967489 target=0 count=0 fps=29.4
total took 34.51 ms
PV04 t_ms=1967524 target=0 count=0 fps=28.6
total took 34.18 ms
PV04 t_ms=1967559 target=0 count=0 fps=28.6
total took 35.59 ms
PV04 t_ms=1967595 target=0 count=0 fps=27.8
total took 36.03 ms
PV04 t_ms=1967632 target=0 count=0 fps=27.0
total took 35.96 ms
PV04 t_ms=1967665 target=0 count=0 fps=30.3
total took 33.32 ms
PV04 t_ms=1967700 target=0 count=0 fps=28.6
total took 36.37 ms
PV04 t_ms=1967736 target=0 count=0 fps=27.8
total took 36.18 ms
PV04 t_ms=1967771 target=0 count=0 fps=28.6
total took 35.07 ms
PV04 t_ms=1967807 target=0 count=0 fps=27.8
total took 33.47 ms
PV04 t_ms=1967842 target=0 count=0 fps=28.6
total took 35.52 ms
PV04 t_ms=1967878 target=0 count=0 fps=27.8
total took 35.54 ms
PV04 t_ms=1967913 target=0 count=0 fps=28.6
total took 37.32 ms
PV04 t_ms=1967950 target=0 count=0 fps=27.0
total took 36.13 ms
PV04 t_ms=1967984 target=0 count=0 fps=29.4
total took 32.03 ms
PV04 t_ms=1968020 target=0 count=0 fps=27.8
total took 36.26 ms
PV04 t_ms=1968055 target=0 count=0 fps=28.6
total took 34.44 ms
PV04 t_ms=1968090 target=0 count=0 fps=28.6
total took 36.66 ms
PV04 t_ms=1968125 target=0 count=0 fps=28.6
total took 35.09 ms
PV04 t_ms=1968161 target=0 count=0 fps=27.8
total took 35.42 ms
PV04 t_ms=1968196 target=0 count=0 fps=28.6
total took 33.44 ms
PV04 t_ms=1968231 target=0 count=0 fps=28.6
total took 35.45 ms
PV04 t_ms=1968267 target=0 count=0 fps=27.8
total took 35.33 ms
PV04 t_ms=1968302 target=0 count=0 fps=28.6
total took 36.83 ms
PV04 t_ms=1968338 target=0 count=0 fps=27.8
total took 34.96 ms
PV04 t_ms=1968375 target=0 count=0 fps=27.0
total took 35.89 ms
PV04 t_ms=1968410 target=0 count=0 fps=28.6
total took 35.40 ms
PV04 t_ms=1968444 target=0 count=0 fps=29.4
total took 33.14 ms
PV04 t_ms=1968479 target=0 count=0 fps=28.6
total took 36.63 ms
PV04 t_ms=1968514 target=0 count=0 fps=28.6
total took 35.53 ms
PV04 t_ms=1968550 target=0 count=0 fps=27.8
total took 35.42 ms
PV04 t_ms=1968587 target=0 count=0 fps=27.0
total took 35.71 ms
PV04 t_ms=1968623 target=0 count=0 fps=27.8
total took 35.30 ms
PV04 t_ms=1968657 target=0 count=0 fps=29.4
total took 34.25 ms
PV04 t_ms=1968691 target=0 count=0 fps=29.4
total took 35.61 ms
PV04 t_ms=1968727 target=0 count=0 fps=27.8
total took 35.43 ms
PV04 t_ms=1968762 target=0 count=0 fps=28.6
total took 35.06 ms
PV04 t_ms=1968800 target=0 count=0 fps=26.3
total took 36.04 ms
PV04 t_ms=1968835 target=0 count=0 fps=28.6
total took 35.26 ms
PV04 t_ms=1968870 target=0 count=0 fps=28.6
total took 34.66 ms
PV04 t_ms=1968904 target=0 count=0 fps=29.4
total took 34.35 ms
PV04 t_ms=1968939 target=0 count=0 fps=28.6
total took 35.52 ms
PV04 t_ms=1968976 target=0 count=0 fps=27.0
total took 36.24 ms
PV04 t_ms=1969012 target=0 count=0 fps=27.8
total took 35.55 ms
PV04 t_ms=1969046 target=0 count=0 fps=29.4
total took 33.53 ms
PV04 t_ms=1969081 target=0 count=0 fps=28.6
total took 36.29 ms
PV04 t_ms=1969117 target=0 count=0 fps=27.8
total took 35.84 ms
PV04 t_ms=1969152 target=0 count=0 fps=28.6
total took 35.38 ms
PV04 t_ms=1969187 target=0 count=0 fps=28.6
total took 33.45 ms
PV04 t_ms=1969222 target=0 count=0 fps=28.6
total took 34.95 ms
PV04 t_ms=1969260 target=0 count=0 fps=26.3
total took 39.25 ms
PV04 t_ms=1969293 target=0 count=0 fps=30.3
total took 31.64 ms
PV04 t_ms=1969330 target=0 count=0 fps=27.0
total took 36.52 ms
PV04 t_ms=1969365 target=0 count=0 fps=28.6
total took 35.44 ms
PV04 t_ms=1969399 target=0 count=0 fps=29.4
total took 33.86 ms
PV04 t_ms=1969435 target=0 count=0 fps=27.8
total took 35.47 ms
PV04 t_ms=1969471 target=0 count=0 fps=27.8
total took 36.10 ms
PV04 t_ms=1969505 target=0 count=0 fps=29.4
total took 36.06 ms
PV04 t_ms=1969541 target=0 count=0 fps=27.8
total took 35.20 ms
PV04 t_ms=1969578 target=0 count=0 fps=27.0
total took 35.83 ms
PV04 t_ms=1969614 target=0 count=0 fps=27.8
total took 35.35 ms
PV04 t_ms=1969649 target=0 count=0 fps=28.6
total took 34.75 ms
PV04 t_ms=1969682 target=0 count=0 fps=30.3
total took 34.83 ms
PV04 t_ms=1969718 target=0 count=0 fps=27.8
total took 35.09 ms
PV04 t_ms=1969755 target=0 count=0 fps=27.0
total took 35.75 ms
PV04 t_ms=1969789 target=0 count=0 fps=29.4
total took 33.85 ms
PV04 t_ms=1969824 target=0 count=0 fps=28.6
total took 35.17 ms
PV04 t_ms=1969859 target=0 count=0 fps=28.6
total took 36.37 ms
PV04 t_ms=1969895 target=0 count=0 fps=27.8
total took 36.20 ms
PV04 t_ms=1969930 target=0 count=0 fps=28.6
total took 35.08 ms
PV04 t_ms=1969966 target=0 count=0 fps=27.8
total took 33.65 ms
PV04 t_ms=1970001 target=0 count=0 fps=28.6
total took 35.34 ms
PV04 t_ms=1970037 target=0 count=0 fps=27.8
total took 35.63 ms
PV04 t_ms=1970072 target=0 count=0 fps=28.6
total took 36.29 ms
PV04 t_ms=1970107 target=0 count=0 fps=28.6
total took 35.14 ms
PV04 t_ms=1970144 target=0 count=0 fps=27.0
total took 35.57 ms
PV04 t_ms=1970178 target=0 count=0 fps=29.4
total took 33.55 ms
PV04 t_ms=1970213 target=0 count=0 fps=28.6
total took 35.37 ms
PV04 t_ms=1970249 target=0 count=0 fps=27.8
total took 35.15 ms
PV04 t_ms=1970284 target=0 count=0 fps=28.6
total took 37.08 ms
PV04 t_ms=1970320 target=0 count=0 fps=27.8
total took 35.46 ms
PV04 t_ms=1970357 target=0 count=0 fps=27.0
total took 35.55 ms
PV04 t_ms=1970393 target=0 count=0 fps=27.8
total took 35.31 ms
PV04 t_ms=1970427 target=0 count=0 fps=29.4
total took 34.25 ms
PV04 t_ms=1970461 target=0 count=0 fps=29.4
total took 35.71 ms
PV04 t_ms=1970497 target=0 count=0 fps=27.8
total took 35.39 ms
PV04 t_ms=1970532 target=0 count=0 fps=28.6
total took 35.39 ms
PV04 t_ms=1970569 target=0 count=0 fps=27.0
total took 35.42 ms
PV04 t_ms=1970605 target=0 count=0 fps=27.8
total took 35.43 ms
PV04 t_ms=1970639 target=0 count=0 fps=29.4
total took 34.57 ms
PV04 t_ms=1970673 target=0 count=0 fps=29.4
total took 35.42 ms
PV04 t_ms=1970709 target=0 count=0 fps=27.8
total took 34.37 ms
PV04 t_ms=1970746 target=0 count=0 fps=27.0
total took 36.09 ms
PV04 t_ms=1970782 target=0 count=0 fps=27.8
total took 35.80 ms
PV04 t_ms=1970817 target=0 count=0 fps=28.6
total took 35.03 ms
PV04 t_ms=1970851 target=0 count=0 fps=29.4
total took 34.28 ms
PV04 t_ms=1970887 target=0 count=0 fps=27.8
total took 35.85 ms
PV04 t_ms=1970921 target=0 count=0 fps=29.4
total took 35.74 ms
PV04 t_ms=1970958 target=0 count=0 fps=27.0
total took 35.50 ms
PV04 t_ms=1970994 target=0 count=0 fps=27.8
total took 35.47 ms
PV04 t_ms=1971029 target=0 count=0 fps=28.6
total took 34.88 ms
PV04 t_ms=1971063 target=0 count=0 fps=29.4
total took 33.58 ms
PV04 t_ms=1971098 target=0 count=0 fps=28.6
total took 36.34 ms
PV04 t_ms=1971135 target=0 count=0 fps=27.0
total took 35.97 ms
PV04 t_ms=1971171 target=0 count=0 fps=27.8
total took 35.52 ms
PV04 t_ms=1971206 target=0 count=0 fps=28.6
total took 34.85 ms
PV04 t_ms=1971241 target=0 count=0 fps=28.6
total took 34.61 ms
PV04 t_ms=1971277 target=0 count=0 fps=27.8
total took 37.02 ms
PV04 t_ms=1971311 target=0 count=0 fps=29.4
total took 34.43 ms
PV04 t_ms=1971348 target=0 count=0 fps=27.0
total took 35.61 ms
PV04 t_ms=1971383 target=0 count=0 fps=28.6
total took 35.13 ms
PV04 t_ms=1971418 target=0 count=0 fps=28.6
total took 34.84 ms
PV04 t_ms=1971452 target=0 count=0 fps=29.4
total took 34.12 ms
PV04 t_ms=1971488 target=0 count=0 fps=27.8
total took 36.35 ms
PV04 t_ms=1971524 target=0 count=0 fps=27.8
total took 35.57 ms
PV04 t_ms=1971560 target=0 count=0 fps=27.8
total took 35.56 ms
PV04 t_ms=1971595 target=0 count=0 fps=28.6
total took 35.04 ms
PV04 t_ms=1971631 target=0 count=0 fps=27.8
total took 35.19 ms
PV04 t_ms=1971665 target=0 count=0 fps=29.4
total took 35.68 ms
PV04 t_ms=1971700 target=0 count=0 fps=28.6
total took 35.09 ms
PV04 t_ms=1971737 target=0 count=0 fps=27.0
total took 35.50 ms
PV04 t_ms=1971773 target=0 count=0 fps=27.8
total took 35.27 ms
PV04 t_ms=1971806 target=0 count=0 fps=30.3
total took 33.01 ms
PV04 t_ms=1971841 target=0 count=0 fps=28.6
total took 36.70 ms
PV04 t_ms=1971877 target=0 count=0 fps=27.8
total took 35.60 ms
PV04 t_ms=1971914 target=0 count=0 fps=27.0
total took 35.44 ms
PV04 t_ms=1971949 target=0 count=0 fps=28.6
total took 35.60 ms
PV04 t_ms=1971985 target=0 count=0 fps=27.8
total took 35.41 ms
PV04 t_ms=1972019 target=0 count=0 fps=29.4
total took 33.28 ms
PV04 t_ms=1972054 target=0 count=0 fps=28.6
total took 37.03 ms
PV04 t_ms=1972089 target=0 count=0 fps=28.6
total took 34.09 ms
PV04 t_ms=1972126 target=0 count=0 fps=27.0
total took 36.36 ms
PV04 t_ms=1972162 target=0 count=0 fps=27.8
total took 35.60 ms
PV04 t_ms=1972197 target=0 count=0 fps=28.6
total took 34.62 ms
PV04 t_ms=1972231 target=0 count=0 fps=29.4
total took 34.30 ms
PV04 t_ms=1972267 target=0 count=0 fps=27.8
total took 35.85 ms
PV04 t_ms=1972303 target=0 count=0 fps=27.8
total took 35.48 ms
PV04 t_ms=1972338 target=0 count=0 fps=28.6
total took 35.31 ms
PV04 t_ms=1972374 target=0 count=0 fps=27.8
total took 35.73 ms
PV04 t_ms=1972409 target=0 count=0 fps=28.6
total took 35.23 ms
PV04 t_ms=1972443 target=0 count=0 fps=29.4
total took 33.60 ms
PV04 t_ms=1972480 target=0 count=0 fps=27.0
total took 36.60 ms
PV04 t_ms=1972515 target=0 count=0 fps=28.6
total took 35.22 ms
PV04 t_ms=1972550 target=0 count=0 fps=28.6
total took 35.26 ms
PV04 t_ms=1972587 target=0 count=0 fps=27.0
total took 36.04 ms
PV04 t_ms=1972621 target=0 count=0 fps=29.4
total took 34.38 ms
PV04 t_ms=1972657 target=0 count=0 fps=27.8
total took 35.54 ms
PV04 t_ms=1972691 target=0 count=0 fps=29.4
total took 35.77 ms
PV04 t_ms=1972728 target=0 count=0 fps=27.0
total took 35.75 ms
PV04 t_ms=1972764 target=0 count=0 fps=27.8
total took 35.43 ms
PV04 t_ms=1972798 target=0 count=0 fps=29.4
total took 34.32 ms
PV04 t_ms=1972832 target=0 count=0 fps=29.4
total took 35.29 ms
PV04 t_ms=1972868 target=0 count=0 fps=27.8
total took 35.49 ms
PV04 t_ms=1972905 target=0 count=0 fps=27.0
total took 35.76 ms
PV04 t_ms=1972941 target=0 count=0 fps=27.8
total took 35.42 ms
PV04 t_ms=1972976 target=0 count=0 fps=28.6
total took 35.14 ms
PV04 t_ms=1973010 target=0 count=0 fps=29.4
total took 35.61 ms
PV04 t_ms=1973045 target=0 count=0 fps=28.6
total took 35.13 ms
PV04 t_ms=1973080 target=0 count=0 fps=28.6
total took 34.89 ms
PV04 t_ms=1973116 target=0 count=0 fps=27.8
total took 33.72 ms
PV04 t_ms=1973151 target=0 count=0 fps=28.6
total took 35.23 ms
PV04 t_ms=1973186 target=0 count=0 fps=28.6
total took 35.19 ms
PV04 t_ms=1973222 target=0 count=0 fps=27.8
total took 36.54 ms
PV04 t_ms=1973257 target=0 count=0 fps=28.6
total took 35.47 ms
PV04 t_ms=1973295 target=0 count=0 fps=26.3
total took 36.13 ms
PV04 t_ms=1973329 target=0 count=0 fps=29.4
total took 33.87 ms
PV04 t_ms=1973364 target=0 count=0 fps=28.6
total took 34.73 ms
PV04 t_ms=1973399 target=0 count=0 fps=28.6
total took 35.16 ms
PV04 t_ms=1973434 target=0 count=0 fps=28.6
total took 35.17 ms
PV04 t_ms=1973471 target=0 count=0 fps=27.0
total took 36.65 ms
PV04 t_ms=1973505 target=0 count=0 fps=29.4
total took 34.26 ms
PV04 t_ms=1973541 target=0 count=0 fps=27.8
total took 35.49 ms
PV04 t_ms=1973576 target=0 count=0 fps=28.6
total took 35.54 ms
PV04 t_ms=1973612 target=0 count=0 fps=27.8
total took 35.01 ms
PV04 t_ms=1973648 target=0 count=0 fps=27.8
total took 35.69 ms
PV04 t_ms=1973682 target=0 count=0 fps=29.4
total took 34.78 ms
PV04 t_ms=1973719 target=0 count=0 fps=27.0
total took 36.20 ms
PV04 t_ms=1973753 target=0 count=0 fps=29.4
total took 33.94 ms
PV04 t_ms=1973790 target=0 count=0 fps=27.0
total took 36.78 ms
PV04 t_ms=1973824 target=0 count=0 fps=29.4
total took 34.16 ms
PV04 t_ms=1973860 target=0 count=0 fps=27.8
total took 36.51 ms
PV04 t_ms=1973894 target=0 count=0 fps=29.4
total took 33.64 ms
PV04 t_ms=1973932 target=0 count=0 fps=26.3
total took 37.19 ms
PV04 t_ms=1973967 target=0 count=0 fps=28.6
total took 35.04 ms
PV04 t_ms=1974001 target=0 count=0 fps=29.4
total took 34.60 ms
PV04 t_ms=1974037 target=0 count=0 fps=27.8
total took 35.30 ms
PV04 t_ms=1974073 target=0 count=0 fps=27.8
total took 35.54 ms
PV04 t_ms=1974108 target=0 count=0 fps=28.6
total took 36.10 ms
PV04 t_ms=1974144 target=0 count=0 fps=27.8
total took 35.43 ms
PV04 t_ms=1974179 target=0 count=0 fps=28.6
total took 34.83 ms
PV04 t_ms=1974213 target=0 count=0 fps=29.4
total took 33.94 ms
PV04 t_ms=1974250 target=0 count=0 fps=27.0
total took 36.42 ms
PV04 t_ms=1974286 target=0 count=0 fps=27.8
total took 36.69 ms
PV04 t_ms=1974321 target=0 count=0 fps=28.6
total took 34.38 ms
PV04 t_ms=1974356 target=0 count=0 fps=28.6
total took 34.79 ms
PV04 t_ms=1974391 target=0 count=0 fps=28.6
total took 34.93 ms
PV04 t_ms=1974426 target=0 count=0 fps=28.6
total took 35.25 ms
PV04 t_ms=1974461 target=0 count=0 fps=28.6
total took 35.65 ms
PV04 t_ms=1974497 target=0 count=0 fps=27.8
total took 35.21 ms
PV04 t_ms=1974533 target=0 count=0 fps=27.8
total took 35.57 ms
PV04 t_ms=1974568 target=0 count=0 fps=28.6
total took 35.04 ms
PV04 t_ms=1974602 target=0 count=0 fps=29.4
total took 33.86 ms
PV04 t_ms=1974639 target=0 count=0 fps=27.0
total took 36.50 ms
PV04 t_ms=1974674 target=0 count=0 fps=28.6
total took 35.89 ms
PV04 t_ms=1974711 target=0 count=0 fps=27.0
total took 35.47 ms
PV04 t_ms=1974746 target=0 count=0 fps=28.6
total took 35.12 ms
PV04 t_ms=1974781 target=0 count=0 fps=28.6
total took 34.84 ms
PV04 t_ms=1974815 target=0 count=0 fps=29.4
total took 33.95 ms
PV04 t_ms=1974851 target=0 count=0 fps=27.8
total took 36.25 ms
PV04 t_ms=1974886 target=0 count=0 fps=28.6
total took 34.47 ms
PV04 t_ms=1974921 target=0 count=0 fps=28.6
total took 34.88 ms
PV04 t_ms=1974957 target=0 count=0 fps=27.8
total took 36.56 ms
PV04 t_ms=1974992 target=0 count=0 fps=28.6
total took 34.39 ms
PV04 t_ms=1975028 target=0 count=0 fps=27.8
total took 35.74 ms
PV04 t_ms=1975064 target=0 count=0 fps=27.8
total took 35.82 ms
PV04 t_ms=1975100 target=0 count=0 fps=27.8
total took 36.15 ms
PV04 t_ms=1975135 target=0 count=0 fps=28.6
total took 35.18 ms
PV04 t_ms=1975170 target=0 count=0 fps=28.6
total took 34.41 ms
PV04 t_ms=1975204 target=0 count=0 fps=29.4
total took 34.42 ms
PV04 t_ms=1975241 target=0 count=0 fps=27.0
total took 36.44 ms
PV04 t_ms=1975276 target=0 count=0 fps=28.6
total took 35.28 ms
PV04 t_ms=1975311 target=0 count=0 fps=28.6
total took 36.56 ms
PV04 t_ms=1975347 target=0 count=0 fps=27.8
total took 34.06 ms
PV04 t_ms=1975382 target=0 count=0 fps=28.6
total took 34.42 ms
PV04 t_ms=1975417 target=0 count=0 fps=28.6
total took 35.52 ms
PV04 t_ms=1975452 target=0 count=0 fps=28.6
total took 34.69 ms
PV04 t_ms=1975487 target=0 count=0 fps=28.6
total took 35.24 ms
PV04 t_ms=1975523 target=0 count=0 fps=27.8
total took 35.51 ms
PV04 t_ms=1975560 target=0 count=0 fps=27.0
total took 36.59 ms
PV04 t_ms=1975594 target=0 count=0 fps=29.4
total took 33.84 ms
PV04 t_ms=1975630 target=0 count=0 fps=27.8
total took 36.24 ms
PV04 t_ms=1975665 target=0 count=0 fps=28.6
total took 35.10 ms
PV04 t_ms=1975700 target=0 count=0 fps=28.6
total took 35.28 ms
PV04 t_ms=1975737 target=0 count=0 fps=27.0
total took 35.97 ms
PV04 t_ms=1975771 target=0 count=0 fps=29.4
total took 34.39 ms
PV04 t_ms=1975807 target=0 count=0 fps=27.8
total took 35.57 ms
PV04 t_ms=1975842 target=0 count=0 fps=28.6
total took 35.33 ms
PV04 t_ms=1975878 target=0 count=0 fps=27.8
total took 36.27 ms
PV04 t_ms=1975914 target=0 count=0 fps=27.8
total took 35.38 ms
PV04 t_ms=1975947 target=0 count=0 fps=30.3
total took 33.11 ms
PV04 t_ms=1975983 target=0 count=0 fps=27.8
total took 36.77 ms
PV04 t_ms=1976018 target=0 count=0 fps=28.6
total took 34.92 ms
PV04 t_ms=1976054 target=0 count=0 fps=27.8
total took 35.47 ms
PV04 t_ms=1976090 target=0 count=0 fps=27.8
total took 35.51 ms
PV04 t_ms=1976124 target=0 count=0 fps=29.4
total took 33.35 ms
PV04 t_ms=1976160 target=0 count=0 fps=27.8
total took 35.50 ms
PV04 t_ms=1976195 target=0 count=0 fps=28.6
total took 36.27 ms
PV04 t_ms=1976231 target=0 count=0 fps=27.8
total took 35.16 ms
PV04 t_ms=1976268 target=0 count=0 fps=27.0
total took 35.62 ms
PV04 t_ms=1976302 target=0 count=0 fps=29.4
total took 33.35 ms
PV04 t_ms=1976337 target=0 count=0 fps=28.6
total took 35.18 ms
PV04 t_ms=1976372 target=0 count=0 fps=28.6
total took 36.60 ms
PV04 t_ms=1976408 target=0 count=0 fps=27.8
total took 35.14 ms
PV04 t_ms=1976444 target=0 count=0 fps=27.8
total took 35.30 ms
PV04 t_ms=1976478 target=0 count=0 fps=29.4
total took 34.02 ms
PV04 t_ms=1976514 target=0 count=0 fps=27.8
total took 35.17 ms
PV04 t_ms=1976549 target=0 count=0 fps=28.6
total took 35.07 ms
PV04 t_ms=1976584 target=0 count=0 fps=28.6
total took 37.13 ms
PV04 t_ms=1976620 target=0 count=0 fps=27.8
total took 34.09 ms
PV04 t_ms=1976657 target=0 count=0 fps=27.0
total took 36.98 ms
PV04 t_ms=1976691 target=0 count=0 fps=29.4
total took 33.15 ms
PV04 t_ms=1976726 target=0 count=0 fps=28.6
total took 35.21 ms
PV04 t_ms=1976761 target=0 count=0 fps=28.6
total took 36.76 ms
PV04 t_ms=1976797 target=0 count=0 fps=27.8
total took 35.52 ms
PV04 t_ms=1976832 target=0 count=0 fps=28.6
total took 35.42 ms
PV04 t_ms=1976869 target=0 count=0 fps=27.0
total took 35.44 ms
PV04 t_ms=1976905 target=0 count=0 fps=27.8
total took 35.28 ms
PV04 t_ms=1976938 target=0 count=0 fps=30.3
total took 33.17 ms
PV04 t_ms=1976974 target=0 count=0 fps=27.8
total took 37.06 ms
PV04 t_ms=1977009 target=0 count=0 fps=28.6
total took 34.49 ms
PV04 t_ms=1977046 target=0 count=0 fps=27.0
total took 36.01 ms
PV04 t_ms=1977082 target=0 count=0 fps=27.8
total took 35.56 ms
PV04 t_ms=1977117 target=0 count=0 fps=28.6
total took 34.80 ms
PV04 t_ms=1977150 target=0 count=0 fps=30.3
total took 34.71 ms
PV04 t_ms=1977186 target=0 count=0 fps=27.8
total took 36.53 ms
PV04 t_ms=1977221 target=0 count=0 fps=28.6
total took 35.11 ms
PV04 t_ms=1977257 target=0 count=0 fps=27.8
total took 33.25 ms
PV04 t_ms=1977292 target=0 count=0 fps=28.6
total took 35.54 ms
PV04 t_ms=1977327 target=0 count=0 fps=28.6
total took 35.06 ms
PV04 t_ms=1977363 target=0 count=0 fps=27.8
total took 35.37 ms
PV04 t_ms=1977400 target=0 count=0 fps=27.0
total took 36.64 ms
PV04 t_ms=1977435 target=0 count=0 fps=28.6
total took 35.41 ms
PV04 t_ms=1977469 target=0 count=0 fps=29.4
total took 33.74 ms
PV04 t_ms=1977504 target=0 count=0 fps=28.6
total took 35.43 ms
PV04 t_ms=1977540 target=0 count=0 fps=27.8
total took 36.79 ms
PV04 t_ms=1977576 target=0 count=0 fps=27.8
total took 33.88 ms
PV04 t_ms=1977612 target=0 count=0 fps=27.8
total took 36.53 ms
PV04 t_ms=1977646 target=0 count=0 fps=29.4
total took 34.12 ms
PV04 t_ms=1977682 target=0 count=0 fps=27.8
total took 35.43 ms
PV04 t_ms=1977717 target=0 count=0 fps=28.6
total took 35.32 ms
PV04 t_ms=1977752 target=0 count=0 fps=28.6
total took 34.90 ms
PV04 t_ms=1977789 target=0 count=0 fps=27.0
total took 36.21 ms
PV04 t_ms=1977823 target=0 count=0 fps=29.4
total took 34.54 ms
PV04 t_ms=1977860 target=0 count=0 fps=27.0
total took 37.04 ms
PV04 t_ms=1977896 target=0 count=0 fps=27.8
total took 35.18 ms
PV04 t_ms=1977931 target=0 count=0 fps=28.6
total took 34.81 ms
PV04 t_ms=1977965 target=0 count=0 fps=29.4
total took 34.09 ms
PV04 t_ms=1978001 target=0 count=0 fps=27.8
total took 36.03 ms
PV04 t_ms=1978037 target=0 count=0 fps=27.8
total took 36.32 ms
PV04 t_ms=1978073 target=0 count=0 fps=27.8
total took 35.20 ms
PV04 t_ms=1978107 target=0 count=0 fps=29.4
total took 34.59 ms
PV04 t_ms=1978142 target=0 count=0 fps=28.6
total took 34.55 ms
PV04 t_ms=1978177 target=0 count=0 fps=28.6
total took 36.20 ms
PV04 t_ms=1978214 target=0 count=0 fps=27.0
total took 35.54 ms
PV04 t_ms=1978249 target=0 count=0 fps=28.6
total took 35.53 ms
PV04 t_ms=1978283 target=0 count=0 fps=29.4
total took 33.41 ms
PV04 t_ms=1978319 target=0 count=0 fps=27.8
total took 35.27 ms
PV04 t_ms=1978354 target=0 count=0 fps=28.6
total took 37.11 ms
PV04 t_ms=1978390 target=0 count=0 fps=27.8
total took 34.30 ms
PV04 t_ms=1978426 target=0 count=0 fps=27.8
total took 36.40 ms
PV04 t_ms=1978462 target=0 count=0 fps=27.8
total took 35.29 ms
PV04 t_ms=1978497 target=0 count=0 fps=28.6
total took 34.58 ms
PV04 t_ms=1978531 target=0 count=0 fps=29.4
total took 35.18 ms
PV04 t_ms=1978567 target=0 count=0 fps=27.8
total took 35.73 ms
PV04 t_ms=1978602 target=0 count=0 fps=28.6
total took 35.05 ms
PV04 t_ms=1978639 target=0 count=0 fps=27.0
total took 35.66 ms
PV04 t_ms=1978675 target=0 count=0 fps=27.8
total took 35.36 ms
PV04 t_ms=1978708 target=0 count=0 fps=30.3
total took 33.23 ms
PV04 t_ms=1978743 target=0 count=0 fps=28.6
total took 36.51 ms
PV04 t_ms=1978779 target=0 count=0 fps=27.8
total took 34.81 ms
PV04 t_ms=1978816 target=0 count=0 fps=27.0
total took 36.09 ms
PV04 t_ms=1978850 target=0 count=0 fps=29.4
total took 33.78 ms
PV04 t_ms=1978885 target=0 count=0 fps=28.6
total took 35.46 ms
PV04 t_ms=1978921 target=0 count=0 fps=27.8
total took 36.79 ms
PV04 t_ms=1978956 target=0 count=0 fps=28.6
total took 35.80 ms
PV04 t_ms=1978992 target=0 count=0 fps=27.8
total took 33.49 ms
PV04 t_ms=1979027 target=0 count=0 fps=28.6
total took 35.23 ms
PV04 t_ms=1979063 target=0 count=0 fps=27.8
total took 36.34 ms
PV04 t_ms=1979099 target=0 count=0 fps=27.8
total took 35.69 ms
PV04 t_ms=1979133 target=0 count=0 fps=29.4
total took 33.58 ms
PV04 t_ms=1979169 target=0 count=0 fps=27.8
total took 36.23 ms
PV04 t_ms=1979204 target=0 count=0 fps=28.6
total took 34.51 ms
PV04 t_ms=1979240 target=0 count=0 fps=27.8
total took 36.33 ms
PV04 t_ms=1979274 target=0 count=0 fps=29.4
total took 34.02 ms
PV04 t_ms=1979311 target=0 count=0 fps=27.0
total took 36.60 ms
PV04 t_ms=1979347 target=0 count=0 fps=27.8
total took 35.47 ms
PV04 t_ms=1979381 target=0 count=0 fps=29.4
total took 34.81 ms
PV04 t_ms=1979417 target=0 count=0 fps=27.8
total took 35.32 ms
PV04 t_ms=1979451 target=0 count=0 fps=29.4
total took 34.46 ms
PV04 t_ms=1979488 target=0 count=0 fps=27.0
total took 35.96 ms
PV04 t_ms=1979522 target=0 count=0 fps=29.4
total took 34.49 ms
PV04 t_ms=1979559 target=0 count=0 fps=27.0
total took 36.26 ms
PV04 t_ms=1979594 target=0 count=0 fps=28.6
total took 35.22 ms
PV04 t_ms=1979629 target=0 count=0 fps=28.6
total took 35.23 ms
PV04 t_ms=1979666 target=0 count=0 fps=27.0
total took 36.26 ms
PV04 t_ms=1979700 target=0 count=0 fps=29.4
total took 34.45 ms
PV04 t_ms=1979735 target=0 count=0 fps=28.6
total took 34.26 ms
PV04 t_ms=1979771 target=0 count=0 fps=27.8
total took 36.27 ms
PV04 t_ms=1979806 target=0 count=0 fps=28.6
total took 34.51 ms
PV04 t_ms=1979841 target=0 count=0 fps=28.6
total took 35.47 ms
PV04 t_ms=1979877 target=0 count=0 fps=27.8
total took 36.24 ms
PV04 t_ms=1979912 target=0 count=0 fps=28.6
total took 34.18 ms
PV04 t_ms=1979948 target=0 count=0 fps=27.8
total took 35.93 ms
PV04 t_ms=1979983 target=0 count=0 fps=28.6
total took 35.19 ms
PV04 t_ms=1980019 target=0 count=0 fps=27.8
total took 36.05 ms
PV04 t_ms=1980055 target=0 count=0 fps=27.8
total took 35.27 ms
PV04 t_ms=1980090 target=0 count=0 fps=28.6
total took 35.05 ms
PV04 t_ms=1980124 target=0 count=0 fps=29.4
total took 34.34 ms
PV04 t_ms=1980159 target=0 count=0 fps=28.6
total took 35.52 ms
PV04 t_ms=1980196 target=0 count=0 fps=27.0
total took 36.67 ms
PV04 t_ms=1980234 target=0 count=0 fps=26.3
total took 36.74 ms
PV04 t_ms=1980267 target=0 count=0 fps=30.3
total took 33.03 ms
PV04 t_ms=1980301 target=0 count=0 fps=29.4
total took 34.84 ms
PV04 t_ms=1980337 target=0 count=0 fps=27.8
total took 35.41 ms
PV04 t_ms=1980372 target=0 count=0 fps=28.6
total took 34.67 ms
PV04 t_ms=1980410 target=0 count=0 fps=26.3
total took 37.91 ms
PV04 t_ms=1980444 target=0 count=0 fps=29.4
total took 34.78 ms
PV04 t_ms=1980479 target=0 count=0 fps=28.6
total took 34.19 ms
PV04 t_ms=1980513 target=0 count=0 fps=29.4
total took 33.91 ms
PV04 t_ms=1980549 target=0 count=0 fps=27.8
total took 36.21 ms
PV04 t_ms=1980585 target=0 count=0 fps=27.8
total took 35.87 ms
PV04 t_ms=1980621 target=0 count=0 fps=27.8
total took 35.67 ms
PV04 t_ms=1980656 target=0 count=0 fps=28.6
total took 35.05 ms
PV04 t_ms=1980691 target=0 count=0 fps=28.6
total took 34.75 ms
PV04 t_ms=1980726 target=0 count=0 fps=28.6
total took 35.29 ms
PV04 t_ms=1980761 target=0 count=0 fps=28.6
total took 35.76 ms
PV04 t_ms=1980798 target=0 count=0 fps=27.0
total took 35.75 ms
PV04 t_ms=1980834 target=0 count=0 fps=27.8
total took 35.31 ms
PV04 t_ms=1980868 target=0 count=0 fps=29.4
total took 34.53 ms
PV04 t_ms=1980902 target=0 count=0 fps=29.4
total took 33.95 ms
PV04 t_ms=1980939 target=0 count=0 fps=27.0
total took 36.38 ms
PV04 t_ms=1980974 target=0 count=0 fps=28.6
total took 35.22 ms
PV04 t_ms=1981010 target=0 count=0 fps=27.8
total took 36.21 ms
PV04 t_ms=1981046 target=0 count=0 fps=27.8
total took 35.33 ms
PV04 t_ms=1981081 target=0 count=0 fps=28.6
total took 34.50 ms
PV04 t_ms=1981115 target=0 count=0 fps=29.4
total took 34.16 ms
PV04 t_ms=1981150 target=0 count=0 fps=28.6
total took 35.55 ms
PV04 t_ms=1981187 target=0 count=0 fps=27.0
total took 37.00 ms
PV04 t_ms=1981223 target=0 count=0 fps=27.8
total took 35.26 ms
PV04 t_ms=1981258 target=0 count=0 fps=28.6
total took 34.62 ms
PV04 t_ms=1981292 target=0 count=0 fps=29.4
total took 35.21 ms
PV04 t_ms=1981327 target=0 count=0 fps=28.6
total took 35.54 ms
PV04 t_ms=1981364 target=0 count=0 fps=27.0
total took 35.51 ms
PV04 t_ms=1981399 target=0 count=0 fps=28.6
total took 34.50 ms
PV04 t_ms=1981434 target=0 count=0 fps=28.6
total took 34.64 ms
PV04 t_ms=1981469 target=0 count=0 fps=28.6
total took 35.41 ms
PV04 t_ms=1981504 target=0 count=0 fps=28.6
total took 35.18 ms
PV04 t_ms=1981540 target=0 count=0 fps=27.8
total took 34.63 ms
PV04 t_ms=1981575 target=0 count=0 fps=28.6
total took 34.23 ms
PV04 t_ms=1981610 target=0 count=0 fps=28.6
total took 35.48 ms
PV04 t_ms=1981646 target=0 count=0 fps=27.8
total took 35.28 ms
PV04 t_ms=1981681 target=0 count=0 fps=28.6
total took 36.78 ms
PV04 t_ms=1981716 target=0 count=0 fps=28.6
total took 35.59 ms
PV04 t_ms=1981752 target=0 count=0 fps=27.8
total took 33.48 ms
PV04 t_ms=1981788 target=0 count=0 fps=27.8
total took 36.05 ms
PV04 t_ms=1981822 target=0 count=0 fps=29.4
total took 34.43 ms
PV04 t_ms=1981858 target=0 count=0 fps=27.8
total took 35.61 ms
PV04 t_ms=1981894 target=0 count=0 fps=27.8
total took 35.19 ms
PV04 t_ms=1981930 target=0 count=0 fps=27.8
total took 36.39 ms
PV04 t_ms=1981966 target=0 count=0 fps=27.8
total took 35.34 ms
PV04 t_ms=1982000 target=0 count=0 fps=29.4
total took 34.13 ms
PV04 t_ms=1982035 target=0 count=0 fps=28.6
total took 35.47 ms
PV04 t_ms=1982071 target=0 count=0 fps=27.8
total took 36.43 ms
PV04 t_ms=1982106 target=0 count=0 fps=28.6
total took 35.93 ms
PV04 t_ms=1982141 target=0 count=0 fps=28.6
total took 33.01 ms
PV04 t_ms=1982177 target=0 count=0 fps=27.8
total took 35.37 ms
PV04 t_ms=1982212 target=0 count=0 fps=28.6
total took 35.63 ms
PV04 t_ms=1982247 target=0 count=0 fps=28.6
total took 35.13 ms
PV04 t_ms=1982283 target=0 count=0 fps=27.8
total took 35.19 ms
PV04 t_ms=1982320 target=0 count=0 fps=27.0
total took 36.73 ms
PV04 t_ms=1982353 target=0 count=0 fps=30.3
total took 33.56 ms
PV04 t_ms=1982389 target=0 count=0 fps=27.8
total took 35.42 ms
PV04 t_ms=1982424 target=0 count=0 fps=28.6
total took 35.50 ms
PV04 t_ms=1982461 target=0 count=0 fps=27.0
total took 36.45 ms
PV04 t_ms=1982496 target=0 count=0 fps=28.6
total took 35.13 ms
PV04 t_ms=1982531 target=0 count=0 fps=28.6
total took 34.89 ms
PV04 t_ms=1982566 target=0 count=0 fps=28.6
total took 34.95 ms
PV04 t_ms=1982603 target=0 count=0 fps=27.0
total took 36.18 ms
PV04 t_ms=1982637 target=0 count=0 fps=29.4
total took 34.23 ms
PV04 t_ms=1982672 target=0 count=0 fps=28.6
total took 36.81 ms
PV04 t_ms=1982708 target=0 count=0 fps=27.8
total took 33.90 ms
PV04 t_ms=1982744 target=0 count=0 fps=27.8
total took 36.19 ms
PV04 t_ms=1982779 target=0 count=0 fps=28.6
total took 34.29 ms
PV04 t_ms=1982816 target=0 count=0 fps=27.0
total took 37.33 ms
PV04 t_ms=1982849 target=0 count=0 fps=30.3
total took 32.69 ms
PV04 t_ms=1982884 target=0 count=0 fps=28.6
total took 35.26 ms
PV04 t_ms=1982920 target=0 count=0 fps=27.8
total took 36.01 ms
PV04 t_ms=1982956 target=0 count=0 fps=27.8
total took 36.31 ms
PV04 t_ms=1982992 target=0 count=0 fps=27.8
total took 35.81 ms
PV04 t_ms=1983026 target=0 count=0 fps=29.4
total took 33.26 ms
PV04 t_ms=1983061 target=0 count=0 fps=28.6
total took 36.79 ms
PV04 t_ms=1983097 target=0 count=0 fps=27.8
total took 35.58 ms
PV04 t_ms=1983132 target=0 count=0 fps=28.6
total took 35.27 ms
PV04 t_ms=1983170 target=0 count=0 fps=26.3
total took 35.75 ms
PV04 t_ms=1983205 target=0 count=0 fps=28.6
total took 35.35 ms
PV04 t_ms=1983239 target=0 count=0 fps=29.4
total took 33.34 ms
PV04 t_ms=1983274 target=0 count=0 fps=28.6
total took 36.56 ms
PV04 t_ms=1983309 target=0 count=0 fps=28.6
total took 34.25 ms
PV04 t_ms=1983346 target=0 count=0 fps=27.0
total took 36.64 ms
PV04 t_ms=1983382 target=0 count=0 fps=27.8
total took 35.27 ms
PV04 t_ms=1983418 target=0 count=0 fps=27.8
total took 36.30 ms
PV04 t_ms=1983451 target=0 count=0 fps=30.3
total took 33.12 ms
PV04 t_ms=1983487 target=0 count=0 fps=27.8
total took 35.60 ms
PV04 t_ms=1983523 target=0 count=0 fps=27.8
total took 35.51 ms
PV04 t_ms=1983559 target=0 count=0 fps=27.8
total took 35.95 ms
PV04 t_ms=1983594 target=0 count=0 fps=28.6
total took 35.29 ms
PV04 t_ms=1983629 target=0 count=0 fps=28.6
total took 34.66 ms
PV04 t_ms=1983663 target=0 count=0 fps=29.4
total took 34.02 ms
PV04 t_ms=1983700 target=0 count=0 fps=27.0
total took 36.43 ms
PV04 t_ms=1983735 target=0 count=0 fps=28.6
total took 35.50 ms
PV04 t_ms=1983771 target=0 count=0 fps=27.8
total took 35.96 ms
PV04 t_ms=1983807 target=0 count=0 fps=27.8
total took 35.18 ms
PV04 t_ms=1983841 target=0 count=0 fps=29.4
total took 34.46 ms
PV04 t_ms=1983877 target=0 count=0 fps=27.8
total took 35.35 ms
PV04 t_ms=1983911 target=0 count=0 fps=29.4
total took 35.58 ms
PV04 t_ms=1983948 target=0 count=0 fps=27.0
total took 35.74 ms
PV04 t_ms=1983984 target=0 count=0 fps=27.8
total took 35.41 ms
PV04 t_ms=1984019 target=0 count=0 fps=28.6
total took 35.14 ms
PV04 t_ms=1984053 target=0 count=0 fps=29.4
total took 33.54 ms
PV04 t_ms=1984088 target=0 count=0 fps=28.6
total took 36.44 ms
PV04 t_ms=1984124 target=0 count=0 fps=27.8
total took 35.44 ms
PV04 t_ms=1984161 target=0 count=0 fps=27.0
total took 36.00 ms
PV04 t_ms=1984196 target=0 count=0 fps=28.6
total took 35.30 ms
PV04 t_ms=1984231 target=0 count=0 fps=28.6
total took 34.71 ms
PV04 t_ms=1984265 target=0 count=0 fps=29.4
total took 35.49 ms
PV04 t_ms=1984300 target=0 count=0 fps=28.6
total took 33.95 ms
PV04 t_ms=1984338 target=0 count=0 fps=26.3
total took 37.65 ms
PV04 t_ms=1984373 target=0 count=0 fps=28.6
total took 34.51 ms
PV04 t_ms=1984408 target=0 count=0 fps=28.6
total took 34.54 ms
PV04 t_ms=1984442 target=0 count=0 fps=29.4
total took 34.64 ms
PV04 t_ms=1984477 target=0 count=0 fps=28.6
total took 34.78 ms
PV04 t_ms=1984513 target=0 count=0 fps=27.8
total took 35.71 ms
PV04 t_ms=1984548 target=0 count=0 fps=28.6
total took 34.94 ms
PV04 t_ms=1984585 target=0 count=0 fps=27.0
total took 37.22 ms
PV04 t_ms=1984620 target=0 count=0 fps=28.6
total took 34.40 ms
PV04 t_ms=1984655 target=0 count=0 fps=28.6
total took 34.50 ms
PV04 t_ms=1984691 target=0 count=0 fps=27.8
total took 36.02 ms
PV04 t_ms=1984726 target=0 count=0 fps=28.6
total took 35.52 ms
PV04 t_ms=1984761 target=0 count=0 fps=28.6
total took 34.34 ms
PV04 t_ms=1984796 target=0 count=0 fps=28.6
total took 35.26 ms
PV04 t_ms=1984832 target=0 count=0 fps=27.8
total took 35.49 ms
PV04 t_ms=1984868 target=0 count=0 fps=27.8
total took 35.90 ms
PV04 t_ms=1984903 target=0 count=0 fps=28.6
total took 35.35 ms
PV04 t_ms=1984939 target=0 count=0 fps=27.8
total took 36.13 ms
PV04 t_ms=1984975 target=0 count=0 fps=27.8
total took 35.28 ms
PV04 t_ms=1985009 target=0 count=0 fps=29.4
total took 35.18 ms
PV04 t_ms=1985044 target=0 count=0 fps=28.6
total took 33.52 ms
PV04 t_ms=1985080 target=0 count=0 fps=27.8
total took 36.56 ms
PV04 t_ms=1985115 target=0 count=0 fps=28.6
total took 34.95 ms
PV04 t_ms=1985152 target=0 count=0 fps=27.0
total took 36.11 ms
PV04 t_ms=1985187 target=0 count=0 fps=28.6
total took 35.23 ms
PV04 t_ms=1985221 target=0 count=0 fps=29.4
total took 34.47 ms
PV04 t_ms=1985256 target=0 count=0 fps=28.6
total took 36.24 ms
PV04 t_ms=1985291 target=0 count=0 fps=28.6
total took 35.15 ms
PV04 t_ms=1985329 target=0 count=0 fps=26.3
total took 35.53 ms
PV04 t_ms=1985364 target=0 count=0 fps=28.6
total took 35.43 ms
PV04 t_ms=1985397 target=0 count=0 fps=30.3
total took 32.91 ms
PV04 t_ms=1985433 target=0 count=0 fps=27.8
total took 39.34 ms
PV04 t_ms=1985468 target=0 count=0 fps=28.6
total took 32.52 ms
PV04 t_ms=1985505 target=0 count=0 fps=27.0
total took 35.92 ms
PV04 t_ms=1985541 target=0 count=0 fps=27.8
total took 35.21 ms
PV04 t_ms=1985576 target=0 count=0 fps=28.6
total took 35.49 ms
PV04 t_ms=1985611 target=0 count=0 fps=28.6
total took 34.71 ms
PV04 t_ms=1985645 target=0 count=0 fps=29.4
total took 35.90 ms
PV04 t_ms=1985681 target=0 count=0 fps=27.8
total took 35.18 ms
PV04 t_ms=1985718 target=0 count=0 fps=27.0
total took 35.53 ms
PV04 t_ms=1985753 target=0 count=0 fps=28.6
total took 35.19 ms
PV04 t_ms=1985788 target=0 count=0 fps=28.6
total took 34.24 ms
PV04 t_ms=1985822 target=0 count=0 fps=29.4
total took 34.52 ms
PV04 t_ms=1985859 target=0 count=0 fps=27.0
total took 36.38 ms
PV04 t_ms=1985894 target=0 count=0 fps=28.6
total took 35.68 ms
PV04 t_ms=1985930 target=0 count=0 fps=27.8
total took 35.59 ms
PV04 t_ms=1985965 target=0 count=0 fps=28.6
total took 35.05 ms
PV04 t_ms=1986000 target=0 count=0 fps=28.6
total took 34.64 ms
PV04 t_ms=1986034 target=0 count=0 fps=29.4
total took 35.54 ms
PV04 t_ms=1986070 target=0 count=0 fps=27.8
total took 34.42 ms
PV04 t_ms=1986107 target=0 count=0 fps=27.0
total took 36.80 ms
PV04 t_ms=1986143 target=0 count=0 fps=27.8
total took 35.39 ms
PV04 t_ms=1986177 target=0 count=0 fps=29.4
total took 34.46 ms
PV04 t_ms=1986212 target=0 count=0 fps=28.6
total took 35.39 ms
PV04 t_ms=1986247 target=0 count=0 fps=28.6
total took 35.58 ms
PV04 t_ms=1986284 target=0 count=0 fps=27.0
total took 35.94 ms
PV04 t_ms=1986319 target=0 count=0 fps=28.6
total took 34.74 ms
PV04 t_ms=1986355 target=0 count=0 fps=27.8
total took 35.41 ms
PV04 t_ms=1986390 target=0 count=0 fps=28.6
total took 34.74 ms
PV04 t_ms=1986424 target=0 count=0 fps=29.4
total took 34.40 ms
PV04 t_ms=1986460 target=0 count=0 fps=27.8
total took 35.76 ms
PV04 t_ms=1986496 target=0 count=0 fps=27.8
total took 36.38 ms
PV04 t_ms=1986532 target=0 count=0 fps=27.8
total took 35.23 ms
PV04 t_ms=1986567 target=0 count=0 fps=28.6
total took 34.81 ms
PV04 t_ms=1986602 target=0 count=0 fps=28.6
total took 34.82 ms
PV04 t_ms=1986636 target=0 count=0 fps=29.4
total took 35.96 ms
PV04 t_ms=1986671 target=0 count=0 fps=28.6
total took 34.88 ms
PV04 t_ms=1986709 target=0 count=0 fps=26.3
total took 35.95 ms
PV04 t_ms=1986744 target=0 count=0 fps=28.6
total took 35.39 ms
PV04 t_ms=1986779 target=0 count=0 fps=28.6
total took 34.71 ms
PV04 t_ms=1986813 target=0 count=0 fps=29.4
total took 34.01 ms
PV04 t_ms=1986849 target=0 count=0 fps=27.8
total took 36.15 ms
PV04 t_ms=1986885 target=0 count=0 fps=27.8
total took 35.67 ms
PV04 t_ms=1986921 target=0 count=0 fps=27.8
total took 35.73 ms
PV04 t_ms=1986957 target=0 count=0 fps=27.8
total took 35.34 ms
PV04 t_ms=1986991 target=0 count=0 fps=29.4
total took 34.56 ms
PV04 t_ms=1987026 target=0 count=0 fps=28.6
total took 36.04 ms
PV04 t_ms=1987061 target=0 count=0 fps=28.6
total took 34.77 ms
PV04 t_ms=1987098 target=0 count=0 fps=27.0
total took 35.61 ms
PV04 t_ms=1987133 target=0 count=0 fps=28.6
total took 35.10 ms
PV04 t_ms=1987169 target=0 count=0 fps=27.8
total took 35.18 ms
PV04 t_ms=1987203 target=0 count=0 fps=29.4
total took 33.87 ms
PV04 t_ms=1987239 target=0 count=0 fps=27.8
total took 36.31 ms
PV04 t_ms=1987275 target=0 count=0 fps=27.8
total took 35.81 ms
PV04 t_ms=1987311 target=0 count=0 fps=27.8
total took 35.55 ms
PV04 t_ms=1987346 target=0 count=0 fps=28.6
total took 35.15 ms
PV04 t_ms=1987381 target=0 count=0 fps=28.6
total took 34.91 ms
PV04 t_ms=1987415 target=0 count=0 fps=29.4
total took 35.87 ms
PV04 t_ms=1987450 target=0 count=0 fps=28.6
total took 35.05 ms
PV04 t_ms=1987487 target=0 count=0 fps=27.0
total took 34.24 ms
PV04 t_ms=1987523 target=0 count=0 fps=27.8
total took 35.50 ms
PV04 t_ms=1987558 target=0 count=0 fps=28.6
total took 34.20 ms
PV04 t_ms=1987592 target=0 count=0 fps=29.4
total took 34.51 ms
PV04 t_ms=1987627 target=0 count=0 fps=28.6
total took 36.43 ms
PV04 t_ms=1987662 target=0 count=0 fps=28.6
total took 34.97 ms
PV04 t_ms=1987700 target=0 count=0 fps=26.3
total took 35.89 ms
PV04 t_ms=1987735 target=0 count=0 fps=28.6
total took 35.35 ms
PV04 t_ms=1987769 target=0 count=0 fps=29.4
total took 33.21 ms
PV04 t_ms=1987804 target=0 count=0 fps=28.6
total took 37.36 ms
PV04 t_ms=1987840 target=0 count=0 fps=27.8
total took 34.19 ms
PV04 t_ms=1987876 target=0 count=0 fps=27.8
total took 36.27 ms
PV04 t_ms=1987911 target=0 count=0 fps=28.6
total took 33.47 ms
PV04 t_ms=1987946 target=0 count=0 fps=28.6
total took 35.31 ms
PV04 t_ms=1987981 target=0 count=0 fps=28.6
total took 36.27 ms
PV04 t_ms=1988017 target=0 count=0 fps=27.8
total took 36.04 ms
PV04 t_ms=1988052 target=0 count=0 fps=28.6
total took 33.55 ms
PV04 t_ms=1988088 target=0 count=0 fps=27.8
total took 35.31 ms
PV04 t_ms=1988123 target=0 count=0 fps=28.6
total took 35.60 ms
PV04 t_ms=1988160 target=0 count=0 fps=27.0
total took 36.55 ms
PV04 t_ms=1988194 target=0 count=0 fps=29.4
total took 33.77 ms
PV04 t_ms=1988230 target=0 count=0 fps=27.8
total took 36.63 ms
PV04 t_ms=1988266 target=0 count=0 fps=27.8
total took 35.18 ms
PV04 t_ms=1988300 target=0 count=0 fps=29.4
total took 34.40 ms
PV04 t_ms=1988336 target=0 count=0 fps=27.8
total took 35.41 ms
PV04 t_ms=1988371 target=0 count=0 fps=28.6
total took 35.65 ms
PV04 t_ms=1988407 target=0 count=0 fps=27.8
total took 34.92 ms
PV04 t_ms=1988442 target=0 count=0 fps=28.6
total took 35.25 ms
PV04 t_ms=1988477 target=0 count=0 fps=28.6
total took 34.63 ms
PV04 t_ms=1988512 target=0 count=0 fps=28.6
total took 35.33 ms
PV04 t_ms=1988549 target=0 count=0 fps=27.0
total took 37.08 ms
PV04 t_ms=1988583 target=0 count=0 fps=29.4
total took 33.53 ms
PV04 t_ms=1988619 target=0 count=0 fps=27.8
total took 36.35 ms
PV04 t_ms=1988655 target=0 count=0 fps=27.8
total took 35.55 ms
PV04 t_ms=1988690 target=0 count=0 fps=28.6
total took 35.31 ms
PV04 t_ms=1988726 target=0 count=0 fps=27.8
total took 35.87 ms
PV04 t_ms=1988761 target=0 count=0 fps=28.6
total took 34.83 ms
PV04 t_ms=1988796 target=0 count=0 fps=28.6
total took 34.89 ms
PV04 t_ms=1988831 target=0 count=0 fps=28.6
total took 35.92 ms
PV04 t_ms=1988867 target=0 count=0 fps=27.8
total took 35.53 ms
PV04 t_ms=1988903 target=0 count=0 fps=27.8
total took 35.20 ms
PV04 t_ms=1988938 target=0 count=0 fps=28.6
total took 34.47 ms
PV04 t_ms=1988972 target=0 count=0 fps=29.4
total took 35.73 ms
PV04 t_ms=1989008 target=0 count=0 fps=27.8
total took 35.21 ms
PV04 t_ms=1989044 target=0 count=0 fps=27.8
total took 35.37 ms
PV04 t_ms=1989080 target=0 count=0 fps=27.8
total took 35.86 ms
PV04 t_ms=1989114 target=0 count=0 fps=29.4
total took 33.43 ms
PV04 t_ms=1989149 target=0 count=0 fps=28.6
total took 35.23 ms
PV04 t_ms=1989185 target=0 count=0 fps=27.8
total took 36.74 ms
PV04 t_ms=1989220 target=0 count=0 fps=28.6
total took 34.30 ms
PV04 t_ms=1989257 target=0 count=0 fps=27.0
total took 36.31 ms
PV04 t_ms=1989293 target=0 count=0 fps=27.8
total took 35.32 ms
PV04 t_ms=1989326 target=0 count=0 fps=30.3
total took 33.45 ms
PV04 t_ms=1989361 target=0 count=0 fps=28.6
total took 36.58 ms
PV04 t_ms=1989397 target=0 count=0 fps=27.8
total took 35.77 ms
PV04 t_ms=1989434 target=0 count=0 fps=27.0
total took 35.46 ms
PV04 t_ms=1989468 target=0 count=0 fps=29.4
total took 33.36 ms
PV04 t_ms=1989503 target=0 count=0 fps=28.6
total took 35.30 ms
PV04 t_ms=1989539 target=0 count=0 fps=27.8
total took 35.64 ms
PV04 t_ms=1989574 target=0 count=0 fps=28.6
total took 36.77 ms
PV04 t_ms=1989610 target=0 count=0 fps=27.8
total took 33.71 ms
PV04 t_ms=1989645 target=0 count=0 fps=28.6
total took 35.69 ms
PV04 t_ms=1989680 target=0 count=0 fps=28.6
total took 34.40 ms
PV04 t_ms=1989716 target=0 count=0 fps=27.8
total took 35.51 ms
PV04 t_ms=1989751 target=0 count=0 fps=28.6
total took 36.45 ms
PV04 t_ms=1989786 target=0 count=0 fps=28.6
total took 35.96 ms
PV04 t_ms=1989822 target=0 count=0 fps=27.8
total took 33.42 ms
PV04 t_ms=1989858 target=0 count=0 fps=27.8
total took 36.25 ms
PV04 t_ms=1989892 target=0 count=0 fps=29.4
total took 34.45 ms
PV04 t_ms=1989928 target=0 count=0 fps=27.8
total took 35.50 ms
PV04 t_ms=1989964 target=0 count=0 fps=27.8
total took 36.78 ms
PV04 t_ms=1989999 target=0 count=0 fps=28.6
total took 33.68 ms
PV04 t_ms=1990035 target=0 count=0 fps=27.8
total took 36.38 ms
PV04 t_ms=1990070 target=0 count=0 fps=28.6
total took 34.22 ms
PV04 t_ms=1990105 target=0 count=0 fps=28.6
total took 35.39 ms
PV04 t_ms=1990141 target=0 count=0 fps=27.8
total took 36.11 ms
PV04 t_ms=1990177 target=0 count=0 fps=27.8
total took 35.20 ms
PV04 t_ms=1990212 target=0 count=0 fps=28.6
total took 35.35 ms
PV04 t_ms=1990248 target=0 count=0 fps=27.8
total took 36.07 ms
PV04 t_ms=1990284 target=0 count=0 fps=27.8
total took 35.25 ms
PV04 t_ms=1990319 target=0 count=0 fps=28.6
total took 34.78 ms
PV04 t_ms=1990353 target=0 count=0 fps=29.4
total took 35.33 ms
PV04 t_ms=1990388 target=0 count=0 fps=28.6
total took 35.14 ms
PV04 t_ms=1990424 target=0 count=0 fps=27.8
total took 35.35 ms
PV04 t_ms=1990460 target=0 count=0 fps=27.8
total took 35.70 ms
PV04 t_ms=1990496 target=0 count=0 fps=27.8
total took 35.45 ms
PV04 t_ms=1990531 target=0 count=0 fps=28.6
total took 34.79 ms
PV04 t_ms=1990565 target=0 count=0 fps=29.4
total took 35.83 ms
PV04 t_ms=1990600 target=0 count=0 fps=28.6
total took 35.02 ms
PV04 t_ms=1990637 target=0 count=0 fps=27.0
total took 35.17 ms
PV04 t_ms=1990673 target=0 count=0 fps=27.8
total took 35.47 ms
PV04 t_ms=1990706 target=0 count=0 fps=30.3
total took 33.85 ms
PV04 t_ms=1990742 target=0 count=0 fps=27.8
total took 36.03 ms
PV04 t_ms=1990777 target=0 count=0 fps=28.6
total took 35.71 ms
PV04 t_ms=1990814 target=0 count=0 fps=27.0
total took 35.57 ms
PV04 t_ms=1990850 target=0 count=0 fps=27.8
total took 35.19 ms
PV04 t_ms=1990885 target=0 count=0 fps=28.6
total took 35.52 ms
PV04 t_ms=1990919 target=0 count=0 fps=29.4
total took 33.21 ms
PV04 t_ms=1990954 target=0 count=0 fps=28.6
total took 37.10 ms
PV04 t_ms=1990990 target=0 count=0 fps=27.8
total took 34.14 ms
PV04 t_ms=1991027 target=0 count=0 fps=27.0
total took 36.70 ms
PV04 t_ms=1991062 target=0 count=0 fps=28.6
total took 35.08 ms
PV04 t_ms=1991096 target=0 count=0 fps=29.4
total took 33.32 ms
PV04 t_ms=1991131 target=0 count=0 fps=28.6
total took 36.59 ms
PV04 t_ms=1991167 target=0 count=0 fps=27.8
total took 36.03 ms
PV04 t_ms=1991202 target=0 count=0 fps=28.6
total took 35.12 ms
PV04 t_ms=1991240 target=0 count=0 fps=26.3
total took 35.82 ms
PV04 t_ms=1991273 target=0 count=0 fps=30.3
total took 33.30 ms
PV04 t_ms=1991310 target=0 count=0 fps=27.0
total took 37.50 ms
PV04 t_ms=1991344 target=0 count=0 fps=29.4
total took 34.27 ms
PV04 t_ms=1991379 target=0 count=0 fps=28.6
total took 34.62 ms
PV04 t_ms=1991415 target=0 count=0 fps=27.8
total took 34.35 ms
PV04 t_ms=1991450 target=0 count=0 fps=28.6
total took 35.48 ms
PV04 t_ms=1991485 target=0 count=0 fps=28.6
total took 35.20 ms
PV04 t_ms=1991522 target=0 count=0 fps=27.0
total took 38.05 ms
PV04 t_ms=1991556 target=0 count=0 fps=29.4
total took 34.84 ms
PV04 t_ms=1991591 target=0 count=0 fps=28.6
total took 32.81 ms
PV04 t_ms=1991627 target=0 count=0 fps=27.8
total took 36.18 ms
PV04 t_ms=1991662 target=0 count=0 fps=28.6
total took 34.54 ms
PV04 t_ms=1991697 target=0 count=0 fps=28.6
total took 35.19 ms
PV04 t_ms=1991733 target=0 count=0 fps=27.8
total took 35.16 ms
PV04 t_ms=1991770 target=0 count=0 fps=27.0
total took 36.81 ms
PV04 t_ms=1991804 target=0 count=0 fps=29.4
total took 34.36 ms
PV04 t_ms=1991840 target=0 count=0 fps=27.8
total took 36.34 ms
PV04 t_ms=1991875 target=0 count=0 fps=28.6
total took 34.22 ms
PV04 t_ms=1991911 target=0 count=0 fps=27.8
total took 36.29 ms
PV04 t_ms=1991946 target=0 count=0 fps=28.6
total took 35.19 ms
PV04 t_ms=1991981 target=0 count=0 fps=28.6
total took 34.84 ms
PV04 t_ms=1992016 target=0 count=0 fps=28.6
total took 34.42 ms
PV04 t_ms=1992052 target=0 count=0 fps=27.8
total took 35.65 ms
PV04 t_ms=1992088 target=0 count=0 fps=27.8
total took 36.58 ms
PV04 t_ms=1992122 target=0 count=0 fps=29.4
total took 33.83 ms
PV04 t_ms=1992159 target=0 count=0 fps=27.0
total took 36.34 ms
PV04 t_ms=1992194 target=0 count=0 fps=28.6
total took 35.19 ms
PV04 t_ms=1992229 target=0 count=0 fps=28.6
total took 35.28 ms
PV04 t_ms=1992264 target=0 count=0 fps=28.6
total took 34.25 ms
PV04 t_ms=1992299 target=0 count=0 fps=28.6
total took 35.27 ms
PV04 t_ms=1992335 target=0 count=0 fps=27.8
total took 35.32 ms
PV04 t_ms=1992371 target=0 count=0 fps=27.8
total took 36.59 ms
PV04 t_ms=1992406 target=0 count=0 fps=28.6
total took 34.59 ms
PV04 t_ms=1992441 target=0 count=0 fps=28.6
total took 35.04 ms
PV04 t_ms=1992478 target=0 count=0 fps=27.0
total took 36.34 ms
PV04 t_ms=1992512 target=0 count=0 fps=29.4
total took 34.45 ms
PV04 t_ms=1992548 target=0 count=0 fps=27.8
total took 35.74 ms
PV04 t_ms=1992583 target=0 count=0 fps=28.6
total took 35.35 ms
PV04 t_ms=1992619 target=0 count=0 fps=27.8
total took 35.96 ms
PV04 t_ms=1992655 target=0 count=0 fps=27.8
total took 35.42 ms
PV04 t_ms=1992690 target=0 count=0 fps=28.6
total took 35.12 ms
PV04 t_ms=1992724 target=0 count=0 fps=29.4
total took 33.62 ms
PV04 t_ms=1992760 target=0 count=0 fps=27.8
total took 36.31 ms
PV04 t_ms=1992796 target=0 count=0 fps=27.8
total took 35.66 ms
PV04 t_ms=1992832 target=0 count=0 fps=27.8
total took 35.67 ms
PV04 t_ms=1992867 target=0 count=0 fps=28.6
total took 34.74 ms
PV04 t_ms=1992902 target=0 count=0 fps=28.6
total took 34.91 ms
PV04 t_ms=1992936 target=0 count=0 fps=29.4
total took 36.18 ms
PV04 t_ms=1992972 target=0 count=0 fps=27.8
total took 34.51 ms
PV04 t_ms=1993009 target=0 count=0 fps=27.0
total took 35.93 ms
PV04 t_ms=1993044 target=0 count=0 fps=28.6
total took 35.04 ms
PV04 t_ms=1993079 target=0 count=0 fps=28.6
total took 35.08 ms
PV04 t_ms=1993113 target=0 count=0 fps=29.4
total took 35.29 ms
PV04 t_ms=1993149 target=0 count=0 fps=27.8
total took 34.95 ms
PV04 t_ms=1993187 target=0 count=0 fps=26.3
total took 37.36 ms
PV04 t_ms=1993236 target=1 count=1 x=510 y=0 w=422 h=312 cx=721.0 cy=156.0 fps=20.4
total took 50.64 ms
PV04 t_ms=1993260 target=1 count=1 x=545 y=0 w=418 h=314 cx=754.0 cy=157.0 fps=41.7
total took 23.64 ms
PV04 t_ms=1993291 target=1 count=1 x=578 y=2 w=471 h=424 cx=813.5 cy=214.0 fps=32.3
total took 30.76 ms
PV04 t_ms=1993326 target=1 count=1 x=655 y=42 w=451 h=405 cx=880.5 cy=244.5 fps=28.6
total took 35.99 ms
PV04 t_ms=1993364 target=1 count=1 x=706 y=97 w=430 h=406 cx=921.0 cy=300.0 fps=26.3
total took 35.70 ms
PV04 t_ms=1993398 target=1 count=1 x=728 y=153 w=392 h=396 cx=924.0 cy=351.0 fps=29.4
total took 33.64 ms
PV04 t_ms=1993432 target=1 count=1 x=696 y=145 w=439 h=442 cx=915.5 cy=366.0 fps=29.4
total took 34.52 ms
PV04 t_ms=1993467 target=1 count=1 x=698 y=171 w=391 h=447 cx=893.5 cy=394.5 fps=28.6
total took 34.71 ms
PV04 t_ms=1993503 target=1 count=1 x=662 y=142 w=421 h=432 cx=872.5 cy=358.0 fps=27.8
total took 37.21 ms
PV04 t_ms=1993540 target=1 count=1 x=645 y=96 w=427 h=452 cx=858.5 cy=322.0 fps=27.0
total took 36.93 ms
PV04 t_ms=1993575 target=1 count=1 x=678 y=132 w=383 h=448 cx=869.5 cy=356.0 fps=28.6
total took 33.54 ms
PV04 t_ms=1993612 target=1 count=1 x=663 y=120 w=405 h=484 cx=865.5 cy=362.0 fps=27.0
total took 37.01 ms
PV04 t_ms=1993644 target=1 count=1 x=704 y=169 w=382 h=440 cx=895.0 cy=389.0 fps=31.3
total took 31.46 ms
PV04 t_ms=1993679 target=1 count=1 x=699 y=192 w=388 h=431 cx=893.0 cy=407.5 fps=28.6
total took 35.33 ms
PV04 t_ms=1993715 target=1 count=1 x=686 y=168 w=375 h=461 cx=873.5 cy=398.5 fps=27.8
total took 36.11 ms
PV04 t_ms=1993767 target=1 count=1 x=692 y=205 w=387 h=440 cx=885.5 cy=425.0 fps=19.2
total took 52.29 ms
PV04 t_ms=1993792 target=1 count=1 x=678 y=157 w=414 h=507 cx=885.0 cy=410.5 fps=40.0
total took 22.65 ms
PV04 t_ms=1993821 target=1 count=1 x=711 y=185 w=400 h=489 cx=911.0 cy=429.5 fps=34.5
total took 29.39 ms
PV04 t_ms=1993857 target=1 count=1 x=718 y=185 w=399 h=473 cx=917.5 cy=421.5 fps=27.8
total took 34.99 ms
PV04 t_ms=1993892 target=1 count=1 x=733 y=208 w=382 h=455 cx=924.0 cy=435.5 fps=28.6
total took 37.33 ms
PV04 t_ms=1993927 target=1 count=1 x=760 y=239 w=373 h=414 cx=946.5 cy=446.0 fps=28.6
total took 33.29 ms
PV04 t_ms=1993964 target=1 count=1 x=766 y=156 w=409 h=503 cx=970.5 cy=407.5 fps=27.0
total took 36.79 ms
PV04 t_ms=1993998 target=1 count=1 x=781 y=200 w=383 h=471 cx=972.5 cy=435.5 fps=29.4
total took 33.57 ms
PV04 t_ms=1994034 target=1 count=1 x=759 y=140 w=423 h=540 cx=970.5 cy=410.0 fps=27.8
total took 35.80 ms
PV04 t_ms=1994069 target=1 count=1 x=761 y=140 w=418 h=534 cx=970.0 cy=407.0 fps=28.6
total took 36.45 ms
PV04 t_ms=1994104 target=1 count=1 x=769 y=160 w=408 h=530 cx=973.0 cy=425.0 fps=28.6
total took 33.92 ms
PV04 t_ms=1994141 target=1 count=1 x=790 y=195 w=385 h=500 cx=982.5 cy=445.0 fps=27.0
total took 36.23 ms
PV04 t_ms=1994176 target=1 count=1 x=776 y=180 w=415 h=523 cx=983.5 cy=441.5 fps=28.6
total took 34.94 ms
PV04 t_ms=1994211 target=1 count=1 x=761 y=199 w=410 h=503 cx=966.0 cy=450.5 fps=28.6
total took 34.63 ms
PV04 t_ms=1994247 target=1 count=1 x=731 y=219 w=443 h=466 cx=952.5 cy=452.0 fps=27.8
total took 36.59 ms
PV04 t_ms=1994282 target=1 count=1 x=710 y=219 w=467 h=458 cx=943.5 cy=448.0 fps=28.6
total took 34.57 ms
PV04 t_ms=1994318 target=1 count=1 x=688 y=177 w=483 h=528 cx=929.5 cy=441.0 fps=27.8
total took 35.50 ms
PV04 t_ms=1994353 target=1 count=1 x=664 y=160 w=493 h=512 cx=910.5 cy=416.0 fps=28.6
total took 35.37 ms
PV04 t_ms=1994389 target=1 count=1 x=625 y=146 w=508 h=521 cx=879.0 cy=406.5 fps=27.8
total took 36.13 ms
PV04 t_ms=1994425 target=1 count=1 x=589 y=102 w=525 h=508 cx=851.5 cy=356.0 fps=27.8
total took 35.41 ms
PV04 t_ms=1994460 target=1 count=1 x=584 y=66 w=512 h=541 cx=840.0 cy=336.5 fps=28.6
total took 34.74 ms
PV04 t_ms=1994494 target=1 count=1 x=574 y=47 w=563 h=563 cx=855.5 cy=328.5 fps=29.4
total took 34.31 ms
PV04 t_ms=1994530 target=1 count=1 x=582 y=32 w=523 h=494 cx=843.5 cy=279.0 fps=27.8
total took 36.03 ms
PV04 t_ms=1994566 target=1 count=1 x=515 y=7 w=561 h=506 cx=795.5 cy=260.0 fps=27.8
total took 36.24 ms
PV04 t_ms=1994602 target=1 count=1 x=465 y=20 w=576 h=497 cx=753.0 cy=268.5 fps=27.8
total took 35.13 ms
PV04 t_ms=1994637 target=1 count=1 x=458 y=14 w=573 h=499 cx=744.5 cy=263.5 fps=28.6
total took 34.88 ms
PV04 t_ms=1994672 target=1 count=1 x=455 y=17 w=574 h=500 cx=742.0 cy=267.0 fps=28.6
total took 34.77 ms
PV04 t_ms=1994707 target=1 count=1 x=426 y=5 w=586 h=508 cx=719.0 cy=259.0 fps=28.6
total took 35.56 ms
PV04 t_ms=1994741 target=0 count=0 fps=29.4
total took 34.72 ms
PV04 t_ms=1994778 target=1 count=1 x=405 y=0 w=515 h=433 cx=662.5 cy=216.5 fps=27.0
total took 36.30 ms
PV04 t_ms=1994815 target=1 count=1 x=404 y=11 w=609 h=480 cx=708.5 cy=251.0 fps=27.0
total took 36.35 ms
PV04 t_ms=1994850 target=1 count=1 x=407 y=2 w=612 h=509 cx=713.0 cy=256.5 fps=28.6
total took 34.30 ms
PV04 t_ms=1994883 target=1 count=1 x=420 y=15 w=587 h=482 cx=713.5 cy=256.0 fps=30.3
total took 33.60 ms
PV04 t_ms=1994919 target=1 count=1 x=420 y=21 w=598 h=493 cx=719.0 cy=267.5 fps=27.8
total took 36.33 ms
PV04 t_ms=1994955 target=1 count=1 x=424 y=6 w=593 h=507 cx=720.5 cy=259.5 fps=27.8
total took 36.18 ms
PV04 t_ms=1994991 target=1 count=1 x=424 y=21 w=564 h=501 cx=706.0 cy=271.5 fps=27.8
total took 35.29 ms
PV04 t_ms=1995027 target=1 count=1 x=389 y=19 w=596 h=496 cx=687.0 cy=267.0 fps=27.8
total took 35.32 ms
PV04 t_ms=1995060 target=1 count=1 x=411 y=33 w=577 h=482 cx=699.5 cy=274.0 fps=30.3
total took 34.44 ms
PV04 t_ms=1995096 target=1 count=1 x=403 y=20 w=572 h=493 cx=689.0 cy=266.5 fps=27.8
total took 35.89 ms
PV04 t_ms=1995131 target=1 count=1 x=397 y=22 w=566 h=434 cx=680.0 cy=239.0 fps=28.6
total took 34.83 ms
PV04 t_ms=1995168 target=1 count=1 x=322 y=0 w=554 h=418 cx=599.0 cy=209.0 fps=27.0
total took 35.45 ms
PV04 t_ms=1995204 target=1 count=1 x=300 y=8 w=648 h=468 cx=624.0 cy=242.0 fps=27.8
total took 35.48 ms
PV04 t_ms=1995238 target=0 count=0 fps=29.4
total took 33.81 ms
PV04 t_ms=1995273 target=1 count=1 x=246 y=0 w=610 h=460 cx=551.0 cy=230.0 fps=28.6
total took 34.80 ms
PV04 t_ms=1995309 target=1 count=1 x=250 y=0 w=630 h=460 cx=565.0 cy=230.0 fps=27.8
total took 38.11 ms
PV04 t_ms=1995359 target=1 count=1 x=251 y=1 w=625 h=468 cx=563.5 cy=235.0 fps=20.0
total took 50.12 ms
PV04 t_ms=1995383 target=1 count=1 x=226 y=0 w=638 h=461 cx=545.0 cy=230.5 fps=41.7
total took 22.37 ms
PV04 t_ms=1995414 target=1 count=1 x=231 y=0 w=612 h=459 cx=537.0 cy=229.5 fps=32.3
total took 30.40 ms
PV04 t_ms=1995449 target=0 count=0 fps=28.6
total took 34.86 ms
PV04 t_ms=1995485 target=0 count=0 fps=27.8
total took 37.16 ms
PV04 t_ms=1995520 target=0 count=0 fps=28.6
total took 35.16 ms
PV04 t_ms=1995559 target=1 count=1 x=185 y=0 w=626 h=449 cx=498.0 cy=224.5 fps=25.6
total took 37.15 ms
PV04 t_ms=1995593 target=1 count=1 x=184 y=0 w=620 h=461 cx=494.0 cy=230.5 fps=29.4
total took 34.08 ms
PV04 t_ms=1995627 target=0 count=0 fps=29.4
total took 33.03 ms
PV04 t_ms=1995662 target=1 count=1 x=165 y=0 w=615 h=494 cx=472.5 cy=247.0 fps=28.6
total took 37.38 ms
PV04 t_ms=1995697 target=1 count=1 x=205 y=9 w=620 h=510 cx=515.0 cy=264.0 fps=28.6
total took 35.46 ms
PV04 t_ms=1995733 target=1 count=1 x=208 y=30 w=591 h=480 cx=503.5 cy=270.0 fps=27.8
total took 33.29 ms
PV04 t_ms=1995769 target=0 count=0 fps=27.8
total took 35.73 ms
PV04 t_ms=1995803 target=1 count=1 x=212 y=23 w=580 h=530 cx=502.0 cy=288.0 fps=29.4
total took 34.95 ms
PV04 t_ms=1995839 target=1 count=1 x=257 y=25 w=577 h=548 cx=545.5 cy=299.0 fps=27.8
total took 36.65 ms
PV04 t_ms=1995874 target=1 count=1 x=303 y=38 w=542 h=573 cx=574.0 cy=324.5 fps=28.6
total took 35.74 ms
PV04 t_ms=1995910 target=1 count=1 x=382 y=102 w=520 h=548 cx=642.0 cy=376.0 fps=27.8
total took 35.42 ms
PV04 t_ms=1995945 target=1 count=1 x=465 y=157 w=503 h=536 cx=716.5 cy=425.0 fps=28.6
total took 33.03 ms
PV04 t_ms=1995980 target=1 count=1 x=515 y=189 w=447 h=503 cx=738.5 cy=440.5 fps=28.6
total took 35.24 ms
PV04 t_ms=1996016 target=1 count=1 x=556 y=180 w=429 h=520 cx=770.5 cy=440.0 fps=27.8
total took 35.55 ms
PV04 t_ms=1996051 target=1 count=1 x=585 y=222 w=394 h=486 cx=782.0 cy=465.0 fps=28.6
total took 36.79 ms
PV04 t_ms=1996087 target=1 count=1 x=642 y=253 w=387 h=484 cx=835.5 cy=495.0 fps=27.8
total took 35.64 ms
PV04 t_ms=1996124 target=1 count=1 x=657 y=304 w=396 h=469 cx=855.0 cy=538.5 fps=27.0
total took 36.05 ms
PV04 t_ms=1996159 target=1 count=1 x=661 y=249 w=403 h=526 cx=862.5 cy=512.0 fps=28.6
total took 34.73 ms
PV04 t_ms=1996193 target=1 count=1 x=736 y=354 w=372 h=431 cx=922.0 cy=569.5 fps=29.4
total took 33.60 ms
PV04 t_ms=1996228 target=1 count=1 x=704 y=368 w=460 h=466 cx=934.0 cy=601.0 fps=28.6
total took 34.44 ms
PV04 t_ms=1996263 target=1 count=1 x=727 y=426 w=435 h=427 cx=944.5 cy=639.5 fps=28.6
total took 36.90 ms
PV04 t_ms=1996299 target=1 count=1 x=711 y=358 w=419 h=493 cx=920.5 cy=604.5 fps=27.8
total took 35.05 ms
PV04 t_ms=1996336 target=1 count=1 x=724 y=411 w=440 h=442 cx=944.0 cy=632.0 fps=27.0
total took 36.47 ms
PV04 t_ms=1996372 target=1 count=1 x=734 y=436 w=422 h=421 cx=945.0 cy=646.5 fps=27.8
total took 35.23 ms
PV04 t_ms=1996422 target=1 count=1 x=742 y=395 w=473 h=458 cx=978.5 cy=624.0 fps=20.0
total took 52.94 ms
PV04 t_ms=1996449 target=1 count=1 x=811 y=443 w=452 h=407 cx=1037.0 cy=646.5 fps=37.0
total took 24.20 ms
PV04 t_ms=1996476 target=1 count=1 x=810 y=420 w=418 h=432 cx=1019.0 cy=636.0 fps=37.0
total took 28.98 ms
PV04 t_ms=1996511 target=0 count=0 fps=28.6
total took 34.47 ms
PV04 t_ms=1996547 target=1 count=1 x=795 y=395 w=468 h=484 cx=1029.0 cy=637.0 fps=27.8
total took 33.73 ms
PV04 t_ms=1996582 target=1 count=1 x=820 y=393 w=469 h=503 cx=1054.5 cy=644.5 fps=28.6
total took 35.45 ms
PV04 t_ms=1996618 target=1 count=1 x=862 y=464 w=462 h=437 cx=1093.0 cy=682.5 fps=27.8
total took 35.71 ms
PV04 t_ms=1996653 target=0 count=0 fps=28.6
total took 36.33 ms
PV04 t_ms=1996688 target=1 count=1 x=904 y=449 w=502 h=432 cx=1155.0 cy=665.0 fps=28.6
total took 33.77 ms
PV04 t_ms=1996725 target=1 count=1 x=940 y=439 w=502 h=432 cx=1191.0 cy=655.0 fps=27.0
total took 36.47 ms
PV04 t_ms=1996759 target=1 count=1 x=1052 y=446 w=466 h=399 cx=1285.0 cy=645.5 fps=29.4
total took 33.74 ms
PV04 t_ms=1996794 target=1 count=1 x=1116 y=511 w=518 h=460 cx=1375.0 cy=741.0 fps=28.6
total took 35.29 ms
PV04 t_ms=1996830 target=1 count=1 x=1223 y=555 w=621 h=490 cx=1533.5 cy=800.0 fps=27.8
total took 36.89 ms
PV04 t_ms=1996865 target=1 count=1 x=1351 y=597 w=499 h=426 cx=1600.5 cy=810.0 fps=28.6
total took 36.30 ms
PV04 t_ms=1996901 target=1 count=1 x=1332 y=574 w=517 h=416 cx=1590.5 cy=782.0 fps=27.8
total took 34.91 ms
PV04 t_ms=1996953 target=1 count=1 x=1360 y=550 w=457 h=386 cx=1588.5 cy=743.0 fps=19.2
total took 50.85 ms
PV04 t_ms=1996976 target=1 count=1 x=1327 y=492 w=473 h=396 cx=1563.5 cy=690.0 fps=43.5
total took 23.56 ms
PV04 t_ms=1997008 target=1 count=1 x=1414 y=470 w=439 h=382 cx=1633.5 cy=661.0 fps=31.3
total took 32.13 ms
PV04 t_ms=1997042 target=0 count=0 fps=29.4
total took 33.29 ms
PV04 t_ms=1997077 target=0 count=0 fps=28.6
total took 35.53 ms
PV04 t_ms=1997113 target=0 count=0 fps=27.8
total took 33.73 ms
PV04 t_ms=1997149 target=1 count=1 x=1188 y=299 w=497 h=393 cx=1436.5 cy=495.5 fps=27.8
total took 36.10 ms
PV04 t_ms=1997184 target=1 count=1 x=1191 y=317 w=462 h=369 cx=1422.0 cy=501.5 fps=28.6
total took 35.43 ms
PV04 t_ms=1997220 target=1 count=1 x=1198 y=293 w=440 h=364 cx=1418.0 cy=475.0 fps=27.8
total took 37.56 ms
PV04 t_ms=1997255 target=0 count=0 fps=28.6
total took 32.51 ms
PV04 t_ms=1997291 target=1 count=1 x=1140 y=220 w=344 h=323 cx=1312.0 cy=381.5 fps=27.8
total took 36.59 ms
PV04 t_ms=1997326 target=0 count=0 fps=28.6
total took 34.81 ms
PV04 t_ms=1997362 target=1 count=1 x=1065 y=364 w=366 h=321 cx=1248.0 cy=524.5 fps=27.8
total took 35.85 ms
PV04 t_ms=1997398 target=0 count=0 fps=27.8
total took 35.39 ms
PV04 t_ms=1997432 target=0 count=0 fps=29.4
total took 34.27 ms
PV04 t_ms=1997483 target=0 count=0 fps=19.6
total took 51.64 ms
PV04 t_ms=1997508 target=0 count=0 fps=40.0
total took 23.88 ms
PV04 t_ms=1997540 target=1 count=1 x=904 y=120 w=533 h=348 cx=1170.5 cy=294.0 fps=31.3
total took 32.11 ms
PV04 t_ms=1997575 target=1 count=1 x=990 y=103 w=483 h=369 cx=1231.5 cy=287.5 fps=28.6
total took 35.09 ms
PV04 t_ms=1997610 target=1 count=1 x=1000 y=134 w=408 h=360 cx=1204.0 cy=314.0 fps=28.6
total took 35.23 ms
PV04 t_ms=1997644 target=1 count=1 x=952 y=103 w=392 h=354 cx=1148.0 cy=280.0 fps=29.4
total took 33.76 ms
PV04 t_ms=1997681 target=1 count=1 x=916 y=194 w=383 h=350 cx=1107.5 cy=369.0 fps=27.0
total took 36.17 ms
PV04 t_ms=1997716 target=0 count=0 fps=28.6
total took 34.86 ms
PV04 t_ms=1997752 target=1 count=1 x=796 y=354 w=403 h=314 cx=997.5 cy=511.0 fps=27.8
total took 36.26 ms
PV04 t_ms=1997787 target=0 count=0 fps=28.6
total took 34.69 ms
PV04 t_ms=1997822 target=0 count=0 fps=28.6
total took 34.63 ms
PV04 t_ms=1997856 target=0 count=0 fps=29.4
total took 36.21 ms
PV04 t_ms=1997892 target=1 count=2 x=0 y=143 w=544 h=710 cx=272.0 cy=498.0 fps=27.8
total took 35.98 ms
PV04 t_ms=1997929 target=1 count=1 x=802 y=487 w=311 h=333 cx=957.5 cy=653.5 fps=27.0
total took 35.56 ms
PV04 t_ms=1997965 target=1 count=1 x=0 y=72 w=570 h=709 cx=285.0 cy=426.5 fps=27.8
total took 35.18 ms
PV04 t_ms=1998016 target=1 count=1 x=790 y=347 w=341 h=401 cx=960.5 cy=547.5 fps=19.6
total took 52.29 ms
PV04 t_ms=1998040 target=1 count=1 x=797 y=362 w=334 h=359 cx=964.0 cy=541.5 fps=41.7
total took 22.49 ms
PV04 t_ms=1998070 target=1 count=1 x=841 y=300 w=363 h=404 cx=1022.5 cy=502.0 fps=33.3
total took 29.73 ms
PV04 t_ms=1998104 target=1 count=1 x=887 y=346 w=344 h=372 cx=1059.0 cy=532.0 fps=29.4
total took 34.57 ms
PV04 t_ms=1998139 target=1 count=1 x=902 y=352 w=330 h=359 cx=1067.0 cy=531.5 fps=28.6
total took 35.20 ms
PV04 t_ms=1998175 target=1 count=1 x=912 y=332 w=337 h=375 cx=1080.5 cy=519.5 fps=27.8
total took 35.53 ms
PV04 t_ms=1998210 target=1 count=1 x=937 y=290 w=343 h=403 cx=1108.5 cy=491.5 fps=28.6
total took 35.83 ms
PV04 t_ms=1998245 target=1 count=1 x=943 y=274 w=366 h=387 cx=1126.0 cy=467.5 fps=28.6
total took 34.12 ms
PV04 t_ms=1998282 target=1 count=1 x=946 y=273 w=344 h=389 cx=1118.0 cy=467.5 fps=27.0
total took 36.99 ms
PV04 t_ms=1998318 target=1 count=1 x=948 y=249 w=317 h=362 cx=1106.5 cy=430.0 fps=27.8
total took 35.38 ms
PV04 t_ms=1998351 target=1 count=1 x=983 y=182 w=317 h=357 cx=1141.5 cy=360.5 fps=30.3
total took 33.39 ms
PV04 t_ms=1998387 target=1 count=1 x=940 y=82 w=372 h=400 cx=1126.0 cy=282.0 fps=27.8
total took 35.20 ms
PV04 t_ms=1998424 target=1 count=1 x=893 y=61 w=379 h=394 cx=1082.5 cy=258.0 fps=27.0
total took 37.48 ms
PV04 t_ms=1998459 target=1 count=1 x=902 y=51 w=382 h=407 cx=1093.0 cy=254.5 fps=28.6
total took 34.19 ms
PV04 t_ms=1998493 target=1 count=1 x=903 y=68 w=373 h=388 cx=1089.5 cy=262.0 fps=29.4
total took 34.52 ms
PV04 t_ms=1998545 target=1 count=1 x=901 y=66 w=356 h=377 cx=1079.0 cy=254.5 fps=19.2
total took 53.39 ms
PV04 t_ms=1998569 target=1 count=1 x=894 y=59 w=354 h=378 cx=1071.0 cy=248.0 fps=41.7
total took 22.56 ms
PV04 t_ms=1998601 target=1 count=1 x=896 y=61 w=351 h=381 cx=1071.5 cy=251.5 fps=31.3
total took 31.77 ms
PV04 t_ms=1998636 target=1 count=1 x=892 y=51 w=362 h=391 cx=1073.0 cy=246.5 fps=28.6
total took 35.15 ms
PV04 t_ms=1998670 target=1 count=1 x=887 y=35 w=357 h=396 cx=1065.5 cy=233.0 fps=29.4
total took 35.68 ms
PV04 t_ms=1998707 target=1 count=1 x=882 y=35 w=350 h=394 cx=1057.0 cy=232.0 fps=27.0
total took 35.28 ms
PV04 t_ms=1998743 target=1 count=1 x=865 y=19 w=353 h=412 cx=1041.5 cy=225.0 fps=27.8
total took 35.50 ms
PV04 t_ms=1998778 target=1 count=1 x=840 y=5 w=371 h=429 cx=1025.5 cy=219.5 fps=28.6
total took 34.41 ms
PV04 t_ms=1998812 target=1 count=1 x=827 y=54 w=347 h=393 cx=1000.5 cy=250.5 fps=29.4
total took 34.52 ms
PV04 t_ms=1998847 target=1 count=1 x=804 y=53 w=354 h=397 cx=981.0 cy=251.5 fps=28.6
total took 36.35 ms
PV04 t_ms=1998884 target=1 count=1 x=803 y=46 w=351 h=396 cx=978.5 cy=244.0 fps=27.0
total took 35.53 ms
PV04 t_ms=1998920 target=1 count=1 x=793 y=21 w=348 h=410 cx=967.0 cy=226.0 fps=27.8
total took 35.63 ms
PV04 t_ms=1998956 target=1 count=1 x=779 y=26 w=342 h=408 cx=950.0 cy=230.0 fps=27.8
total took 35.64 ms
PV04 t_ms=1998989 target=1 count=1 x=756 y=10 w=358 h=426 cx=935.0 cy=223.0 fps=30.3
total took 32.44 ms
PV04 t_ms=1999024 target=1 count=1 x=732 y=42 w=349 h=404 cx=906.5 cy=244.0 fps=28.6
total took 37.55 ms
PV04 t_ms=1999060 target=1 count=1 x=729 y=63 w=355 h=405 cx=906.5 cy=265.5 fps=27.8
total took 34.17 ms
PV04 t_ms=1999097 target=1 count=1 x=724 y=63 w=363 h=420 cx=905.5 cy=273.0 fps=27.0
total took 36.68 ms
PV04 t_ms=1999130 target=1 count=1 x=726 y=65 w=360 h=416 cx=906.0 cy=273.0 fps=30.3
total took 32.78 ms
PV04 t_ms=1999166 target=1 count=1 x=727 y=61 w=352 h=431 cx=903.0 cy=276.5 fps=27.8
total took 35.49 ms
PV04 t_ms=1999201 target=1 count=1 x=728 y=65 w=349 h=428 cx=902.5 cy=279.0 fps=28.6
total took 37.00 ms
PV04 t_ms=1999237 target=1 count=1 x=727 y=70 w=350 h=428 cx=902.0 cy=284.0 fps=27.8
total took 35.83 ms
PV04 t_ms=1999272 target=1 count=1 x=726 y=74 w=351 h=428 cx=901.5 cy=288.0 fps=28.6
total took 35.23 ms
PV04 t_ms=1999309 target=1 count=1 x=732 y=75 w=345 h=432 cx=904.5 cy=291.0 fps=27.0
total took 35.30 ms
PV04 t_ms=1999345 target=1 count=1 x=728 y=71 w=350 h=444 cx=903.0 cy=293.0 fps=27.8
total took 35.65 ms
PV04 t_ms=1999380 target=1 count=1 x=733 y=112 w=334 h=407 cx=900.0 cy=315.5 fps=28.6
total took 35.13 ms
PV04 t_ms=1999414 target=1 count=1 x=720 y=141 w=326 h=406 cx=883.0 cy=344.0 fps=29.4
total took 34.93 ms
PV04 t_ms=1999449 target=1 count=1 x=713 y=162 w=328 h=411 cx=877.0 cy=367.5 fps=28.6
total took 34.29 ms
PV04 t_ms=1999487 target=1 count=1 x=699 y=211 w=318 h=398 cx=858.0 cy=410.0 fps=26.3
total took 37.26 ms
PV04 t_ms=1999522 target=1 count=1 x=689 y=247 w=315 h=413 cx=846.5 cy=453.5 fps=28.6
total took 34.57 ms
PV04 t_ms=1999558 target=1 count=1 x=701 y=290 w=305 h=409 cx=853.5 cy=494.5 fps=27.8
total took 35.90 ms
PV04 t_ms=1999607 target=1 count=1 x=708 y=353 w=313 h=412 cx=864.5 cy=559.0 fps=20.4
total took 51.51 ms
PV04 t_ms=1999634 target=1 count=1 x=708 y=390 w=324 h=402 cx=870.0 cy=591.0 fps=37.0
total took 24.31 ms
PV04 t_ms=1999661 target=1 count=1 x=715 y=416 w=323 h=388 cx=876.5 cy=610.0 fps=37.0
total took 28.77 ms
PV04 t_ms=1999697 target=1 count=1 x=715 y=446 w=317 h=379 cx=873.5 cy=635.5 fps=27.8
total took 33.69 ms
PV04 t_ms=1999732 target=1 count=1 x=721 y=462 w=313 h=371 cx=877.5 cy=647.5 fps=28.6
total took 35.47 ms
PV04 t_ms=1999767 target=1 count=1 x=722 y=475 w=316 h=370 cx=880.0 cy=660.0 fps=28.6
total took 35.03 ms
PV04 t_ms=1999803 target=1 count=1 x=717 y=467 w=323 h=388 cx=878.5 cy=661.0 fps=27.8
total took 37.57 ms
PV04 t_ms=1999838 target=1 count=1 x=717 y=468 w=314 h=385 cx=874.0 cy=660.5 fps=28.6
total took 34.33 ms
PV04 t_ms=1999875 target=1 count=1 x=714 y=471 w=308 h=374 cx=868.0 cy=658.0 fps=27.0
total took 35.54 ms
PV04 t_ms=1999909 target=1 count=1 x=711 y=470 w=313 h=377 cx=867.5 cy=658.5 fps=29.4
total took 33.66 ms
PV04 t_ms=1999945 target=1 count=1 x=713 y=472 w=307 h=375 cx=866.5 cy=659.5 fps=27.8
total took 35.36 ms
PV04 t_ms=1999980 target=1 count=1 x=712 y=474 w=306 h=370 cx=865.0 cy=659.0 fps=28.6
total took 36.56 ms
PV04 t_ms=2000015 target=1 count=1 x=707 y=469 w=307 h=376 cx=860.5 cy=657.0 fps=28.6
total took 36.24 ms
PV04 t_ms=2000051 target=1 count=1 x=705 y=467 w=310 h=378 cx=860.0 cy=656.0 fps=27.8
total took 35.08 ms
PV04 t_ms=2000088 target=1 count=1 x=707 y=469 w=312 h=376 cx=863.0 cy=657.0 fps=27.0
total took 35.52 ms
PV04 t_ms=2000124 target=1 count=1 x=711 y=477 w=303 h=370 cx=862.5 cy=662.0 fps=27.8
total took 35.16 ms
PV04 t_ms=2000158 target=1 count=1 x=713 y=476 w=302 h=370 cx=864.0 cy=661.0 fps=29.4
total took 34.43 ms
PV04 t_ms=2000192 target=1 count=1 x=707 y=469 w=311 h=379 cx=862.5 cy=658.5 fps=29.4
total took 35.22 ms
PV04 t_ms=2000228 target=1 count=1 x=710 y=469 w=312 h=382 cx=866.0 cy=660.0 fps=27.8
total took 35.56 ms
PV04 t_ms=2000264 target=1 count=1 x=709 y=469 w=314 h=383 cx=866.0 cy=660.5 fps=27.8
total took 35.38 ms
PV04 t_ms=2000300 target=1 count=1 x=707 y=466 w=311 h=386 cx=862.5 cy=659.0 fps=27.8
total took 35.47 ms
PV04 t_ms=2000336 target=1 count=1 x=705 y=471 w=318 h=385 cx=864.0 cy=663.5 fps=27.8
total took 35.74 ms
PV04 t_ms=2000369 target=1 count=1 x=710 y=471 w=313 h=382 cx=866.5 cy=662.0 fps=30.3
total took 32.87 ms
PV04 t_ms=2000404 target=1 count=1 x=713 y=481 w=300 h=374 cx=863.0 cy=668.0 fps=28.6
total took 35.57 ms
PV04 t_ms=2000440 target=1 count=1 x=710 y=474 w=317 h=381 cx=868.5 cy=664.5 fps=27.8
total took 34.57 ms
PV04 t_ms=2000477 target=1 count=1 x=714 y=463 w=315 h=388 cx=871.5 cy=657.0 fps=27.0
total took 36.72 ms
PV04 t_ms=2000513 target=1 count=1 x=719 y=474 w=312 h=378 cx=875.0 cy=663.0 fps=27.8
total took 34.90 ms
PV04 t_ms=2000548 target=1 count=1 x=721 y=474 w=313 h=378 cx=877.5 cy=663.0 fps=28.6
total took 35.24 ms
PV04 t_ms=2000582 target=1 count=1 x=719 y=471 w=321 h=386 cx=879.5 cy=664.0 fps=29.4
total took 34.99 ms
PV04 t_ms=2000617 target=1 count=1 x=725 y=474 w=317 h=383 cx=883.5 cy=665.5 fps=28.6
total took 35.75 ms
PV04 t_ms=2000653 target=1 count=1 x=736 y=471 w=314 h=382 cx=893.0 cy=662.0 fps=27.8
total took 35.23 ms
PV04 t_ms=2000689 target=1 count=1 x=763 y=455 w=318 h=406 cx=922.0 cy=658.0 fps=27.8
total took 35.59 ms
PV04 t_ms=2000725 target=1 count=1 x=784 y=472 w=330 h=395 cx=949.0 cy=669.5 fps=27.8
total took 35.18 ms
PV04 t_ms=2000761 target=1 count=1 x=817 y=454 w=328 h=382 cx=981.0 cy=645.0 fps=27.8
total took 35.22 ms
PV04 t_ms=2000794 target=1 count=1 x=846 y=402 w=360 h=445 cx=1026.0 cy=624.5 fps=30.3
total took 35.32 ms
PV04 t_ms=2000829 target=1 count=1 x=864 y=376 w=371 h=452 cx=1049.5 cy=602.0 fps=28.6
total took 34.02 ms
PV04 t_ms=2000866 target=1 count=1 x=885 y=353 w=375 h=476 cx=1072.5 cy=591.0 fps=27.0
total took 36.58 ms
PV04 t_ms=2000902 target=1 count=1 x=914 y=317 w=384 h=519 cx=1106.0 cy=576.5 fps=27.8
total took 35.27 ms
PV04 t_ms=2000938 target=1 count=1 x=925 y=335 w=399 h=532 cx=1124.5 cy=601.0 fps=27.8
total took 35.26 ms
PV04 t_ms=2000972 target=1 count=1 x=951 y=368 w=406 h=524 cx=1154.0 cy=630.0 fps=29.4
total took 34.93 ms
PV04 t_ms=2001006 target=1 count=1 x=958 y=369 w=427 h=559 cx=1171.5 cy=648.5 fps=29.4
total took 35.62 ms
PV04 t_ms=2001044 target=1 count=1 x=967 y=392 w=436 h=581 cx=1185.0 cy=682.5 fps=26.3
total took 35.83 ms
PV04 t_ms=2001079 target=1 count=1 x=998 y=437 w=463 h=618 cx=1229.5 cy=746.0 fps=28.6
total took 34.95 ms
PV04 t_ms=2001115 target=1 count=1 x=1010 y=474 w=490 h=606 cx=1255.0 cy=777.0 fps=27.8
total took 35.19 ms
PV04 t_ms=2001150 target=1 count=1 x=1027 y=530 w=487 h=550 cx=1270.5 cy=805.0 fps=28.6
total took 34.91 ms
PV04 t_ms=2001183 target=1 count=1 x=1027 y=538 w=509 h=542 cx=1281.5 cy=809.0 fps=30.3
total took 33.85 ms
PV04 t_ms=2001220 target=1 count=1 x=1025 y=546 w=528 h=534 cx=1289.0 cy=813.0 fps=27.0
total took 36.10 ms
PV04 t_ms=2001255 target=1 count=1 x=1036 y=568 w=519 h=512 cx=1295.5 cy=824.0 fps=28.6
total took 35.68 ms
PV04 t_ms=2001293 target=1 count=1 x=1023 y=552 w=544 h=528 cx=1295.0 cy=816.0 fps=26.3
total took 36.76 ms
PV04 t_ms=2001327 target=1 count=1 x=1020 y=535 w=558 h=545 cx=1299.0 cy=807.5 fps=29.4
total took 34.94 ms
PV04 t_ms=2001361 target=1 count=1 x=1037 y=557 w=538 h=523 cx=1306.0 cy=818.5 fps=29.4
total took 33.98 ms
PV04 t_ms=2001396 target=1 count=1 x=1036 y=555 w=542 h=525 cx=1307.0 cy=817.5 fps=28.6
total took 34.48 ms
PV04 t_ms=2001431 target=1 count=1 x=1026 y=550 w=551 h=530 cx=1301.5 cy=815.0 fps=28.6
total took 36.30 ms
PV04 t_ms=2001468 target=1 count=1 x=1026 y=584 w=543 h=496 cx=1297.5 cy=832.0 fps=27.0
total took 36.01 ms
PV04 t_ms=2001504 target=1 count=1 x=1027 y=608 w=536 h=472 cx=1295.0 cy=844.0 fps=27.8
total took 35.15 ms
PV04 t_ms=2001538 target=1 count=1 x=1018 y=611 w=541 h=469 cx=1288.5 cy=845.5 fps=29.4
total took 34.34 ms
PV04 t_ms=2001573 target=1 count=1 x=1016 y=618 w=556 h=462 cx=1294.0 cy=849.0 fps=28.6
total took 34.46 ms
PV04 t_ms=2001610 target=1 count=1 x=1023 y=631 w=559 h=449 cx=1302.5 cy=855.5 fps=27.0
total took 36.79 ms
PV04 t_ms=2001645 target=1 count=1 x=1032 y=631 w=563 h=449 cx=1313.5 cy=855.5 fps=28.6
total took 35.48 ms
PV04 t_ms=2001682 target=1 count=1 x=1045 y=637 w=557 h=443 cx=1323.5 cy=858.5 fps=27.0
total took 36.49 ms
PV04 t_ms=2001732 target=1 count=1 x=1048 y=659 w=574 h=421 cx=1335.0 cy=869.5 fps=20.0
total took 50.22 ms
PV04 t_ms=2001755 target=1 count=1 x=1041 y=684 w=581 h=396 cx=1331.5 cy=882.0 fps=43.5
total took 23.18 ms
PV04 t_ms=2001786 target=1 count=1 x=1048 y=708 w=568 h=372 cx=1332.0 cy=894.0 fps=32.3
total took 32.25 ms
PV04 t_ms=2001820 target=1 count=1 x=1063 y=718 w=568 h=362 cx=1347.0 cy=899.0 fps=29.4
total took 32.92 ms
PV04 t_ms=2001857 target=1 count=1 x=1082 y=732 w=573 h=348 cx=1368.5 cy=906.0 fps=27.0
total took 36.81 ms
PV04 t_ms=2001891 target=1 count=1 x=1102 y=712 w=589 h=368 cx=1396.5 cy=896.0 fps=29.4
total took 33.41 ms
PV04 t_ms=2001927 target=1 count=1 x=1112 y=730 w=584 h=350 cx=1404.0 cy=905.0 fps=27.8
total took 35.37 ms
PV04 t_ms=2001963 target=1 count=1 x=1122 y=731 w=584 h=349 cx=1414.0 cy=905.5 fps=27.8
total took 38.38 ms
PV04 t_ms=2001997 target=1 count=1 x=1122 y=713 w=587 h=367 cx=1415.5 cy=896.5 fps=29.4
total took 33.39 ms
PV04 t_ms=2002033 target=1 count=1 x=1119 y=690 w=598 h=390 cx=1418.0 cy=885.0 fps=27.8
total took 35.17 ms
PV04 t_ms=2002070 target=1 count=1 x=1122 y=695 w=589 h=385 cx=1416.5 cy=887.5 fps=27.0
total took 35.60 ms
PV04 t_ms=2002105 target=1 count=1 x=1119 y=693 w=594 h=387 cx=1416.0 cy=886.5 fps=28.6
total took 35.47 ms
PV04 t_ms=2002139 target=1 count=1 x=1117 y=692 w=597 h=388 cx=1415.5 cy=886.0 fps=29.4
total took 33.31 ms
PV04 t_ms=2002174 target=1 count=1 x=1124 y=701 w=587 h=379 cx=1417.5 cy=890.5 fps=28.6
total took 37.49 ms
PV04 t_ms=2002210 target=1 count=1 x=1131 y=713 w=598 h=367 cx=1430.0 cy=896.5 fps=27.8
total took 33.79 ms
PV04 t_ms=2002263 target=1 count=1 x=1145 y=738 w=572 h=342 cx=1431.0 cy=909.0 fps=18.9
total took 53.03 ms
PV04 t_ms=2002286 target=1 count=1 x=1152 y=747 w=571 h=333 cx=1437.5 cy=913.5 fps=43.5
total took 23.49 ms
PV04 t_ms=2002316 target=1 count=1 x=1154 y=769 w=558 h=311 cx=1433.0 cy=924.5 fps=33.3
total took 28.63 ms
PV04 t_ms=2002351 target=1 count=1 x=1153 y=757 w=584 h=323 cx=1445.0 cy=918.5 fps=28.6
total took 36.85 ms
PV04 t_ms=2002387 target=1 count=1 x=1149 y=768 w=587 h=312 cx=1442.5 cy=924.0 fps=27.8
total took 34.06 ms
PV04 t_ms=2002422 target=1 count=1 x=1148 y=766 w=596 h=314 cx=1446.0 cy=923.0 fps=28.6
total took 35.28 ms
PV04 t_ms=2002458 target=1 count=1 x=1144 y=769 w=603 h=311 cx=1445.5 cy=924.5 fps=27.8
total took 36.35 ms
PV04 t_ms=2002493 target=1 count=1 x=1140 y=769 w=607 h=311 cx=1443.5 cy=924.5 fps=28.6
total took 34.61 ms
PV04 t_ms=2002529 target=1 count=1 x=1139 y=770 w=601 h=310 cx=1439.5 cy=925.0 fps=27.8
total took 35.91 ms
PV04 t_ms=2002563 target=1 count=1 x=1129 y=759 w=613 h=321 cx=1435.5 cy=919.5 fps=29.4
total took 33.81 ms
PV04 t_ms=2002600 target=1 count=1 x=1149 y=771 w=584 h=309 cx=1441.0 cy=925.5 fps=27.0
total took 36.37 ms
PV04 t_ms=2002634 target=1 count=1 x=1149 y=758 w=582 h=322 cx=1440.0 cy=919.0 fps=29.4
total took 34.51 ms
PV04 t_ms=2002670 target=1 count=1 x=1141 y=763 w=586 h=317 cx=1434.0 cy=921.5 fps=27.8
total took 35.41 ms
PV04 t_ms=2002705 target=1 count=1 x=1138 y=770 w=579 h=310 cx=1427.5 cy=925.0 fps=28.6
total took 35.52 ms
PV04 t_ms=2002742 target=1 count=1 x=1132 y=773 w=567 h=307 cx=1415.5 cy=926.5 fps=27.0
total took 36.14 ms
PV04 t_ms=2002794 target=1 count=1 x=1133 y=776 w=570 h=304 cx=1418.0 cy=928.0 fps=19.2
total took 53.68 ms
PV04 t_ms=2002820 target=1 count=1 x=1144 y=781 w=567 h=299 cx=1427.5 cy=930.5 fps=38.5
total took 24.11 ms
PV04 t_ms=2002849 target=1 count=1 x=1192 y=806 w=511 h=274 cx=1447.5 cy=943.0 fps=34.5
total took 28.64 ms
PV04 t_ms=2002884 target=0 count=0 fps=28.6
total took 34.65 ms
PV04 t_ms=2002919 target=0 count=0 fps=28.6
total took 34.95 ms
PV04 t_ms=2002953 target=0 count=0 fps=29.4
total took 34.56 ms
PV04 t_ms=2002990 target=0 count=0 fps=27.0
total took 36.55 ms
PV04 t_ms=2003023 target=0 count=0 fps=30.3
total took 34.29 ms
PV04 t_ms=2003060 target=0 count=0 fps=27.0
total took 35.67 ms
PV04 t_ms=2003096 target=0 count=0 fps=27.8
total took 35.14 ms
PV04 t_ms=2003131 target=0 count=0 fps=28.6
total took 35.40 ms
PV04 t_ms=2003165 target=0 count=0 fps=29.4
total took 35.45 ms
PV04 t_ms=2003201 target=0 count=0 fps=27.8
total took 34.76 ms
PV04 t_ms=2003237 target=0 count=0 fps=27.8
total took 35.71 ms
PV04 t_ms=2003274 target=0 count=0 fps=27.0
total took 36.10 ms
PV04 t_ms=2003323 target=0 count=0 fps=20.4
total took 50.77 ms
PV04 t_ms=2003347 target=0 count=0 fps=41.7
total took 23.32 ms
PV04 t_ms=2003377 target=0 count=0 fps=33.3
total took 30.66 ms
PV04 t_ms=2003413 target=0 count=0 fps=27.8
total took 34.02 ms
PV04 t_ms=2003448 target=0 count=0 fps=28.6
total took 35.36 ms
PV04 t_ms=2003484 target=0 count=0 fps=27.8
total took 35.39 ms
PV04 t_ms=2003519 target=0 count=0 fps=28.6
total took 35.34 ms
PV04 t_ms=2003555 target=0 count=0 fps=27.8
total took 36.73 ms
PV04 t_ms=2003590 target=0 count=0 fps=28.6
total took 34.49 ms
PV04 t_ms=2003627 target=0 count=0 fps=27.0
total took 36.43 ms
PV04 t_ms=2003662 target=0 count=0 fps=28.6
total took 35.31 ms
PV04 t_ms=2003696 target=0 count=0 fps=29.4
total took 33.93 ms
PV04 t_ms=2003732 target=0 count=0 fps=27.8
total took 36.08 ms
PV04 t_ms=2003767 target=0 count=0 fps=28.6
total took 35.32 ms
PV04 t_ms=2003803 target=0 count=0 fps=27.8
total took 34.72 ms
PV04 t_ms=2003856 target=0 count=0 fps=18.9
total took 53.51 ms
PV04 t_ms=2003879 target=0 count=0 fps=43.5
total took 23.43 ms
PV04 t_ms=2003909 target=0 count=0 fps=33.3
total took 28.26 ms
PV04 t_ms=2003946 target=0 count=0 fps=27.0
total took 36.82 ms
PV04 t_ms=2003980 target=0 count=0 fps=29.4
total took 34.78 ms
PV04 t_ms=2004016 target=1 count=1 x=1116 y=789 w=477 h=291 cx=1354.5 cy=934.5 fps=27.8
total took 35.59 ms
PV04 t_ms=2004051 target=1 count=1 x=1103 y=753 w=502 h=327 cx=1354.0 cy=916.5 fps=28.6
total took 35.53 ms
PV04 t_ms=2004085 target=1 count=1 x=1093 y=749 w=499 h=331 cx=1342.5 cy=914.5 fps=29.4
total took 34.11 ms
PV04 t_ms=2004121 target=1 count=1 x=1081 y=714 w=498 h=366 cx=1330.0 cy=897.0 fps=27.8
total took 36.27 ms
PV04 t_ms=2004156 target=1 count=1 x=1066 y=691 w=487 h=389 cx=1309.5 cy=885.5 fps=28.6
total took 36.13 ms
PV04 t_ms=2004192 target=1 count=1 x=1058 y=661 w=475 h=419 cx=1295.5 cy=870.5 fps=27.8
total took 34.51 ms
PV04 t_ms=2004227 target=1 count=1 x=1047 y=655 w=479 h=425 cx=1286.5 cy=867.5 fps=28.6
total took 33.90 ms
PV04 t_ms=2004263 target=1 count=1 x=1042 y=642 w=473 h=438 cx=1278.5 cy=861.0 fps=27.8
total took 35.70 ms
PV04 t_ms=2004298 target=1 count=1 x=1034 y=636 w=471 h=444 cx=1269.5 cy=858.0 fps=28.6
total took 35.18 ms
PV04 t_ms=2004333 target=1 count=1 x=1033 y=647 w=481 h=433 cx=1273.5 cy=863.5 fps=28.6
total took 36.79 ms
PV04 t_ms=2004387 target=1 count=1 x=1035 y=651 w=470 h=429 cx=1270.0 cy=865.5 fps=18.5
total took 54.85 ms
PV04 t_ms=2004413 target=1 count=1 x=1047 y=649 w=474 h=431 cx=1284.0 cy=864.5 fps=38.5
total took 23.62 ms
PV04 t_ms=2004439 target=1 count=1 x=1050 y=647 w=493 h=433 cx=1296.5 cy=863.5 fps=38.5
total took 25.28 ms
PV04 t_ms=2004475 target=1 count=1 x=1055 y=661 w=480 h=419 cx=1295.0 cy=870.5 fps=27.8
total took 35.64 ms
PV04 t_ms=2004510 target=1 count=1 x=1066 y=673 w=501 h=407 cx=1316.5 cy=876.5 fps=28.6
total took 36.76 ms
PV04 t_ms=2004546 target=1 count=1 x=1084 y=753 w=505 h=327 cx=1336.5 cy=916.5 fps=27.8
total took 33.77 ms
PV04 t_ms=2004582 target=1 count=1 x=1098 y=814 w=483 h=266 cx=1339.5 cy=947.0 fps=27.8
total took 36.38 ms
PV04 t_ms=2004617 target=1 count=1 x=1101 y=844 w=473 h=236 cx=1337.5 cy=962.0 fps=28.6
total took 35.13 ms
PV04 t_ms=2004653 target=1 count=1 x=1097 y=830 w=474 h=250 cx=1334.0 cy=955.0 fps=27.8
total took 35.98 ms
PV04 t_ms=2004688 target=1 count=1 x=1094 y=829 w=487 h=251 cx=1337.5 cy=954.5 fps=28.6
total took 34.67 ms
PV04 t_ms=2004723 target=1 count=1 x=1115 y=835 w=462 h=245 cx=1346.0 cy=957.5 fps=28.6
total took 34.50 ms
PV04 t_ms=2004759 target=1 count=1 x=1119 y=849 w=441 h=231 cx=1339.5 cy=964.5 fps=27.8
total took 35.69 ms
PV04 t_ms=2004794 target=1 count=1 x=1120 y=845 w=442 h=235 cx=1341.0 cy=962.5 fps=28.6
total took 35.54 ms
PV04 t_ms=2004830 target=1 count=1 x=1110 y=844 w=447 h=236 cx=1333.5 cy=962.0 fps=27.8
total took 35.99 ms
PV04 t_ms=2004866 target=1 count=1 x=1127 y=871 w=382 h=209 cx=1318.0 cy=975.5 fps=27.8
total took 35.26 ms
PV04 t_ms=2004916 target=1 count=1 x=1139 y=890 w=375 h=190 cx=1326.5 cy=985.0 fps=20.0
total took 51.45 ms
PV04 t_ms=2004941 target=0 count=0 fps=40.0
total took 23.51 ms
PV04 t_ms=2004971 target=0 count=0 fps=33.3
total took 30.59 ms
PV04 t_ms=2005006 target=1 count=1 x=1141 y=887 w=345 h=193 cx=1313.5 cy=983.5 fps=28.6
total took 34.10 ms
PV04 t_ms=2005041 target=1 count=1 x=1101 y=817 w=409 h=263 cx=1305.5 cy=948.5 fps=28.6
total took 35.50 ms
PV04 t_ms=2005078 target=1 count=1 x=1078 y=698 w=459 h=382 cx=1307.5 cy=889.0 fps=27.0
total took 37.60 ms
PV04 t_ms=2005112 target=1 count=1 x=1073 y=618 w=420 h=462 cx=1283.0 cy=849.0 fps=29.4
total took 33.89 ms
PV04 t_ms=2005147 target=1 count=1 x=1030 y=541 w=436 h=503 cx=1248.0 cy=792.5 fps=28.6
total took 35.50 ms
PV04 t_ms=2005183 target=1 count=1 x=1032 y=517 w=416 h=486 cx=1240.0 cy=760.0 fps=27.8
total took 33.82 ms
PV04 t_ms=2005219 target=1 count=1 x=1031 y=496 w=400 h=483 cx=1231.0 cy=737.5 fps=27.8
total took 35.74 ms
PV04 t_ms=2005253 target=1 count=1 x=1039 y=462 w=395 h=494 cx=1236.5 cy=709.0 fps=29.4
total took 34.70 ms
PV04 t_ms=2005289 target=1 count=1 x=1045 y=443 w=387 h=491 cx=1238.5 cy=688.5 fps=27.8
total took 38.02 ms
PV04 t_ms=2005324 target=1 count=1 x=1041 y=462 w=367 h=460 cx=1224.5 cy=692.0 fps=28.6
total took 34.55 ms
PV04 t_ms=2005360 target=1 count=1 x=1051 y=468 w=354 h=444 cx=1228.0 cy=690.0 fps=27.8
total took 34.34 ms
PV04 t_ms=2005397 target=1 count=1 x=1033 y=454 w=357 h=452 cx=1211.5 cy=680.0 fps=27.0
total took 36.38 ms
PV04 t_ms=2005448 target=1 count=1 x=1015 y=469 w=353 h=442 cx=1191.5 cy=690.0 fps=19.6
total took 51.35 ms
PV04 t_ms=2005471 target=1 count=1 x=1013 y=481 w=349 h=425 cx=1187.5 cy=693.5 fps=43.5
total took 24.40 ms
PV04 t_ms=2005501 target=1 count=1 x=1010 y=463 w=348 h=441 cx=1184.0 cy=683.5 fps=33.3
total took 30.00 ms
PV04 t_ms=2005537 target=1 count=1 x=995 y=448 w=349 h=446 cx=1169.5 cy=671.0 fps=27.8
total took 35.55 ms
PV04 t_ms=2005572 target=1 count=1 x=998 y=455 w=348 h=434 cx=1172.0 cy=672.0 fps=28.6
total took 33.28 ms
PV04 t_ms=2005609 target=1 count=1 x=995 y=458 w=344 h=428 cx=1167.0 cy=672.0 fps=27.0
total took 36.17 ms
PV04 t_ms=2005643 target=1 count=1 x=994 y=460 w=341 h=420 cx=1164.5 cy=670.0 fps=29.4
total took 34.51 ms
PV04 t_ms=2005679 target=1 count=1 x=990 y=455 w=342 h=427 cx=1161.0 cy=668.5 fps=27.8
total took 35.54 ms
PV04 t_ms=2005714 target=1 count=1 x=988 y=444 w=343 h=441 cx=1159.5 cy=664.5 fps=28.6
total took 33.44 ms
PV04 t_ms=2005749 target=1 count=1 x=987 y=459 w=343 h=421 cx=1158.5 cy=669.5 fps=28.6
total took 33.61 ms
PV04 t_ms=2005786 target=1 count=1 x=991 y=456 w=335 h=414 cx=1158.5 cy=663.0 fps=27.0
total took 36.05 ms
PV04 t_ms=2005821 target=1 count=1 x=985 y=451 w=336 h=417 cx=1153.0 cy=659.5 fps=28.6
total took 35.11 ms
PV04 t_ms=2005855 target=1 count=1 x=973 y=444 w=348 h=419 cx=1147.0 cy=653.5 fps=29.4
total took 34.56 ms
PV04 t_ms=2005890 target=1 count=1 x=976 y=437 w=345 h=427 cx=1148.5 cy=650.5 fps=28.6
total took 36.04 ms
PV04 t_ms=2005926 target=1 count=1 x=980 y=442 w=340 h=423 cx=1150.0 cy=653.5 fps=27.8
total took 34.44 ms
PV04 t_ms=2005978 target=1 count=1 x=980 y=445 w=339 h=420 cx=1149.5 cy=655.0 fps=19.2
total took 52.42 ms
PV04 t_ms=2006003 target=1 count=1 x=982 y=447 w=341 h=420 cx=1152.5 cy=657.0 fps=40.0
total took 24.19 ms
PV04 t_ms=2006034 target=1 count=1 x=981 y=460 w=336 h=410 cx=1149.0 cy=665.0 fps=32.3
total took 30.74 ms
PV04 t_ms=2006070 target=1 count=1 x=971 y=447 w=354 h=443 cx=1148.0 cy=668.5 fps=27.8
total took 35.66 ms
PV04 t_ms=2006103 target=1 count=1 x=988 y=478 w=345 h=425 cx=1160.5 cy=690.5 fps=30.3
total took 33.70 ms
PV04 t_ms=2006138 target=1 count=1 x=985 y=496 w=371 h=456 cx=1170.5 cy=724.0 fps=28.6
total took 36.15 ms
PV04 t_ms=2006175 target=1 count=1 x=1005 y=519 w=373 h=487 cx=1191.5 cy=762.5 fps=27.0
total took 35.61 ms
PV04 t_ms=2006211 target=1 count=1 x=1029 y=577 w=378 h=496 cx=1218.0 cy=825.0 fps=27.8
total took 35.30 ms
PV04 t_ms=2006246 target=1 count=1 x=1033 y=595 w=396 h=485 cx=1231.0 cy=837.5 fps=28.6
total took 35.63 ms
PV04 t_ms=2006281 target=1 count=1 x=1036 y=621 w=418 h=459 cx=1245.0 cy=850.5 fps=28.6
total took 34.62 ms
PV04 t_ms=2006315 target=1 count=1 x=1045 y=677 w=429 h=403 cx=1259.5 cy=878.5 fps=29.4
total took 34.25 ms
PV04 t_ms=2006351 target=1 count=1 x=1052 y=709 w=422 h=371 cx=1263.0 cy=894.5 fps=27.8
total took 36.93 ms
PV04 t_ms=2006388 target=1 count=1 x=1057 y=724 w=419 h=356 cx=1266.5 cy=902.0 fps=27.0
total took 35.42 ms
PV04 t_ms=2006424 target=1 count=1 x=1056 y=728 w=432 h=352 cx=1272.0 cy=904.0 fps=27.8
total took 35.27 ms
PV04 t_ms=2006458 target=1 count=1 x=1047 y=713 w=450 h=367 cx=1272.0 cy=896.5 fps=29.4
total took 34.41 ms
PV04 t_ms=2006509 target=1 count=1 x=1055 y=728 w=449 h=352 cx=1279.5 cy=904.0 fps=19.6
total took 51.61 ms
PV04 t_ms=2006534 target=1 count=1 x=1052 y=752 w=453 h=328 cx=1278.5 cy=916.0 fps=40.0
total took 24.58 ms
PV04 t_ms=2006564 target=1 count=1 x=1037 y=783 w=474 h=297 cx=1274.0 cy=931.5 fps=33.3
total took 29.35 ms
PV04 t_ms=2006599 target=1 count=1 x=1044 y=813 w=444 h=267 cx=1266.0 cy=946.5 fps=28.6
total took 34.44 ms
PV04 t_ms=2006635 target=1 count=1 x=1039 y=818 w=436 h=262 cx=1257.0 cy=949.0 fps=27.8
total took 36.87 ms
PV04 t_ms=2006670 target=1 count=1 x=1040 y=827 w=453 h=253 cx=1266.5 cy=953.5 fps=28.6
total took 35.46 ms
PV04 t_ms=2006705 target=1 count=1 x=1030 y=817 w=458 h=263 cx=1259.0 cy=948.5 fps=28.6
total took 34.01 ms
PV04 t_ms=2006741 target=1 count=1 x=1034 y=817 w=453 h=263 cx=1260.5 cy=948.5 fps=27.8
total took 36.19 ms
PV04 t_ms=2006776 target=1 count=1 x=1037 y=814 w=471 h=266 cx=1272.5 cy=947.0 fps=28.6
total took 34.62 ms
PV04 t_ms=2006811 target=1 count=1 x=1068 y=823 w=466 h=257 cx=1301.0 cy=951.5 fps=28.6
total took 34.60 ms
PV04 t_ms=2006846 target=1 count=1 x=1080 y=814 w=469 h=266 cx=1314.5 cy=947.0 fps=28.6
total took 35.69 ms
PV04 t_ms=2006882 target=1 count=1 x=1102 y=818 w=472 h=262 cx=1338.0 cy=949.0 fps=27.8
total took 36.49 ms
PV04 t_ms=2006917 target=1 count=1 x=1123 y=817 w=476 h=263 cx=1361.0 cy=948.5 fps=28.6
total took 33.62 ms
PV04 t_ms=2006954 target=1 count=1 x=1175 y=801 w=475 h=279 cx=1412.5 cy=940.5 fps=27.0
total took 36.55 ms
PV04 t_ms=2006988 target=1 count=1 x=1222 y=815 w=463 h=265 cx=1453.5 cy=947.5 fps=29.4
total took 34.72 ms
PV04 t_ms=2007040 target=1 count=1 x=1262 y=800 w=472 h=280 cx=1498.0 cy=940.0 fps=19.2
total took 52.78 ms
PV04 t_ms=2007064 target=1 count=1 x=1292 y=796 w=494 h=284 cx=1539.0 cy=938.0 fps=41.7
total took 23.38 ms
PV04 t_ms=2007095 target=1 count=1 x=1292 y=755 w=561 h=325 cx=1572.5 cy=917.5 fps=32.3
total took 30.53 ms
PV04 t_ms=2007131 target=1 count=1 x=1323 y=758 w=542 h=322 cx=1594.0 cy=919.0 fps=27.8
total took 35.43 ms
PV04 t_ms=2007165 target=1 count=1 x=1326 y=737 w=544 h=343 cx=1598.0 cy=908.5 fps=29.4
total took 33.62 ms
PV04 t_ms=2007200 target=1 count=1 x=1340 y=729 w=537 h=351 cx=1608.5 cy=904.5 fps=28.6
total took 35.32 ms
PV04 t_ms=2007237 target=1 count=1 x=1348 y=713 w=534 h=367 cx=1615.0 cy=896.5 fps=27.0
total took 36.83 ms
PV04 t_ms=2007272 target=1 count=1 x=1352 y=706 w=535 h=374 cx=1619.5 cy=893.0 fps=28.6
total took 34.69 ms
PV04 t_ms=2007307 target=1 count=1 x=1353 y=698 w=531 h=382 cx=1618.5 cy=889.0 fps=28.6
total took 35.39 ms
PV04 t_ms=2007343 target=1 count=1 x=1358 y=683 w=526 h=397 cx=1621.0 cy=881.5 fps=27.8
total took 35.17 ms
PV04 t_ms=2007377 target=1 count=1 x=1365 y=685 w=518 h=395 cx=1624.0 cy=882.5 fps=29.4
total took 34.47 ms
PV04 t_ms=2007413 target=1 count=1 x=1355 y=679 w=524 h=401 cx=1617.0 cy=879.5 fps=27.8
total took 35.49 ms
PV04 t_ms=2007448 target=1 count=1 x=1359 y=681 w=530 h=399 cx=1624.0 cy=880.5 fps=28.6
total took 35.01 ms
PV04 t_ms=2007484 target=1 count=1 x=1358 y=685 w=527 h=395 cx=1621.5 cy=882.5 fps=27.8
total took 35.59 ms
PV04 t_ms=2007520 target=1 count=1 x=1362 y=688 w=524 h=392 cx=1624.0 cy=884.0 fps=27.8
total took 35.95 ms
PV04 t_ms=2007554 target=1 count=1 x=1352 y=701 w=542 h=379 cx=1623.0 cy=890.5 fps=29.4
total took 34.60 ms
PV04 t_ms=2007591 target=1 count=1 x=1343 y=705 w=545 h=375 cx=1615.5 cy=892.5 fps=27.0
total took 36.25 ms
PV04 t_ms=2007626 target=1 count=1 x=1341 y=707 w=539 h=373 cx=1610.5 cy=893.5 fps=28.6
total took 35.21 ms
PV04 t_ms=2007661 target=1 count=1 x=1341 y=717 w=535 h=363 cx=1608.5 cy=898.5 fps=28.6
total took 34.60 ms
PV04 t_ms=2007696 target=1 count=1 x=1338 y=727 w=535 h=353 cx=1605.5 cy=903.5 fps=28.6
total took 34.68 ms
PV04 t_ms=2007733 target=1 count=1 x=1336 y=720 w=532 h=360 cx=1602.0 cy=900.0 fps=27.0
total took 36.94 ms
PV04 t_ms=2007767 target=1 count=1 x=1331 y=712 w=525 h=368 cx=1593.5 cy=896.0 fps=29.4
total took 34.02 ms
PV04 t_ms=2007803 target=1 count=1 x=1290 y=692 w=513 h=388 cx=1546.5 cy=886.0 fps=27.8
total took 37.04 ms
PV04 t_ms=2007839 target=1 count=1 x=1266 y=667 w=510 h=413 cx=1521.0 cy=873.5 fps=27.8
total took 34.80 ms
PV04 t_ms=2007873 target=1 count=1 x=1251 y=666 w=477 h=414 cx=1489.5 cy=873.0 fps=29.4
total took 33.89 ms
PV04 t_ms=2007908 target=1 count=1 x=1238 y=680 w=448 h=400 cx=1462.0 cy=880.0 fps=28.6
total took 36.35 ms
PV04 t_ms=2007943 target=1 count=1 x=1220 y=649 w=460 h=431 cx=1450.0 cy=864.5 fps=28.6
total took 34.91 ms
PV04 t_ms=2007980 target=1 count=1 x=1214 y=628 w=461 h=452 cx=1444.5 cy=854.0 fps=27.0
total took 36.04 ms
PV04 t_ms=2008016 target=1 count=1 x=1193 y=634 w=480 h=446 cx=1433.0 cy=857.0 fps=27.8
total took 35.44 ms
PV04 t_ms=2008051 target=1 count=1 x=1189 y=638 w=469 h=442 cx=1423.5 cy=859.0 fps=28.6
total took 34.40 ms
PV04 t_ms=2008102 target=1 count=1 x=1183 y=652 w=467 h=428 cx=1416.5 cy=866.0 fps=19.6
total took 53.86 ms
PV04 t_ms=2008127 target=1 count=1 x=1184 y=665 w=450 h=415 cx=1409.0 cy=872.5 fps=40.0
total took 22.53 ms
PV04 t_ms=2008156 target=1 count=1 x=1164 y=671 w=450 h=409 cx=1389.0 cy=875.5 fps=34.5
total took 28.29 ms
PV04 t_ms=2008193 target=1 count=1 x=1147 y=659 w=439 h=421 cx=1366.5 cy=869.5 fps=27.0
total took 37.36 ms
PV04 t_ms=2008226 target=1 count=1 x=1142 y=642 w=443 h=438 cx=1363.5 cy=861.0 fps=30.3
total took 33.43 ms
PV04 t_ms=2008262 target=1 count=1 x=1123 y=602 w=444 h=478 cx=1345.0 cy=841.0 fps=27.8
total took 37.27 ms
PV04 t_ms=2008297 target=1 count=1 x=1103 y=589 w=446 h=491 cx=1326.0 cy=834.5 fps=28.6
total took 34.98 ms
PV04 t_ms=2008333 target=1 count=1 x=1071 y=561 w=429 h=519 cx=1285.5 cy=820.5 fps=27.8
total took 34.08 ms
PV04 t_ms=2008369 target=1 count=1 x=1054 y=528 w=432 h=549 cx=1270.0 cy=802.5 fps=27.8
total took 36.08 ms
PV04 t_ms=2008404 target=1 count=1 x=1027 y=520 w=439 h=542 cx=1246.5 cy=791.0 fps=28.6
total took 34.65 ms
PV04 t_ms=2008439 target=1 count=1 x=1019 y=496 w=440 h=549 cx=1239.0 cy=770.5 fps=28.6
total took 36.41 ms
PV04 t_ms=2008474 target=1 count=1 x=1009 y=475 w=434 h=548 cx=1226.0 cy=749.0 fps=28.6
total took 33.77 ms
PV04 t_ms=2008511 target=1 count=1 x=1001 y=465 w=402 h=525 cx=1202.0 cy=727.5 fps=27.0
total took 36.43 ms
PV04 t_ms=2008546 target=1 count=1 x=969 y=424 w=416 h=527 cx=1177.0 cy=687.5 fps=28.6
total took 35.27 ms
PV04 t_ms=2008580 target=1 count=1 x=958 y=428 w=398 h=493 cx=1157.0 cy=674.5 fps=29.4
total took 33.67 ms
PV04 t_ms=2008636 target=1 count=1 x=947 y=419 w=386 h=490 cx=1140.0 cy=664.0 fps=17.9
total took 56.26 ms
PV04 t_ms=2008661 target=1 count=1 x=933 y=406 w=377 h=488 cx=1121.5 cy=650.0 fps=40.0
total took 24.50 ms
PV04 t_ms=2008687 target=1 count=1 x=912 y=392 w=377 h=498 cx=1100.5 cy=641.0 fps=38.5
total took 25.70 ms
PV04 t_ms=2008723 target=1 count=1 x=883 y=403 w=383 h=470 cx=1074.5 cy=638.0 fps=27.8
total took 35.55 ms
PV04 t_ms=2008758 target=1 count=1 x=867 y=397 w=389 h=465 cx=1061.5 cy=629.5 fps=28.6
total took 35.28 ms
PV04 t_ms=2008793 target=1 count=1 x=869 y=397 w=382 h=455 cx=1060.0 cy=624.5 fps=28.6
total took 34.70 ms
PV04 t_ms=2008830 target=1 count=1 x=876 y=401 w=365 h=437 cx=1058.5 cy=619.5 fps=27.0
total took 37.17 ms
PV04 t_ms=2008864 target=1 count=1 x=875 y=403 w=361 h=433 cx=1055.5 cy=619.5 fps=29.4
total took 34.12 ms
PV04 t_ms=2008900 target=1 count=1 x=871 y=403 w=353 h=432 cx=1047.5 cy=619.0 fps=27.8
total took 35.83 ms
PV04 t_ms=2008935 target=1 count=1 x=875 y=396 w=344 h=432 cx=1047.0 cy=612.0 fps=28.6
total took 34.65 ms
PV04 t_ms=2008973 target=1 count=1 x=865 y=369 w=347 h=456 cx=1038.5 cy=597.0 fps=26.3
total took 37.73 ms
PV04 t_ms=2009007 target=1 count=1 x=843 y=361 w=362 h=464 cx=1024.0 cy=593.0 fps=29.4
total took 34.33 ms
PV04 t_ms=2009042 target=1 count=1 x=834 y=384 w=344 h=448 cx=1006.0 cy=608.0 fps=28.6
total took 34.57 ms
PV04 t_ms=2009077 target=1 count=1 x=826 y=394 w=339 h=442 cx=995.5 cy=615.0 fps=28.6
total took 35.41 ms
PV04 t_ms=2009112 target=1 count=1 x=809 y=371 w=353 h=460 cx=985.5 cy=601.0 fps=28.6
total took 34.89 ms
PV04 t_ms=2009149 target=1 count=1 x=812 y=374 w=349 h=459 cx=986.5 cy=603.5 fps=27.0
total took 36.23 ms
PV04 t_ms=2009184 target=1 count=1 x=808 y=386 w=342 h=425 cx=979.0 cy=598.5 fps=28.6
total took 35.28 ms
PV04 t_ms=2009219 target=1 count=1 x=805 y=370 w=340 h=434 cx=975.0 cy=587.0 fps=28.6
total took 34.41 ms
PV04 t_ms=2009253 target=1 count=1 x=795 y=360 w=335 h=437 cx=962.5 cy=578.5 fps=29.4
total took 34.68 ms
PV04 t_ms=2009290 target=1 count=1 x=792 y=362 w=328 h=424 cx=956.0 cy=574.0 fps=27.0
total took 36.25 ms
PV04 t_ms=2009325 target=1 count=1 x=801 y=367 w=309 h=410 cx=955.5 cy=572.0 fps=28.6
total took 35.12 ms
PV04 t_ms=2009361 target=1 count=1 x=800 y=348 w=312 h=404 cx=956.0 cy=550.0 fps=27.8
total took 36.29 ms
PV04 t_ms=2009397 target=1 count=1 x=797 y=325 w=329 h=419 cx=961.5 cy=534.5 fps=27.8
total took 35.36 ms
PV04 t_ms=2009432 target=1 count=1 x=799 y=322 w=328 h=414 cx=963.0 cy=529.0 fps=28.6
total took 34.67 ms
PV04 t_ms=2009466 target=1 count=1 x=790 y=298 w=343 h=435 cx=961.5 cy=515.5 fps=29.4
total took 34.14 ms
PV04 t_ms=2009502 target=1 count=1 x=800 y=328 w=337 h=398 cx=968.5 cy=527.0 fps=27.8
total took 36.15 ms
PV04 t_ms=2009536 target=1 count=1 x=821 y=331 w=323 h=383 cx=982.5 cy=522.5 fps=29.4
total took 33.57 ms
PV04 t_ms=2009573 target=1 count=1 x=813 y=297 w=347 h=413 cx=986.5 cy=503.5 fps=27.0
total took 37.20 ms
PV04 t_ms=2009608 target=1 count=1 x=820 y=310 w=329 h=396 cx=984.5 cy=508.0 fps=28.6
total took 35.14 ms
PV04 t_ms=2009643 target=1 count=1 x=831 y=309 w=314 h=401 cx=988.0 cy=509.5 fps=28.6
total took 34.99 ms
PV04 t_ms=2009679 target=1 count=1 x=836 y=299 w=321 h=413 cx=996.5 cy=505.5 fps=27.8
total took 35.16 ms
PV04 t_ms=2009713 target=1 count=1 x=832 y=292 w=334 h=425 cx=999.0 cy=504.5 fps=29.4
total took 34.71 ms
PV04 t_ms=2009751 target=1 count=1 x=850 y=293 w=327 h=427 cx=1013.5 cy=506.5 fps=26.3
total took 37.16 ms
PV04 t_ms=2009786 target=1 count=1 x=857 y=291 w=326 h=430 cx=1020.0 cy=506.0 fps=28.6
total took 35.01 ms
PV04 t_ms=2009821 target=1 count=1 x=854 y=288 w=349 h=441 cx=1028.5 cy=508.5 fps=28.6
total took 34.67 ms
PV04 t_ms=2009855 target=1 count=1 x=872 y=289 w=344 h=436 cx=1044.0 cy=507.0 fps=29.4
total took 34.13 ms
PV04 t_ms=2009892 target=1 count=1 x=873 y=282 w=357 h=445 cx=1051.5 cy=504.5 fps=27.0
total took 36.44 ms
PV04 t_ms=2009927 target=1 count=1 x=884 y=292 w=358 h=425 cx=1063.0 cy=504.5 fps=28.6
total took 35.32 ms
PV04 t_ms=2009961 target=1 count=1 x=892 y=291 w=356 h=427 cx=1070.0 cy=504.5 fps=29.4
total took 33.64 ms
PV04 t_ms=2009996 target=1 count=1 x=906 y=285 w=360 h=444 cx=1086.0 cy=507.0 fps=28.6
total took 35.56 ms
PV04 t_ms=2010033 target=1 count=1 x=943 y=261 w=360 h=457 cx=1123.0 cy=489.5 fps=27.0
total took 36.26 ms
PV04 t_ms=2010069 target=1 count=1 x=975 y=260 w=360 h=444 cx=1155.0 cy=482.0 fps=27.8
total took 35.78 ms
PV04 t_ms=2010104 target=1 count=1 x=1003 y=233 w=351 h=412 cx=1178.5 cy=439.0 fps=28.6
total took 35.14 ms
PV04 t_ms=2010139 target=1 count=1 x=1046 y=152 w=370 h=466 cx=1231.0 cy=385.0 fps=28.6
total took 35.15 ms
PV04 t_ms=2010175 target=1 count=1 x=1096 y=133 w=394 h=454 cx=1293.0 cy=360.0 fps=27.8
total took 35.94 ms
PV04 t_ms=2010225 target=1 count=1 x=1153 y=93 w=400 h=451 cx=1353.0 cy=318.5 fps=20.0
total took 52.48 ms
PV04 t_ms=2010251 target=1 count=1 x=1186 y=35 w=428 h=497 cx=1400.0 cy=283.5 fps=38.5
total took 22.83 ms
PV04 t_ms=2010280 target=1 count=1 x=1218 y=45 w=442 h=483 cx=1439.0 cy=286.5 fps=34.5
total took 29.62 ms
PV04 t_ms=2010316 target=1 count=1 x=1215 y=37 w=442 h=470 cx=1436.0 cy=272.0 fps=27.8
total took 36.01 ms
PV04 t_ms=2010352 target=1 count=1 x=1206 y=27 w=486 h=467 cx=1449.0 cy=260.5 fps=27.8
total took 35.63 ms
PV04 t_ms=2010388 target=1 count=1 x=1253 y=36 w=458 h=464 cx=1482.0 cy=268.0 fps=27.8
total took 35.20 ms
PV04 t_ms=2010422 target=1 count=1 x=1306 y=18 w=477 h=462 cx=1544.5 cy=249.0 fps=29.4
total took 34.55 ms
PV04 t_ms=2010458 target=1 count=1 x=1396 y=28 w=463 h=431 cx=1627.5 cy=243.5 fps=27.8
total took 36.53 ms
PV04 t_ms=2010491 target=1 count=1 x=1479 y=45 w=421 h=450 cx=1689.5 cy=270.0 fps=30.3
total took 34.22 ms
PV04 t_ms=2010528 target=0 count=0 fps=27.0
total took 35.05 ms
PV04 t_ms=2010564 target=0 count=0 fps=27.8
total took 35.58 ms
PV04 t_ms=2010599 target=0 count=0 fps=28.6
total took 34.70 ms
PV04 t_ms=2010633 target=0 count=0 fps=29.4
total took 34.13 ms
PV04 t_ms=2010670 target=0 count=0 fps=27.0
total took 36.39 ms
PV04 t_ms=2010705 target=0 count=0 fps=28.6
total took 34.51 ms
PV04 t_ms=2010757 target=0 count=0 fps=19.2
total took 53.30 ms
PV04 t_ms=2010780 target=0 count=0 fps=43.5
total took 22.02 ms
PV04 t_ms=2010812 target=0 count=0 fps=31.3
total took 31.56 ms
PV04 t_ms=2010847 target=1 count=1 x=1439 y=143 w=443 h=427 cx=1660.5 cy=356.5 fps=28.6
total took 35.70 ms
PV04 t_ms=2010884 target=1 count=1 x=1370 y=141 w=463 h=435 cx=1601.5 cy=358.5 fps=27.0
total took 36.57 ms
PV04 t_ms=2010917 target=1 count=1 x=1350 y=132 w=449 h=416 cx=1574.5 cy=340.0 fps=30.3
total took 33.91 ms
PV04 t_ms=2010953 target=1 count=1 x=1312 y=128 w=436 h=414 cx=1530.0 cy=335.0 fps=27.8
total took 35.42 ms
PV04 t_ms=2010989 target=1 count=1 x=1288 y=159 w=409 h=382 cx=1492.5 cy=350.0 fps=27.8
total took 35.17 ms
PV04 t_ms=2011023 target=1 count=1 x=1267 y=153 w=418 h=389 cx=1476.0 cy=347.5 fps=29.4
total took 34.54 ms
PV04 t_ms=2011058 target=1 count=1 x=1274 y=172 w=391 h=380 cx=1469.5 cy=362.0 fps=28.6
total took 36.42 ms
PV04 t_ms=2011095 target=1 count=1 x=1244 y=188 w=388 h=366 cx=1438.0 cy=371.0 fps=27.0
total took 35.54 ms
PV04 t_ms=2011131 target=1 count=1 x=1247 y=182 w=380 h=379 cx=1437.0 cy=371.5 fps=27.8
total took 35.30 ms
PV04 t_ms=2011166 target=1 count=1 x=1205 y=175 w=406 h=407 cx=1408.0 cy=378.5 fps=28.6
total took 35.54 ms
PV04 t_ms=2011201 target=1 count=1 x=1198 y=195 w=409 h=372 cx=1402.5 cy=381.0 fps=28.6
total took 34.89 ms
PV04 t_ms=2011236 target=1 count=1 x=1166 y=188 w=422 h=371 cx=1377.0 cy=373.5 fps=28.6
total took 34.26 ms
PV04 t_ms=2011285 target=1 count=1 x=1179 y=185 w=410 h=387 cx=1384.0 cy=378.5 fps=20.4
total took 53.98 ms
PV04 t_ms=2011313 target=1 count=1 x=1167 y=193 w=391 h=378 cx=1362.5 cy=382.0 fps=35.7
total took 22.55 ms
PV04 t_ms=2011341 target=1 count=1 x=1168 y=182 w=361 h=390 cx=1348.5 cy=377.0 fps=35.7
total took 28.43 ms
PV04 t_ms=2011377 target=1 count=1 x=1160 y=191 w=364 h=369 cx=1342.0 cy=375.5 fps=27.8
total took 35.72 ms
PV04 t_ms=2011412 target=1 count=1 x=1143 y=192 w=376 h=386 cx=1331.0 cy=385.0 fps=28.6
total took 36.61 ms
PV04 t_ms=2011447 target=1 count=1 x=1135 y=193 w=369 h=381 cx=1319.5 cy=383.5 fps=28.6
total took 33.75 ms
PV04 t_ms=2011484 target=1 count=1 x=1167 y=233 w=336 h=360 cx=1335.0 cy=413.0 fps=27.0
total took 36.52 ms
PV04 t_ms=2011518 target=1 count=1 x=1167 y=234 w=346 h=371 cx=1340.0 cy=419.5 fps=29.4
total took 34.31 ms
PV04 t_ms=2011554 target=1 count=1 x=1150 y=227 w=354 h=358 cx=1327.0 cy=406.0 fps=27.8
total took 35.51 ms
PV04 t_ms=2011589 target=1 count=1 x=1148 y=206 w=384 h=412 cx=1340.0 cy=412.0 fps=28.6
total took 34.86 ms
PV04 t_ms=2011625 target=1 count=1 x=1180 y=283 w=335 h=366 cx=1347.5 cy=466.0 fps=27.8
total took 37.68 ms
PV04 t_ms=2011660 target=1 count=1 x=1194 y=312 w=347 h=361 cx=1367.5 cy=492.5 fps=28.6
total took 33.04 ms
PV04 t_ms=2011696 target=1 count=1 x=1182 y=297 w=372 h=361 cx=1368.0 cy=477.5 fps=27.8
total took 35.30 ms
PV04 t_ms=2011731 target=1 count=1 x=1189 y=280 w=394 h=343 cx=1386.0 cy=451.5 fps=28.6
total took 35.25 ms
PV04 t_ms=2011766 target=1 count=1 x=1183 y=210 w=420 h=382 cx=1393.0 cy=401.0 fps=28.6
total took 36.93 ms
PV04 t_ms=2011819 target=1 count=1 x=1278 y=271 w=359 h=348 cx=1457.5 cy=445.0 fps=18.9
total took 50.25 ms
PV04 t_ms=2011842 target=1 count=1 x=1304 y=297 w=381 h=342 cx=1494.5 cy=468.0 fps=43.5
total took 22.61 ms
PV04 t_ms=2011875 target=1 count=1 x=1291 y=375 w=456 h=361 cx=1519.0 cy=555.5 fps=30.3
total took 32.29 ms
PV04 t_ms=2011907 target=0 count=0 fps=31.3
total took 32.13 ms
PV04 t_ms=2011943 target=0 count=0 fps=27.8
total took 35.52 ms
PV04 t_ms=2011978 target=0 count=0 fps=28.6
total took 35.27 ms
PV04 t_ms=2012014 target=1 count=1 x=1438 y=493 w=369 h=409 cx=1622.5 cy=697.5 fps=27.8
total took 37.91 ms
PV04 t_ms=2012049 target=0 count=0 fps=28.6
total took 33.73 ms
PV04 t_ms=2012085 target=0 count=0 fps=27.8
total took 34.52 ms
PV04 t_ms=2012120 target=0 count=0 fps=28.6
total took 35.26 ms
PV04 t_ms=2012155 target=0 count=0 fps=28.6
total took 35.18 ms
PV04 t_ms=2012191 target=1 count=1 x=1140 y=709 w=427 h=371 cx=1353.5 cy=894.5 fps=27.8
total took 37.39 ms
PV04 t_ms=2012226 target=0 count=0 fps=28.6
total took 33.25 ms
PV04 t_ms=2012262 target=0 count=0 fps=27.8
total took 36.09 ms
PV04 t_ms=2012299 target=0 count=0 fps=27.0
total took 36.30 ms
PV04 t_ms=2012348 target=0 count=0 fps=20.4
total took 50.02 ms
PV04 t_ms=2012371 target=0 count=0 fps=43.5
total took 21.96 ms
PV04 t_ms=2012403 target=0 count=0 fps=31.3
total took 31.89 ms
PV04 t_ms=2012439 target=0 count=0 fps=27.8
total took 36.61 ms
PV04 t_ms=2012476 target=1 count=1 x=368 y=140 w=1077 h=940 cx=906.5 cy=610.0 fps=27.0
total took 37.37 ms
PV04 t_ms=2012511 target=0 count=0 fps=28.6
total took 34.15 ms
PV04 t_ms=2012547 target=0 count=0 fps=27.8
total took 35.40 ms
PV04 t_ms=2012581 target=0 count=0 fps=29.4
total took 33.94 ms
PV04 t_ms=2012616 target=0 count=0 fps=28.6
total took 34.67 ms
PV04 t_ms=2012651 target=0 count=0 fps=28.6
total took 36.43 ms
PV04 t_ms=2012688 target=0 count=0 fps=27.0
total took 35.83 ms
PV04 t_ms=2012723 target=0 count=0 fps=28.6
total took 35.20 ms
PV04 t_ms=2012758 target=0 count=0 fps=28.6
total took 34.69 ms
PV04 t_ms=2012793 target=0 count=0 fps=28.6
total took 35.31 ms
PV04 t_ms=2012828 target=0 count=0 fps=28.6
total took 35.39 ms
PV04 t_ms=2012881 target=0 count=0 fps=18.9
total took 53.65 ms
PV04 t_ms=2012905 target=0 count=0 fps=41.7
total took 23.07 ms
PV04 t_ms=2012934 target=1 count=1 x=212 y=628 w=386 h=359 cx=405.0 cy=807.5 fps=34.5
total took 28.23 ms
PV04 t_ms=2012970 target=1 count=1 x=77 y=607 w=460 h=388 cx=307.0 cy=801.0 fps=27.8
total took 35.70 ms
PV04 t_ms=2013008 target=1 count=1 x=15 y=578 w=492 h=430 cx=261.0 cy=793.0 fps=26.3
total took 37.60 ms
PV04 t_ms=2013041 target=0 count=0 fps=30.3
total took 33.15 ms
PV04 t_ms=2013077 target=0 count=0 fps=27.8
total took 35.38 ms
PV04 t_ms=2013111 target=0 count=0 fps=29.4
total took 34.35 ms
PV04 t_ms=2013146 target=0 count=0 fps=28.6
total took 35.04 ms
PV04 t_ms=2013182 target=0 count=0 fps=27.8
total took 35.75 ms
PV04 t_ms=2013218 target=0 count=0 fps=27.8
total took 35.87 ms
PV04 t_ms=2013253 target=0 count=0 fps=28.6
total took 35.34 ms
PV04 t_ms=2013288 target=1 count=1 x=86 y=113 w=732 h=666 cx=452.0 cy=446.0 fps=28.6
total took 35.05 ms
PV04 t_ms=2013324 target=0 count=0 fps=27.8
total took 34.98 ms
PV04 t_ms=2013360 target=0 count=0 fps=27.8
total took 36.33 ms
PV04 t_ms=2013410 target=1 count=1 x=0 y=644 w=263 h=436 cx=131.5 cy=862.0 fps=20.0
total took 53.09 ms
PV04 t_ms=2013437 target=1 count=1 x=30 y=657 w=292 h=423 cx=176.0 cy=868.5 fps=37.0
total took 24.12 ms
PV04 t_ms=2013466 target=0 count=0 fps=34.5
total took 29.00 ms
PV04 t_ms=2013502 target=0 count=0 fps=27.8
total took 35.38 ms
PV04 t_ms=2013538 target=0 count=0 fps=27.8
total took 35.18 ms
PV04 t_ms=2013572 target=0 count=0 fps=29.4
total took 34.46 ms
PV04 t_ms=2013607 target=0 count=0 fps=28.6
total took 36.18 ms
PV04 t_ms=2013644 target=0 count=0 fps=27.0
total took 35.82 ms
PV04 t_ms=2013679 target=0 count=0 fps=28.6
total took 34.44 ms
PV04 t_ms=2013714 target=0 count=0 fps=28.6
total took 35.25 ms
PV04 t_ms=2013748 target=0 count=0 fps=29.4
total took 34.09 ms
PV04 t_ms=2013784 target=0 count=0 fps=27.8
total took 37.70 ms
PV04 t_ms=2013819 target=0 count=0 fps=28.6
total took 33.50 ms
PV04 t_ms=2013857 target=0 count=0 fps=26.3
total took 37.29 ms
PV04 t_ms=2013892 target=0 count=0 fps=28.6
total took 34.98 ms
PV04 t_ms=2013942 target=0 count=0 fps=20.0
total took 49.86 ms
PV04 t_ms=2013965 target=0 count=0 fps=43.5
total took 23.17 ms
PV04 t_ms=2013996 target=0 count=0 fps=32.3
total took 32.01 ms
PV04 t_ms=2014031 target=0 count=0 fps=28.6
total took 33.51 ms
PV04 t_ms=2014068 target=0 count=0 fps=27.0
total took 36.04 ms
PV04 t_ms=2014102 target=0 count=0 fps=29.4
total took 34.41 ms
PV04 t_ms=2014137 target=0 count=0 fps=28.6
total took 35.34 ms
PV04 t_ms=2014173 target=0 count=0 fps=27.8
total took 36.78 ms
PV04 t_ms=2014208 target=0 count=0 fps=28.6
total took 33.93 ms
PV04 t_ms=2014245 target=0 count=0 fps=27.0
total took 36.26 ms
PV04 t_ms=2014279 target=0 count=0 fps=29.4
total took 34.38 ms
PV04 t_ms=2014316 target=0 count=0 fps=27.0
total took 36.37 ms
PV04 t_ms=2014350 target=0 count=0 fps=29.4
total took 34.32 ms
PV04 t_ms=2014386 target=0 count=0 fps=27.8
total took 35.53 ms
PV04 t_ms=2014422 target=0 count=0 fps=27.8
total took 35.71 ms
PV04 t_ms=2014473 target=0 count=0 fps=19.6
total took 51.98 ms
PV04 t_ms=2014497 target=0 count=0 fps=41.7
total took 22.94 ms
PV04 t_ms=2014528 target=0 count=0 fps=32.3
total took 30.92 ms
PV04 t_ms=2014562 target=0 count=0 fps=29.4
total took 34.67 ms
PV04 t_ms=2014598 target=0 count=0 fps=27.8
total took 36.33 ms
PV04 t_ms=2014635 target=0 count=0 fps=27.0
total took 35.84 ms
PV04 t_ms=2014670 target=0 count=0 fps=28.6
total took 34.96 ms
PV04 t_ms=2014706 target=0 count=0 fps=27.8
total took 35.45 ms
PV04 t_ms=2014740 target=0 count=0 fps=29.4
total took 34.81 ms
PV04 t_ms=2014775 target=0 count=0 fps=28.6
total took 34.04 ms
PV04 t_ms=2014811 target=0 count=0 fps=27.8
total took 36.64 ms
PV04 t_ms=2014847 target=0 count=0 fps=27.8
total took 35.51 ms
PV04 t_ms=2014882 target=0 count=0 fps=28.6
total took 35.20 ms
PV04 t_ms=2014918 target=0 count=0 fps=27.8
total took 35.29 ms
PV04 t_ms=2014952 target=0 count=0 fps=29.4
total took 34.49 ms
PV04 t_ms=2014986 target=0 count=0 fps=29.4
total took 35.89 ms
PV04 t_ms=2015022 target=0 count=0 fps=27.8
total took 35.29 ms
PV04 t_ms=2015059 target=0 count=0 fps=27.0
total took 35.74 ms
PV04 t_ms=2015095 target=0 count=0 fps=27.8
total took 35.45 ms
PV04 t_ms=2015131 target=0 count=0 fps=27.8
total took 35.67 ms
PV04 t_ms=2015164 target=0 count=0 fps=30.3
total took 34.66 ms
PV04 t_ms=2015200 target=0 count=0 fps=27.8
total took 34.53 ms
PV04 t_ms=2015236 target=0 count=0 fps=27.8
total took 36.28 ms
PV04 t_ms=2015272 target=0 count=0 fps=27.8
total took 35.41 ms
PV04 t_ms=2015307 target=0 count=0 fps=28.6
total took 34.83 ms
PV04 t_ms=2015342 target=0 count=0 fps=28.6
total took 34.79 ms
PV04 t_ms=2015376 target=0 count=0 fps=29.4
total took 36.29 ms
PV04 t_ms=2015411 target=0 count=0 fps=28.6
total took 34.53 ms
PV04 t_ms=2015448 target=0 count=0 fps=27.0
total took 35.60 ms
PV04 t_ms=2015484 target=0 count=0 fps=27.8
total took 35.51 ms
PV04 t_ms=2015534 target=0 count=0 fps=20.0
total took 51.53 ms
PV04 t_ms=2015558 target=0 count=0 fps=41.7
total took 23.61 ms
PV04 t_ms=2015589 target=0 count=0 fps=32.3
total took 28.86 ms
PV04 t_ms=2015625 target=0 count=0 fps=27.8
total took 36.35 ms
PV04 t_ms=2015660 target=0 count=0 fps=28.6
total took 35.24 ms
PV04 t_ms=2015695 target=0 count=0 fps=28.6
total took 34.11 ms
PV04 t_ms=2015730 target=0 count=0 fps=28.6
total took 36.87 ms
PV04 t_ms=2015765 target=0 count=0 fps=28.6
total took 33.77 ms
PV04 t_ms=2015802 target=0 count=0 fps=27.0
total took 36.43 ms
PV04 t_ms=2015839 target=0 count=0 fps=27.0
total took 37.16 ms
PV04 t_ms=2015873 target=0 count=0 fps=29.4
total took 33.43 ms
PV04 t_ms=2015908 target=0 count=0 fps=28.6
total took 35.28 ms
PV04 t_ms=2015943 target=0 count=0 fps=28.6
total took 34.41 ms
PV04 t_ms=2015979 target=0 count=0 fps=27.8
total took 35.79 ms
PV04 t_ms=2016013 target=0 count=0 fps=29.4
total took 35.53 ms
PV04 t_ms=2016065 target=0 count=0 fps=19.2
total took 52.40 ms
PV04 t_ms=2016089 target=0 count=0 fps=41.7
total took 23.29 ms
PV04 t_ms=2016119 target=0 count=0 fps=33.3
total took 28.84 ms
PV04 t_ms=2016155 target=0 count=0 fps=27.8
total took 37.23 ms
PV04 t_ms=2016191 target=0 count=0 fps=27.8
total took 35.62 ms
PV04 t_ms=2016226 target=0 count=0 fps=28.6
total took 33.19 ms
PV04 t_ms=2016261 target=0 count=0 fps=28.6
total took 35.56 ms
PV04 t_ms=2016297 target=0 count=0 fps=27.8
total took 35.42 ms
PV04 t_ms=2016332 target=0 count=0 fps=28.6
total took 35.24 ms
PV04 t_ms=2016368 target=0 count=0 fps=27.8
total took 36.07 ms
PV04 t_ms=2016404 target=0 count=0 fps=27.8
total took 35.24 ms
PV04 t_ms=2016438 target=0 count=0 fps=29.4
total took 34.08 ms
PV04 t_ms=2016475 target=0 count=0 fps=27.0
total took 37.27 ms
PV04 t_ms=2016510 target=0 count=0 fps=28.6
total took 34.72 ms
PV04 t_ms=2016544 target=0 count=0 fps=29.4
total took 33.69 ms
PV04 t_ms=2016596 target=0 count=0 fps=19.2
total took 52.80 ms
PV04 t_ms=2016621 target=0 count=0 fps=40.0
total took 23.72 ms
PV04 t_ms=2016652 target=0 count=0 fps=32.3
total took 31.45 ms
PV04 t_ms=2016687 target=0 count=0 fps=28.6
total took 34.94 ms
PV04 t_ms=2016722 target=0 count=0 fps=28.6
total took 35.04 ms
PV04 t_ms=2016758 target=0 count=0 fps=27.8
total took 35.13 ms
PV04 t_ms=2016792 target=0 count=0 fps=29.4
total took 35.94 ms
PV04 t_ms=2016829 target=0 count=0 fps=27.0
total took 35.14 ms
PV04 t_ms=2016864 target=0 count=0 fps=28.6
total took 35.28 ms
PV04 t_ms=2016899 target=0 count=0 fps=28.6
total took 34.99 ms
PV04 t_ms=2016934 target=0 count=0 fps=28.6
total took 34.29 ms
PV04 t_ms=2016969 target=0 count=0 fps=28.6
total took 36.06 ms
PV04 t_ms=2017005 target=0 count=0 fps=27.8
total took 35.43 ms
PV04 t_ms=2017041 target=0 count=0 fps=27.8
total took 35.55 ms
PV04 t_ms=2017077 target=0 count=0 fps=27.8
total took 35.45 ms
PV04 t_ms=2017112 target=0 count=0 fps=28.6
total took 34.87 ms
PV04 t_ms=2017147 target=0 count=0 fps=28.6
total took 35.34 ms
PV04 t_ms=2017182 target=0 count=0 fps=28.6
total took 34.87 ms
PV04 t_ms=2017218 target=0 count=0 fps=27.8
total took 35.99 ms
PV04 t_ms=2017253 target=0 count=0 fps=28.6
total took 35.14 ms
PV04 t_ms=2017288 target=0 count=0 fps=28.6
total took 34.75 ms
PV04 t_ms=2017323 target=0 count=0 fps=28.6
total took 34.48 ms
PV04 t_ms=2017359 target=0 count=0 fps=27.8
total took 36.26 ms
PV04 t_ms=2017393 target=0 count=0 fps=29.4
total took 35.48 ms
PV04 t_ms=2017430 target=0 count=0 fps=27.0
total took 35.57 ms
PV04 t_ms=2017466 target=0 count=0 fps=27.8
total took 35.46 ms
PV04 t_ms=2017501 target=0 count=0 fps=28.6
total took 34.63 ms
PV04 t_ms=2017535 target=0 count=0 fps=29.4
total took 35.71 ms
PV04 t_ms=2017571 target=0 count=0 fps=27.8
total took 34.39 ms
PV04 t_ms=2017607 target=0 count=0 fps=27.8
total took 35.58 ms
PV04 t_ms=2017643 target=0 count=0 fps=27.8
total took 36.39 ms
PV04 t_ms=2017677 target=0 count=0 fps=29.4
total took 33.09 ms
PV04 t_ms=2017712 target=0 count=0 fps=28.6
total took 36.45 ms
PV04 t_ms=2017748 target=0 count=0 fps=27.8
total took 35.83 ms
PV04 t_ms=2017783 target=0 count=0 fps=28.6
total took 35.46 ms
PV04 t_ms=2017820 target=0 count=0 fps=27.0
total took 34.95 ms
PV04 t_ms=2017856 target=0 count=0 fps=27.8
total took 35.87 ms
PV04 t_ms=2017889 target=0 count=0 fps=30.3
total took 33.12 ms
PV04 t_ms=2017925 target=0 count=0 fps=27.8
total took 36.73 ms
PV04 t_ms=2017960 target=0 count=0 fps=28.6
total took 34.68 ms
PV04 t_ms=2017997 target=0 count=0 fps=27.0
total took 36.38 ms
PV04 t_ms=2018031 target=0 count=0 fps=29.4
total took 33.40 ms
PV04 t_ms=2018066 target=0 count=0 fps=28.6
total took 35.18 ms
PV04 t_ms=2018101 target=0 count=0 fps=28.6
total took 36.47 ms
PV04 t_ms=2018137 target=0 count=0 fps=27.8
total took 35.48 ms
PV04 t_ms=2018172 target=0 count=0 fps=28.6
total took 35.42 ms
PV04 t_ms=2018209 target=0 count=0 fps=27.0
total took 35.81 ms
PV04 t_ms=2018243 target=0 count=0 fps=29.4
total took 33.06 ms
PV04 t_ms=2018279 target=0 count=0 fps=27.8
total took 35.58 ms
PV04 t_ms=2018314 target=0 count=0 fps=28.6
total took 36.89 ms
PV04 t_ms=2018349 target=0 count=0 fps=28.6
total took 34.73 ms
PV04 t_ms=2018385 target=0 count=0 fps=27.8
total took 34.32 ms
PV04 t_ms=2018421 target=0 count=0 fps=27.8
total took 36.27 ms
PV04 t_ms=2018456 target=0 count=0 fps=28.6
total took 34.61 ms
PV04 t_ms=2018492 target=0 count=0 fps=27.8
total took 37.62 ms
PV04 t_ms=2018526 target=0 count=0 fps=29.4
total took 34.26 ms
PV04 t_ms=2018561 target=0 count=0 fps=28.6
total took 34.92 ms
PV04 t_ms=2018598 target=0 count=0 fps=27.0
total took 35.86 ms
PV04 t_ms=2018632 target=0 count=0 fps=29.4
total took 33.37 ms
PV04 t_ms=2018668 target=0 count=0 fps=27.8
total took 35.22 ms
PV04 t_ms=2018703 target=0 count=0 fps=28.6
total took 36.50 ms
PV04 t_ms=2018739 target=0 count=0 fps=27.8
total took 35.48 ms
PV04 t_ms=2018774 target=0 count=0 fps=28.6
total took 33.97 ms
PV04 t_ms=2018810 target=0 count=0 fps=27.8
total took 35.55 ms
PV04 t_ms=2018845 target=0 count=0 fps=28.6
total took 35.28 ms
PV04 t_ms=2018880 target=0 count=0 fps=28.6
total took 35.34 ms
PV04 t_ms=2018917 target=0 count=0 fps=27.0
total took 36.24 ms
PV04 t_ms=2018952 target=0 count=0 fps=28.6
total took 35.00 ms
PV04 t_ms=2018986 target=0 count=0 fps=29.4
total took 34.39 ms
PV04 t_ms=2019024 target=0 count=0 fps=26.3
total took 37.15 ms
PV04 t_ms=2019058 target=0 count=0 fps=29.4
total took 34.62 ms
PV04 t_ms=2019093 target=0 count=0 fps=28.6
total took 34.41 ms
PV04 t_ms=2019128 target=0 count=0 fps=28.6
total took 36.41 ms
PV04 t_ms=2019163 target=0 count=0 fps=28.6
total took 35.24 ms
PV04 t_ms=2019200 target=0 count=0 fps=27.0
total took 35.53 ms
PV04 t_ms=2019236 target=0 count=0 fps=27.8
total took 35.51 ms
PV04 t_ms=2019270 target=0 count=0 fps=29.4
total took 33.47 ms
PV04 t_ms=2019305 target=0 count=0 fps=28.6
total took 36.63 ms
PV04 t_ms=2019340 target=0 count=0 fps=28.6
total took 34.61 ms
PV04 t_ms=2019376 target=0 count=0 fps=27.8
total took 34.17 ms
PV04 t_ms=2019411 target=0 count=0 fps=28.6
total took 35.32 ms
PV04 t_ms=2019446 target=0 count=0 fps=28.6
total took 35.41 ms
PV04 t_ms=2019482 target=0 count=0 fps=27.8
total took 36.86 ms
PV04 t_ms=2019517 target=0 count=0 fps=28.6
total took 35.63 ms
PV04 t_ms=2019553 target=0 count=0 fps=27.8
total took 33.26 ms
PV04 t_ms=2019589 target=0 count=0 fps=27.8
total took 36.28 ms
PV04 t_ms=2019623 target=0 count=0 fps=29.4
total took 34.39 ms
PV04 t_ms=2019659 target=0 count=0 fps=27.8
total took 35.56 ms
PV04 t_ms=2019694 target=0 count=0 fps=28.6
total took 36.77 ms
PV04 t_ms=2019730 target=0 count=0 fps=27.8
total took 33.81 ms
PV04 t_ms=2019766 target=0 count=0 fps=27.8
total took 36.31 ms
PV04 t_ms=2019800 target=0 count=0 fps=29.4
total took 34.17 ms
PV04 t_ms=2019836 target=0 count=0 fps=27.8
total took 35.50 ms
PV04 t_ms=2019873 target=0 count=0 fps=27.0
total took 36.83 ms
PV04 t_ms=2019908 target=0 count=0 fps=28.6
total took 34.44 ms
PV04 t_ms=2019943 target=0 count=0 fps=28.6
total took 35.20 ms
PV04 t_ms=2019978 target=0 count=0 fps=28.6
total took 35.37 ms
PV04 t_ms=2020013 target=0 count=0 fps=28.6
total took 34.62 ms
PV04 t_ms=2020048 target=0 count=0 fps=28.6
total took 34.99 ms
PV04 t_ms=2020084 target=0 count=0 fps=27.8
total took 35.31 ms
PV04 t_ms=2020120 target=0 count=0 fps=27.8
total took 36.28 ms
PV04 t_ms=2020155 target=0 count=0 fps=28.6
total took 34.47 ms
PV04 t_ms=2020193 target=0 count=0 fps=26.3
total took 37.78 ms
PV04 t_ms=2020227 target=0 count=0 fps=29.4
total took 34.13 ms
PV04 t_ms=2020261 target=0 count=0 fps=29.4
total took 34.46 ms
PV04 t_ms=2020296 target=0 count=0 fps=28.6
total took 34.67 ms
PV04 t_ms=2020332 target=0 count=0 fps=27.8
total took 36.05 ms
PV04 t_ms=2020367 target=0 count=0 fps=28.6
total took 34.53 ms
PV04 t_ms=2020404 target=0 count=0 fps=27.0
total took 37.13 ms
PV04 t_ms=2020439 target=0 count=0 fps=28.6
total took 34.33 ms
PV04 t_ms=2020473 target=0 count=0 fps=29.4
total took 34.39 ms
PV04 t_ms=2020509 target=0 count=0 fps=27.8
total took 36.22 ms
PV04 t_ms=2020545 target=0 count=0 fps=27.8
total took 35.72 ms
PV04 t_ms=2020580 target=0 count=0 fps=28.6
total took 35.56 ms
PV04 t_ms=2020616 target=0 count=0 fps=27.8
total took 35.33 ms
PV04 t_ms=2020651 target=0 count=0 fps=28.6
total took 34.55 ms
PV04 t_ms=2020685 target=0 count=0 fps=29.4
total took 34.28 ms
PV04 t_ms=2020720 target=0 count=0 fps=28.6
total took 35.63 ms
PV04 t_ms=2020757 target=0 count=0 fps=27.0
total took 36.16 ms
PV04 t_ms=2020793 target=0 count=0 fps=27.8
total took 35.61 ms
PV04 t_ms=2020828 target=0 count=0 fps=28.6
total took 35.03 ms
PV04 t_ms=2020863 target=0 count=0 fps=28.6
total took 34.51 ms
PV04 t_ms=2020898 target=0 count=0 fps=28.6
total took 35.59 ms
PV04 t_ms=2020934 target=0 count=0 fps=27.8
total took 35.62 ms
PV04 t_ms=2020970 target=0 count=0 fps=27.8
total took 35.96 ms
PV04 t_ms=2021006 target=0 count=0 fps=27.8
total took 35.25 ms
PV04 t_ms=2021040 target=0 count=0 fps=29.4
total took 34.72 ms
PV04 t_ms=2021074 target=0 count=0 fps=29.4
total took 33.76 ms
PV04 t_ms=2021111 target=0 count=0 fps=27.0
total took 36.98 ms
PV04 t_ms=2021147 target=0 count=0 fps=27.8
total took 35.18 ms
PV04 t_ms=2021181 target=0 count=0 fps=29.4
total took 34.48 ms
PV04 t_ms=2021216 target=0 count=0 fps=28.6
total took 34.73 ms
PV04 t_ms=2021252 target=0 count=0 fps=27.8
total took 36.29 ms
PV04 t_ms=2021288 target=0 count=0 fps=27.8
total took 35.36 ms
PV04 t_ms=2021323 target=0 count=0 fps=28.6
total took 34.79 ms
PV04 t_ms=2021358 target=0 count=0 fps=28.6
total took 35.34 ms
PV04 t_ms=2021394 target=0 count=0 fps=27.8
total took 35.90 ms
PV04 t_ms=2021429 target=0 count=0 fps=28.6
total took 34.41 ms
PV04 t_ms=2021464 target=0 count=0 fps=28.6
total took 34.76 ms
PV04 t_ms=2021500 target=0 count=0 fps=27.8
total took 36.53 ms
PV04 t_ms=2021537 target=0 count=0 fps=27.0
total took 36.73 ms
PV04 t_ms=2021572 target=0 count=0 fps=28.6
total took 34.33 ms
PV04 t_ms=2021607 target=0 count=0 fps=28.6
total took 35.42 ms
PV04 t_ms=2021642 target=0 count=0 fps=28.6
total took 34.62 ms
PV04 t_ms=2021677 target=0 count=0 fps=28.6
total took 35.35 ms
PV04 t_ms=2021712 target=0 count=0 fps=28.6
total took 35.89 ms
PV04 t_ms=2021749 target=0 count=0 fps=27.0
total took 35.50 ms
PV04 t_ms=2021784 target=0 count=0 fps=28.6
total took 35.07 ms
PV04 t_ms=2021819 target=0 count=0 fps=28.6
total took 35.20 ms
PV04 t_ms=2021853 target=0 count=0 fps=29.4
total took 34.75 ms
PV04 t_ms=2021889 target=0 count=0 fps=27.8
total took 37.59 ms
PV04 t_ms=2021925 target=0 count=0 fps=27.8
total took 33.18 ms
PV04 t_ms=2021961 target=0 count=0 fps=27.8
total took 35.90 ms
PV04 t_ms=2021995 target=0 count=0 fps=29.4
total took 33.35 ms
PV04 t_ms=2022030 target=0 count=0 fps=28.6
total took 35.37 ms
PV04 t_ms=2022065 target=0 count=0 fps=28.6
total took 36.36 ms
PV04 t_ms=2022101 target=0 count=0 fps=27.8
total took 34.64 ms
PV04 t_ms=2022138 target=0 count=0 fps=27.0
total took 36.33 ms
PV04 t_ms=2022173 target=0 count=0 fps=28.6
total took 35.36 ms
PV04 t_ms=2022207 target=0 count=0 fps=29.4
total took 33.60 ms
PV04 t_ms=2022243 target=0 count=0 fps=27.8
total took 36.67 ms
PV04 t_ms=2022278 target=0 count=0 fps=28.6
total took 35.45 ms
PV04 t_ms=2022315 target=0 count=0 fps=27.0
total took 35.38 ms
PV04 t_ms=2022350 target=0 count=0 fps=28.6
total took 35.44 ms
PV04 t_ms=2022386 target=0 count=0 fps=27.8
total took 35.32 ms
PV04 t_ms=2022421 target=0 count=0 fps=28.6
total took 34.68 ms
PV04 t_ms=2022455 target=0 count=0 fps=29.4
total took 34.44 ms
PV04 t_ms=2022490 target=0 count=0 fps=28.6
total took 35.39 ms
PV04 t_ms=2022527 target=0 count=0 fps=27.0
total took 35.84 ms
PV04 t_ms=2022563 target=0 count=0 fps=27.8
total took 36.36 ms
PV04 t_ms=2022598 target=0 count=0 fps=28.6
total took 34.77 ms
PV04 t_ms=2022632 target=0 count=0 fps=29.4
total took 34.63 ms
PV04 t_ms=2022667 target=0 count=0 fps=28.6
total took 36.14 ms
PV04 t_ms=2022702 target=0 count=0 fps=28.6
total took 34.70 ms
PV04 t_ms=2022739 target=0 count=0 fps=27.0
total took 35.87 ms
PV04 t_ms=2022775 target=0 count=0 fps=27.8
total took 35.44 ms
PV04 t_ms=2022810 target=0 count=0 fps=28.6
total took 35.04 ms
PV04 t_ms=2022844 target=0 count=0 fps=29.4
total took 34.87 ms
PV04 t_ms=2022879 target=0 count=0 fps=28.6
total took 35.29 ms
PV04 t_ms=2022916 target=0 count=0 fps=27.0
total took 35.19 ms
PV04 t_ms=2022952 target=0 count=0 fps=27.8
total took 36.06 ms
PV04 t_ms=2022988 target=0 count=0 fps=27.8
total took 35.35 ms
PV04 t_ms=2023022 target=0 count=0 fps=29.4
total took 34.33 ms
PV04 t_ms=2023056 target=0 count=0 fps=29.4
total took 36.00 ms
PV04 t_ms=2023092 target=0 count=0 fps=27.8
total took 35.08 ms
PV04 t_ms=2023129 target=0 count=0 fps=27.0
total took 35.58 ms
PV04 t_ms=2023165 target=0 count=0 fps=27.8
total took 35.19 ms
PV04 t_ms=2023200 target=0 count=0 fps=28.6
total took 35.03 ms
PV04 t_ms=2023234 target=0 count=0 fps=29.4
total took 33.86 ms
PV04 t_ms=2023269 target=0 count=0 fps=28.6
total took 36.34 ms
PV04 t_ms=2023305 target=0 count=0 fps=27.8
total took 35.61 ms
PV04 t_ms=2023341 target=0 count=0 fps=27.8
total took 35.39 ms
PV04 t_ms=2023377 target=0 count=0 fps=27.8
total took 35.43 ms
PV04 t_ms=2023412 target=0 count=0 fps=28.6
total took 34.71 ms
PV04 t_ms=2023446 target=0 count=0 fps=29.4
total took 35.87 ms
PV04 t_ms=2023481 target=0 count=0 fps=28.6
total took 35.29 ms
PV04 t_ms=2023519 target=0 count=0 fps=26.3
total took 35.59 ms
PV04 t_ms=2023554 target=0 count=0 fps=28.6
total took 35.21 ms
PV04 t_ms=2023590 target=0 count=0 fps=27.8
total took 35.54 ms
PV04 t_ms=2023623 target=0 count=0 fps=30.3
total took 34.26 ms
PV04 t_ms=2023658 target=0 count=0 fps=28.6
total took 35.57 ms
PV04 t_ms=2023695 target=0 count=0 fps=27.0
total took 35.40 ms
PV04 t_ms=2023731 target=0 count=0 fps=27.8
total took 35.48 ms
PV04 t_ms=2023766 target=0 count=0 fps=28.6
total took 35.47 ms
PV04 t_ms=2023801 target=0 count=0 fps=28.6
total took 34.53 ms
PV04 t_ms=2023835 target=0 count=0 fps=29.4
total took 36.08 ms
PV04 t_ms=2023871 target=0 count=0 fps=27.8
total took 34.22 ms
PV04 t_ms=2023907 target=0 count=0 fps=27.8
total took 36.24 ms
PV04 t_ms=2023943 target=0 count=0 fps=27.8
total took 35.34 ms
PV04 t_ms=2023978 target=0 count=0 fps=28.6
total took 34.75 ms
PV04 t_ms=2024012 target=0 count=0 fps=29.4
total took 35.02 ms
PV04 t_ms=2024048 target=0 count=0 fps=27.8
total took 35.84 ms
PV04 t_ms=2024083 target=0 count=0 fps=28.6
total took 35.36 ms
PV04 t_ms=2024120 target=0 count=0 fps=27.0
total took 35.37 ms
PV04 t_ms=2024157 target=0 count=0 fps=27.0
total took 36.04 ms
PV04 t_ms=2024189 target=0 count=0 fps=31.3
total took 32.51 ms
PV04 t_ms=2024225 target=0 count=0 fps=27.8
total took 37.07 ms
PV04 t_ms=2024260 target=0 count=0 fps=28.6
total took 34.21 ms
PV04 t_ms=2024297 target=0 count=0 fps=27.0
total took 36.51 ms
PV04 t_ms=2024333 target=0 count=0 fps=27.8
total took 35.41 ms
PV04 t_ms=2024368 target=0 count=0 fps=28.6
total took 35.10 ms
PV04 t_ms=2024402 target=0 count=0 fps=29.4
total took 34.45 ms
PV04 t_ms=2024438 target=0 count=0 fps=27.8
total took 35.48 ms
PV04 t_ms=2024472 target=0 count=0 fps=29.4
total took 35.45 ms
PV04 t_ms=2024510 target=0 count=0 fps=26.3
total took 35.94 ms
PV04 t_ms=2024545 target=0 count=0 fps=28.6
total took 35.32 ms
PV04 t_ms=2024580 target=0 count=0 fps=28.6
total took 34.71 ms
PV04 t_ms=2024614 target=0 count=0 fps=29.4
total took 33.90 ms
PV04 t_ms=2024649 target=0 count=0 fps=28.6
total took 36.31 ms
PV04 t_ms=2024686 target=0 count=0 fps=27.0
total took 35.81 ms
PV04 t_ms=2024722 target=0 count=0 fps=27.8
total took 35.58 ms
PV04 t_ms=2024757 target=0 count=0 fps=28.6
total took 35.37 ms
PV04 t_ms=2024792 target=0 count=0 fps=28.6
total took 34.67 ms
PV04 t_ms=2024826 target=0 count=0 fps=29.4
total took 35.86 ms
PV04 t_ms=2024863 target=0 count=0 fps=27.0
total took 36.09 ms
PV04 t_ms=2024898 target=0 count=0 fps=28.6
total took 33.82 ms
PV04 t_ms=2024934 target=0 count=0 fps=27.8
total took 35.89 ms
PV04 t_ms=2024969 target=0 count=0 fps=28.6
total took 34.41 ms
PV04 t_ms=2025003 target=0 count=0 fps=29.4
total took 35.73 ms
PV04 t_ms=2025038 target=0 count=0 fps=28.6
total took 35.21 ms
PV04 t_ms=2025074 target=0 count=0 fps=27.8
total took 35.29 ms
PV04 t_ms=2025111 target=0 count=0 fps=27.0
total took 35.60 ms
PV04 t_ms=2025146 target=0 count=0 fps=28.6
total took 35.20 ms
PV04 t_ms=2025180 target=0 count=0 fps=29.4
total took 33.81 ms
PV04 t_ms=2025216 target=0 count=0 fps=27.8
total took 37.36 ms
PV04 t_ms=2025251 target=0 count=0 fps=28.6
total took 34.81 ms
PV04 t_ms=2025288 target=0 count=0 fps=27.0
total took 35.56 ms
PV04 t_ms=2025322 target=0 count=0 fps=29.4
total took 33.31 ms
PV04 t_ms=2025357 target=0 count=0 fps=28.6
total took 35.45 ms
PV04 t_ms=2025393 target=0 count=0 fps=27.8
total took 36.66 ms
PV04 t_ms=2025428 target=0 count=0 fps=28.6
total took 34.08 ms
PV04 t_ms=2025464 target=0 count=0 fps=27.8
total took 35.93 ms
PV04 t_ms=2025500 target=0 count=0 fps=27.8
total took 35.27 ms
PV04 t_ms=2025534 target=0 count=0 fps=29.4
total took 34.41 ms
PV04 t_ms=2025571 target=0 count=0 fps=27.0
total took 36.74 ms
PV04 t_ms=2025605 target=0 count=0 fps=29.4
total took 33.99 ms
PV04 t_ms=2025642 target=0 count=0 fps=27.0
total took 36.51 ms
PV04 t_ms=2025677 target=0 count=0 fps=28.6
total took 35.25 ms
PV04 t_ms=2025712 target=0 count=0 fps=28.6
total took 35.13 ms
PV04 t_ms=2025748 target=0 count=0 fps=27.8
total took 35.57 ms
PV04 t_ms=2025783 target=0 count=0 fps=28.6
total took 34.61 ms
PV04 t_ms=2025818 target=0 count=0 fps=28.6
total took 35.31 ms
PV04 t_ms=2025853 target=0 count=0 fps=28.6
total took 34.66 ms
PV04 t_ms=2025888 target=0 count=0 fps=28.6
total took 35.41 ms
PV04 t_ms=2025926 target=0 count=0 fps=26.3
total took 37.18 ms
PV04 t_ms=2025961 target=0 count=0 fps=28.6
total took 34.98 ms
PV04 t_ms=2025994 target=0 count=0 fps=30.3
total took 33.49 ms
PV04 t_ms=2026031 target=0 count=0 fps=27.0
total took 36.46 ms
PV04 t_ms=2026066 target=0 count=0 fps=28.6
total took 35.31 ms
PV04 t_ms=2026102 target=0 count=0 fps=27.8
total took 35.95 ms
PV04 t_ms=2026138 target=0 count=0 fps=27.8
total took 35.12 ms
PV04 t_ms=2026172 target=0 count=0 fps=29.4
total took 34.62 ms
PV04 t_ms=2026207 target=0 count=0 fps=28.6
total took 35.03 ms
PV04 t_ms=2026243 target=0 count=0 fps=27.8
total took 35.11 ms
PV04 t_ms=2026278 target=0 count=0 fps=28.6
total took 35.96 ms
PV04 t_ms=2026314 target=0 count=0 fps=27.8
total took 35.54 ms
PV04 t_ms=2026349 target=0 count=0 fps=28.6
total took 34.55 ms
PV04 t_ms=2026384 target=0 count=0 fps=28.6
total took 34.44 ms
PV04 t_ms=2026420 target=0 count=0 fps=27.8
total took 36.62 ms
PV04 t_ms=2026456 target=0 count=0 fps=27.8
total took 35.81 ms
PV04 t_ms=2026492 target=0 count=0 fps=27.8
total took 35.31 ms
PV04 t_ms=2026527 target=0 count=0 fps=28.6
total took 35.21 ms
PV04 t_ms=2026562 target=0 count=0 fps=28.6
total took 35.11 ms
PV04 t_ms=2026596 target=0 count=0 fps=29.4
total took 33.76 ms
PV04 t_ms=2026632 target=0 count=0 fps=27.8
total took 36.16 ms
PV04 t_ms=2026668 target=0 count=0 fps=27.8
total took 36.14 ms
PV04 t_ms=2026704 target=0 count=0 fps=27.8
total took 35.38 ms
PV04 t_ms=2026739 target=0 count=0 fps=28.6
total took 34.45 ms
PV04 t_ms=2026773 target=0 count=0 fps=29.4
total took 35.41 ms
PV04 t_ms=2026808 target=0 count=0 fps=28.6
total took 35.53 ms
PV04 t_ms=2026844 target=0 count=0 fps=27.8
total took 35.21 ms
PV04 t_ms=2026881 target=0 count=0 fps=27.0
total took 35.86 ms
PV04 t_ms=2026916 target=0 count=0 fps=28.6
total took 35.36 ms
PV04 t_ms=2026951 target=0 count=0 fps=28.6
total took 34.56 ms
PV04 t_ms=2026985 target=0 count=0 fps=29.4
total took 35.64 ms
PV04 t_ms=2027021 target=0 count=0 fps=27.8
total took 34.17 ms
PV04 t_ms=2027057 target=0 count=0 fps=27.8
total took 36.03 ms
PV04 t_ms=2027093 target=0 count=0 fps=27.8
total took 35.89 ms
PV04 t_ms=2027128 target=0 count=0 fps=28.6
total took 35.00 ms
PV04 t_ms=2027163 target=0 count=0 fps=28.6
total took 34.29 ms
PV04 t_ms=2027199 target=0 count=0 fps=27.8
total took 35.71 ms
PV04 t_ms=2027234 target=0 count=0 fps=28.6
total took 35.29 ms
PV04 t_ms=2027269 target=0 count=0 fps=28.6
total took 35.10 ms
PV04 t_ms=2027306 target=0 count=0 fps=27.0
total took 36.46 ms
PV04 t_ms=2027341 target=0 count=0 fps=28.6
total took 34.64 ms
PV04 t_ms=2027375 target=0 count=0 fps=29.4
total took 34.15 ms
PV04 t_ms=2027412 target=0 count=0 fps=27.0
total took 36.62 ms
PV04 t_ms=2027447 target=0 count=0 fps=28.6
total took 34.87 ms
PV04 t_ms=2027483 target=0 count=0 fps=27.8
total took 35.82 ms
PV04 t_ms=2027518 target=0 count=0 fps=28.6
total took 35.04 ms
PV04 t_ms=2027553 target=0 count=0 fps=28.6
total took 34.95 ms
PV04 t_ms=2027588 target=0 count=0 fps=28.6
total took 35.18 ms
PV04 t_ms=2027622 target=0 count=0 fps=29.4
total took 35.87 ms
PV04 t_ms=2027659 target=0 count=0 fps=27.0
total took 35.32 ms
PV04 t_ms=2027695 target=0 count=0 fps=27.8
total took 35.16 ms
PV04 t_ms=2027730 target=0 count=0 fps=28.6
total took 35.19 ms
PV04 t_ms=2027764 target=0 count=0 fps=29.4
total took 34.09 ms
PV04 t_ms=2027801 target=0 count=0 fps=27.0
total took 36.35 ms
PV04 t_ms=2027837 target=0 count=0 fps=27.8
total took 36.51 ms
PV04 t_ms=2027872 target=0 count=0 fps=28.6
total took 34.43 ms
PV04 t_ms=2027907 target=0 count=0 fps=28.6
total took 35.03 ms
PV04 t_ms=2027941 target=0 count=0 fps=29.4
total took 35.16 ms
PV04 t_ms=2027978 target=0 count=0 fps=27.0
total took 36.63 ms
PV04 t_ms=2028011 target=0 count=0 fps=30.3
total took 33.94 ms
PV04 t_ms=2028048 target=0 count=0 fps=27.0
total took 35.74 ms
PV04 t_ms=2028084 target=0 count=0 fps=27.8
total took 35.51 ms
PV04 t_ms=2028119 target=0 count=0 fps=28.6
total took 34.21 ms
PV04 t_ms=2028154 target=0 count=0 fps=28.6
total took 34.59 ms
PV04 t_ms=2028189 target=0 count=0 fps=28.6
total took 36.47 ms
PV04 t_ms=2028225 target=0 count=0 fps=27.8
total took 35.35 ms
PV04 t_ms=2028261 target=0 count=0 fps=27.8
total took 35.77 ms
PV04 t_ms=2028295 target=0 count=0 fps=29.4
total took 33.19 ms
PV04 t_ms=2028330 target=0 count=0 fps=28.6
total took 35.41 ms
PV04 t_ms=2028366 target=0 count=0 fps=27.8
total took 37.40 ms
PV04 t_ms=2028401 target=0 count=0 fps=28.6
total took 33.31 ms
PV04 t_ms=2028437 target=0 count=0 fps=27.8
total took 35.39 ms
PV04 t_ms=2028472 target=0 count=0 fps=28.6
total took 35.47 ms
PV04 t_ms=2028507 target=0 count=0 fps=28.6
total took 35.14 ms
PV04 t_ms=2028543 target=0 count=0 fps=27.8
total took 35.57 ms
PV04 t_ms=2028579 target=0 count=0 fps=27.8
total took 35.83 ms
PV04 t_ms=2028613 target=0 count=0 fps=29.4
total took 36.05 ms
PV04 t_ms=2028650 target=0 count=0 fps=27.0
total took 35.18 ms
PV04 t_ms=2028684 target=0 count=0 fps=29.4
total took 33.55 ms
PV04 t_ms=2028720 target=0 count=0 fps=27.8
total took 35.15 ms
PV04 t_ms=2028755 target=0 count=0 fps=28.6
total took 36.78 ms
PV04 t_ms=2028790 target=0 count=0 fps=28.6
total took 34.54 ms
PV04 t_ms=2028827 target=0 count=0 fps=27.0
total took 36.46 ms
PV04 t_ms=2028861 target=0 count=0 fps=29.4
total took 33.43 ms
PV04 t_ms=2028897 target=0 count=0 fps=27.8
total took 35.52 ms
PV04 t_ms=2028932 target=0 count=0 fps=28.6
total took 36.32 ms
PV04 t_ms=2028967 target=0 count=0 fps=28.6
total took 34.16 ms
PV04 t_ms=2029004 target=0 count=0 fps=27.0
total took 36.69 ms
PV04 t_ms=2029039 target=0 count=0 fps=28.6
total took 34.31 ms
PV04 t_ms=2029074 target=0 count=0 fps=28.6
total took 35.21 ms
PV04 t_ms=2029109 target=0 count=0 fps=28.6
total took 35.42 ms
PV04 t_ms=2029144 target=0 count=0 fps=28.6
total took 34.70 ms
PV04 t_ms=2029181 target=0 count=0 fps=27.0
total took 36.24 ms
PV04 t_ms=2029215 target=0 count=0 fps=29.4
total took 34.56 ms
PV04 t_ms=2029252 target=0 count=0 fps=27.0
total took 36.53 ms
PV04 t_ms=2029286 target=0 count=0 fps=29.4
total took 33.95 ms
PV04 t_ms=2029322 target=0 count=0 fps=27.8
total took 36.36 ms
PV04 t_ms=2029358 target=0 count=0 fps=27.8
total took 35.36 ms
PV04 t_ms=2029393 target=0 count=0 fps=28.6
total took 35.42 ms
PV04 t_ms=2029428 target=0 count=0 fps=28.6
total took 34.59 ms
PV04 t_ms=2029464 target=0 count=0 fps=27.8
total took 36.10 ms
PV04 t_ms=2029499 target=0 count=0 fps=28.6
total took 34.58 ms
PV04 t_ms=2029535 target=0 count=0 fps=27.8
total took 35.97 ms
PV04 t_ms=2029570 target=0 count=0 fps=28.6
total took 35.05 ms
PV04 t_ms=2029606 target=0 count=0 fps=27.8
total took 35.51 ms
PV04 t_ms=2029642 target=0 count=0 fps=27.8
total took 36.09 ms
PV04 t_ms=2029677 target=0 count=0 fps=28.6
total took 35.24 ms
PV04 t_ms=2029712 target=0 count=0 fps=28.6
total took 34.29 ms
PV04 t_ms=2029746 target=0 count=0 fps=29.4
total took 36.03 ms
PV04 t_ms=2029781 target=0 count=0 fps=28.6
total took 35.10 ms
PV04 t_ms=2029818 target=0 count=0 fps=27.0
total took 35.29 ms
PV04 t_ms=2029854 target=0 count=0 fps=27.8
total took 35.68 ms
PV04 t_ms=2029889 target=0 count=0 fps=28.6
total took 34.39 ms
PV04 t_ms=2029923 target=0 count=0 fps=29.4
total took 34.53 ms
PV04 t_ms=2029959 target=0 count=0 fps=27.8
total took 36.46 ms
PV04 t_ms=2029998 target=0 count=0 fps=25.6
total took 37.52 ms
PV04 t_ms=2030031 target=0 count=0 fps=30.3
total took 33.28 ms
PV04 t_ms=2030066 target=0 count=0 fps=28.6
total took 35.44 ms
PV04 t_ms=2030101 target=0 count=0 fps=28.6
total took 34.63 ms
PV04 t_ms=2030135 target=0 count=0 fps=29.4
total took 34.18 ms
PV04 t_ms=2030170 target=0 count=0 fps=28.6
total took 35.52 ms
PV04 t_ms=2030207 target=0 count=0 fps=27.0
total took 36.57 ms
PV04 t_ms=2030243 target=0 count=0 fps=27.8
total took 35.33 ms
PV04 t_ms=2030278 target=0 count=0 fps=28.6
total took 35.07 ms
PV04 t_ms=2030313 target=0 count=0 fps=28.6
total took 34.28 ms
PV04 t_ms=2030348 target=0 count=0 fps=28.6
total took 36.66 ms
PV04 t_ms=2030385 target=0 count=0 fps=27.0
total took 35.48 ms
PV04 t_ms=2030420 target=0 count=0 fps=28.6
total took 35.16 ms
PV04 t_ms=2030454 target=0 count=0 fps=29.4
total took 33.48 ms
PV04 t_ms=2030489 target=0 count=0 fps=28.6
total took 35.12 ms
PV04 t_ms=2030525 target=0 count=0 fps=27.8
total took 36.86 ms
PV04 t_ms=2030560 target=0 count=0 fps=28.6
total took 34.61 ms
PV04 t_ms=2030597 target=0 count=0 fps=27.0
total took 36.17 ms
PV04 t_ms=2030633 target=0 count=0 fps=27.8
total took 35.52 ms
PV04 t_ms=2030666 target=0 count=0 fps=30.3
total took 33.42 ms
PV04 t_ms=2030702 target=0 count=0 fps=27.8
total took 36.43 ms
PV04 t_ms=2030737 target=0 count=0 fps=28.6
total took 36.12 ms
PV04 t_ms=2030772 target=0 count=0 fps=28.6
total took 34.90 ms
PV04 t_ms=2030810 target=0 count=0 fps=26.3
total took 35.54 ms
PV04 t_ms=2030845 target=0 count=0 fps=28.6
total took 35.25 ms
PV04 t_ms=2030880 target=0 count=0 fps=28.6
total took 34.86 ms
PV04 t_ms=2030914 target=0 count=0 fps=29.4
total took 34.18 ms
PV04 t_ms=2030950 target=0 count=0 fps=27.8
total took 36.15 ms
PV04 t_ms=2030986 target=0 count=0 fps=27.8
total took 35.29 ms
PV04 t_ms=2031023 target=0 count=0 fps=27.0
total took 36.82 ms
PV04 t_ms=2031057 target=0 count=0 fps=29.4
total took 34.22 ms
PV04 t_ms=2031092 target=0 count=0 fps=28.6
total took 34.74 ms
PV04 t_ms=2031126 target=0 count=0 fps=29.4
total took 36.13 ms
PV04 t_ms=2031162 target=0 count=0 fps=27.8
total took 34.94 ms
PV04 t_ms=2031199 target=0 count=0 fps=27.0
total took 35.73 ms
PV04 t_ms=2031235 target=0 count=0 fps=27.8
total took 35.37 ms
PV04 t_ms=2031269 target=0 count=0 fps=29.4
total took 34.21 ms
PV04 t_ms=2031304 target=0 count=0 fps=28.6
total took 34.42 ms
PV04 t_ms=2031340 target=0 count=0 fps=27.8
total took 36.52 ms
PV04 t_ms=2031376 target=0 count=0 fps=27.8
total took 35.79 ms
PV04 t_ms=2031411 target=0 count=0 fps=28.6
total took 34.98 ms
PV04 t_ms=2031447 target=0 count=0 fps=27.8
total took 35.44 ms
PV04 t_ms=2031481 target=0 count=0 fps=29.4
total took 34.54 ms
PV04 t_ms=2031516 target=0 count=0 fps=28.6
total took 34.61 ms
PV04 t_ms=2031551 target=0 count=0 fps=28.6
total took 35.53 ms
PV04 t_ms=2031588 target=0 count=0 fps=27.0
total took 36.44 ms
PV04 t_ms=2031624 target=0 count=0 fps=27.8
total took 35.48 ms
PV04 t_ms=2031659 target=0 count=0 fps=28.6
total took 34.66 ms
PV04 t_ms=2031693 target=0 count=0 fps=29.4
total took 35.27 ms
PV04 t_ms=2031728 target=0 count=0 fps=28.6
total took 35.62 ms
PV04 t_ms=2031763 target=0 count=0 fps=28.6
total took 35.10 ms
PV04 t_ms=2031800 target=0 count=0 fps=27.0
total took 35.53 ms
PV04 t_ms=2031836 target=0 count=0 fps=27.8
total took 35.53 ms
PV04 t_ms=2031871 target=0 count=0 fps=28.6
total took 34.81 ms
PV04 t_ms=2031905 target=0 count=0 fps=29.4
total took 34.15 ms
PV04 t_ms=2031941 target=0 count=0 fps=27.8
total took 35.88 ms
PV04 t_ms=2031977 target=0 count=0 fps=27.8
total took 36.35 ms
PV04 t_ms=2032014 target=0 count=0 fps=27.0
total took 36.34 ms
PV04 t_ms=2032048 target=0 count=0 fps=29.4
total took 34.11 ms
PV04 t_ms=2032083 target=0 count=0 fps=28.6
total took 34.15 ms
PV04 t_ms=2032117 target=0 count=0 fps=29.4
total took 36.37 ms
PV04 t_ms=2032153 target=0 count=0 fps=27.8
total took 34.85 ms
PV04 t_ms=2032189 target=0 count=0 fps=27.8
total took 35.48 ms
PV04 t_ms=2032226 target=0 count=0 fps=27.0
total took 35.89 ms
PV04 t_ms=2032260 target=0 count=0 fps=29.4
total took 34.64 ms
PV04 t_ms=2032295 target=0 count=0 fps=28.6
total took 34.27 ms
PV04 t_ms=2032330 target=0 count=0 fps=28.6
total took 35.82 ms
PV04 t_ms=2032366 target=0 count=0 fps=27.8
total took 35.89 ms
PV04 t_ms=2032403 target=0 count=0 fps=27.0
total took 35.69 ms
PV04 t_ms=2032438 target=0 count=0 fps=28.6
total took 35.33 ms
PV04 t_ms=2032471 target=0 count=0 fps=30.3
total took 34.46 ms
PV04 t_ms=2032507 target=0 count=0 fps=27.8
total took 36.00 ms
PV04 t_ms=2032542 target=0 count=0 fps=28.6
total took 34.52 ms
PV04 t_ms=2032579 target=0 count=0 fps=27.0
total took 36.08 ms
PV04 t_ms=2032615 target=0 count=0 fps=27.8
total took 35.38 ms
PV04 t_ms=2032648 target=0 count=0 fps=30.3
total took 33.29 ms
PV04 t_ms=2032684 target=0 count=0 fps=27.8
total took 36.45 ms
PV04 t_ms=2032719 target=0 count=0 fps=28.6
total took 35.23 ms
PV04 t_ms=2032755 target=0 count=0 fps=27.8
total took 35.26 ms
PV04 t_ms=2032792 target=0 count=0 fps=27.0
total took 35.88 ms
PV04 t_ms=2032827 target=0 count=0 fps=28.6
total took 35.56 ms
PV04 t_ms=2032862 target=0 count=0 fps=28.6
total took 34.78 ms
PV04 t_ms=2032896 target=0 count=0 fps=29.4
total took 35.59 ms
PV04 t_ms=2032932 target=0 count=0 fps=27.8
total took 35.07 ms
PV04 t_ms=2032968 target=0 count=0 fps=27.8
total took 35.27 ms
PV04 t_ms=2033004 target=0 count=0 fps=27.8
total took 35.73 ms
PV04 t_ms=2033039 target=0 count=0 fps=28.6
total took 34.47 ms
PV04 t_ms=2033073 target=0 count=0 fps=29.4
total took 36.35 ms
PV04 t_ms=2033108 target=0 count=0 fps=28.6
total took 34.37 ms
PV04 t_ms=2033144 target=0 count=0 fps=27.8
total took 35.26 ms
PV04 t_ms=2033181 target=0 count=0 fps=27.0
total took 36.01 ms
PV04 t_ms=2033215 target=0 count=0 fps=29.4
total took 33.26 ms
PV04 t_ms=2033250 target=0 count=0 fps=28.6
total took 35.35 ms
PV04 t_ms=2033286 target=0 count=0 fps=27.8
total took 37.23 ms
PV04 t_ms=2033321 target=0 count=0 fps=28.6
total took 34.32 ms
PV04 t_ms=2033356 target=0 count=0 fps=28.6
total took 34.28 ms
PV04 t_ms=2033392 target=0 count=0 fps=27.8
total took 35.28 ms
PV04 t_ms=2033427 target=0 count=0 fps=28.6
total took 35.20 ms
PV04 t_ms=2033463 target=0 count=0 fps=27.8
total took 36.89 ms
PV04 t_ms=2033498 target=0 count=0 fps=28.6
total took 35.60 ms
PV04 t_ms=2033533 target=0 count=0 fps=28.6
total took 34.96 ms
PV04 t_ms=2033569 target=0 count=0 fps=27.8
total took 33.75 ms
PV04 t_ms=2033604 target=0 count=0 fps=28.6
total took 35.21 ms
PV04 t_ms=2033640 target=0 count=0 fps=27.8
total took 35.47 ms
PV04 t_ms=2033675 target=0 count=0 fps=28.6
total took 36.67 ms
PV04 t_ms=2033710 target=0 count=0 fps=28.6
total took 34.58 ms
PV04 t_ms=2033747 target=0 count=0 fps=27.0
total took 36.25 ms
PV04 t_ms=2033783 target=0 count=0 fps=27.8
total took 35.41 ms
PV04 t_ms=2033818 target=0 count=0 fps=28.6
total took 35.17 ms
PV04 t_ms=2033853 target=0 count=0 fps=28.6
total took 34.44 ms
PV04 t_ms=2033887 target=0 count=0 fps=29.4
total took 36.29 ms
PV04 t_ms=2033923 target=0 count=0 fps=27.8
total took 35.01 ms
PV04 t_ms=2033959 target=0 count=0 fps=27.8
total took 35.32 ms
PV04 t_ms=2033995 target=0 count=0 fps=27.8
total took 35.33 ms
PV04 t_ms=2034030 target=0 count=0 fps=28.6
total took 37.16 ms
PV04 t_ms=2034064 target=0 count=0 fps=29.4
total took 32.93 ms
PV04 t_ms=2034099 target=0 count=0 fps=28.6
total took 35.17 ms
PV04 t_ms=2034136 target=0 count=0 fps=27.0
total took 36.23 ms
PV04 t_ms=2034172 target=0 count=0 fps=27.8
total took 35.15 ms
PV04 t_ms=2034208 target=0 count=0 fps=27.8
total took 35.27 ms
PV04 t_ms=2034242 target=0 count=0 fps=29.4
total took 34.57 ms
PV04 t_ms=2034277 target=0 count=0 fps=28.6
total took 34.22 ms
PV04 t_ms=2034311 target=0 count=0 fps=29.4
total took 35.40 ms
PV04 t_ms=2034348 target=0 count=0 fps=27.0
total took 36.70 ms
PV04 t_ms=2034384 target=0 count=0 fps=27.8
total took 35.37 ms
PV04 t_ms=2034419 target=0 count=0 fps=28.6
total took 34.47 ms
PV04 t_ms=2034454 target=0 count=0 fps=28.6
total took 34.67 ms
PV04 t_ms=2034489 target=0 count=0 fps=28.6
total took 36.39 ms
PV04 t_ms=2034525 target=0 count=0 fps=27.8
total took 35.46 ms
PV04 t_ms=2034562 target=0 count=0 fps=27.0
total took 35.70 ms
PV04 t_ms=2034597 target=0 count=0 fps=28.6
total took 35.22 ms
PV04 t_ms=2034632 target=0 count=0 fps=28.6
total took 34.52 ms
PV04 t_ms=2034666 target=0 count=0 fps=29.4
total took 35.45 ms
PV04 t_ms=2034701 target=0 count=0 fps=28.6
total took 34.50 ms
PV04 t_ms=2034738 target=0 count=0 fps=27.0
total took 36.43 ms
PV04 t_ms=2034774 target=0 count=0 fps=27.8
total took 35.45 ms
PV04 t_ms=2034809 target=0 count=0 fps=28.6
total took 34.47 ms
PV04 t_ms=2034843 target=0 count=0 fps=29.4
total took 35.47 ms
PV04 t_ms=2034878 target=0 count=0 fps=28.6
total took 35.62 ms
PV04 t_ms=2034913 target=0 count=0 fps=28.6
total took 34.92 ms
PV04 t_ms=2034951 target=0 count=0 fps=26.3
total took 36.02 ms
PV04 t_ms=2034986 target=0 count=0 fps=28.6
total took 35.35 ms
PV04 t_ms=2035021 target=0 count=0 fps=28.6
total took 34.59 ms
PV04 t_ms=2035056 target=0 count=0 fps=28.6
total took 34.25 ms
PV04 t_ms=2035090 target=0 count=0 fps=29.4
total took 35.45 ms
PV04 t_ms=2035127 target=0 count=0 fps=27.0
total took 36.49 ms
PV04 t_ms=2035163 target=0 count=0 fps=27.8
total took 35.21 ms
PV04 t_ms=2035198 target=0 count=0 fps=28.6
total took 35.08 ms
PV04 t_ms=2035233 target=0 count=0 fps=28.6
total took 34.67 ms
PV04 t_ms=2035267 target=0 count=0 fps=29.4
total took 36.08 ms
PV04 t_ms=2035303 target=0 count=0 fps=27.8
total took 34.99 ms
PV04 t_ms=2035340 target=0 count=0 fps=27.0
total took 35.93 ms
PV04 t_ms=2035376 target=0 count=0 fps=27.8
total took 35.26 ms
PV04 t_ms=2035409 target=0 count=0 fps=30.3
total took 33.34 ms
PV04 t_ms=2035445 target=0 count=0 fps=27.8
total took 37.04 ms
PV04 t_ms=2035480 target=0 count=0 fps=28.6
total took 34.42 ms
PV04 t_ms=2035516 target=0 count=0 fps=27.8
total took 35.77 ms
PV04 t_ms=2035552 target=0 count=0 fps=27.8
total took 35.63 ms
PV04 t_ms=2035588 target=0 count=0 fps=27.8
total took 35.41 ms
PV04 t_ms=2035622 target=0 count=0 fps=29.4
total took 34.39 ms
PV04 t_ms=2035658 target=0 count=0 fps=27.8
total took 35.17 ms
PV04 t_ms=2035692 target=0 count=0 fps=29.4
total took 35.72 ms
PV04 t_ms=2035729 target=0 count=0 fps=27.0
total took 36.06 ms
PV04 t_ms=2035765 target=0 count=0 fps=27.8
total took 35.19 ms
PV04 t_ms=2035800 target=0 count=0 fps=28.6
total took 35.16 ms
PV04 t_ms=2035834 target=0 count=0 fps=29.4
total took 33.52 ms
PV04 t_ms=2035870 target=0 count=0 fps=27.8
total took 36.29 ms
PV04 t_ms=2035906 target=0 count=0 fps=27.8
total took 35.77 ms
PV04 t_ms=2035942 target=0 count=0 fps=27.8
total took 35.32 ms
PV04 t_ms=2035977 target=0 count=0 fps=28.6
total took 35.45 ms
PV04 t_ms=2036012 target=0 count=0 fps=28.6
total took 34.68 ms
PV04 t_ms=2036046 target=0 count=0 fps=29.4
total took 34.32 ms
PV04 t_ms=2036081 target=0 count=0 fps=28.6
total took 35.43 ms
PV04 t_ms=2036118 target=0 count=0 fps=27.0
total took 36.85 ms
PV04 t_ms=2036154 target=0 count=0 fps=27.8
total took 35.16 ms
PV04 t_ms=2036189 target=0 count=0 fps=28.6
total took 34.64 ms
PV04 t_ms=2036224 target=0 count=0 fps=28.6
total took 34.65 ms
PV04 t_ms=2036261 target=0 count=0 fps=27.0
total took 37.00 ms
PV04 t_ms=2036295 target=0 count=0 fps=29.4
total took 35.01 ms
PV04 t_ms=2036331 target=0 count=0 fps=27.8
total took 35.14 ms
PV04 t_ms=2036366 target=0 count=0 fps=28.6
total took 35.23 ms
PV04 t_ms=2036401 target=0 count=0 fps=28.6
total took 34.68 ms
PV04 t_ms=2036436 target=0 count=0 fps=28.6
total took 34.51 ms
PV04 t_ms=2036472 target=0 count=0 fps=27.8
total took 36.48 ms
PV04 t_ms=2036507 target=0 count=0 fps=28.6
total took 34.19 ms
PV04 t_ms=2036541 target=0 count=0 fps=29.4
total took 34.51 ms
PV04 t_ms=2036578 target=0 count=0 fps=27.0
total took 36.87 ms
PV04 t_ms=2036613 target=0 count=0 fps=28.6
total took 34.72 ms
PV04 t_ms=2036649 target=0 count=0 fps=27.8
total took 35.70 ms
PV04 t_ms=2036685 target=0 count=0 fps=27.8
total took 35.57 ms
PV04 t_ms=2036720 target=0 count=0 fps=28.6
total took 35.21 ms
PV04 t_ms=2036756 target=0 count=0 fps=27.8
total took 36.10 ms
PV04 t_ms=2036791 target=0 count=0 fps=28.6
total took 34.57 ms
PV04 t_ms=2036825 target=0 count=0 fps=29.4
total took 34.18 ms
PV04 t_ms=2036861 target=0 count=0 fps=27.8
total took 35.95 ms
PV04 t_ms=2036897 target=0 count=0 fps=27.8
total took 35.31 ms
PV04 t_ms=2036931 target=0 count=0 fps=29.4
total took 34.43 ms
PV04 t_ms=2036968 target=0 count=0 fps=27.0
total took 36.80 ms
PV04 t_ms=2037003 target=0 count=0 fps=28.6
total took 34.45 ms
PV04 t_ms=2037038 target=0 count=0 fps=28.6
total took 35.51 ms
PV04 t_ms=2037074 target=0 count=0 fps=27.8
total took 35.76 ms
PV04 t_ms=2037109 target=0 count=0 fps=28.6
total took 35.08 ms
PV04 t_ms=2037145 target=0 count=0 fps=27.8
total took 35.96 ms
PV04 t_ms=2037180 target=0 count=0 fps=28.6
total took 35.08 ms
PV04 t_ms=2037214 target=0 count=0 fps=29.4
total took 33.41 ms
PV04 t_ms=2037251 target=0 count=0 fps=27.0
total took 36.48 ms
PV04 t_ms=2037286 target=0 count=0 fps=28.6
total took 34.80 ms
PV04 t_ms=2037323 target=0 count=0 fps=27.0
total took 36.85 ms
PV04 t_ms=2037357 target=0 count=0 fps=29.4
total took 34.70 ms
PV04 t_ms=2037392 target=0 count=0 fps=28.6
total took 34.58 ms
PV04 t_ms=2037427 target=0 count=0 fps=28.6
total took 34.50 ms
PV04 t_ms=2037463 target=0 count=0 fps=27.8
total took 36.22 ms
PV04 t_ms=2037498 target=0 count=0 fps=28.6
total took 35.00 ms
PV04 t_ms=2037534 target=0 count=0 fps=27.8
total took 35.97 ms
PV04 t_ms=2037569 target=0 count=0 fps=28.6
total took 34.84 ms
PV04 t_ms=2037604 target=0 count=0 fps=28.6
total took 34.71 ms
PV04 t_ms=2037640 target=0 count=0 fps=27.8
total took 35.98 ms
PV04 t_ms=2037675 target=0 count=0 fps=28.6
total took 35.47 ms
PV04 t_ms=2037710 target=0 count=0 fps=28.6
total took 34.36 ms
PV04 t_ms=2037747 target=0 count=0 fps=27.0
total took 36.98 ms
PV04 t_ms=2037781 target=0 count=0 fps=29.4
total took 34.32 ms
PV04 t_ms=2037816 target=0 count=0 fps=28.6
total took 34.24 ms
PV04 t_ms=2037852 target=0 count=0 fps=27.8
total took 36.55 ms
PV04 t_ms=2037887 target=0 count=0 fps=28.6
total took 34.62 ms
PV04 t_ms=2037924 target=0 count=0 fps=27.0
total took 36.60 ms
PV04 t_ms=2037959 target=0 count=0 fps=28.6
total took 34.59 ms
PV04 t_ms=2037993 target=0 count=0 fps=29.4
total took 34.45 ms
PV04 t_ms=2038029 target=0 count=0 fps=27.8
total took 35.97 ms
PV04 t_ms=2038065 target=0 count=0 fps=27.8
total took 35.41 ms
PV04 t_ms=2038101 target=0 count=0 fps=27.8
total took 36.79 ms
PV04 t_ms=2038136 target=0 count=0 fps=28.6
total took 34.20 ms
PV04 t_ms=2038171 target=0 count=0 fps=28.6
total took 34.83 ms
PV04 t_ms=2038205 target=0 count=0 fps=29.4
total took 34.29 ms
PV04 t_ms=2038240 target=0 count=0 fps=28.6
total took 35.83 ms
PV04 t_ms=2038277 target=0 count=0 fps=27.0
total took 36.01 ms
PV04 t_ms=2038313 target=0 count=0 fps=27.8
total took 35.85 ms
PV04 t_ms=2038348 target=0 count=0 fps=28.6
total took 35.09 ms
PV04 t_ms=2038383 target=0 count=0 fps=28.6
total took 34.16 ms
PV04 t_ms=2038419 target=0 count=0 fps=27.8
total took 35.81 ms
PV04 t_ms=2038454 target=0 count=0 fps=28.6
total took 35.63 ms
PV04 t_ms=2038489 target=0 count=0 fps=28.6
total took 35.54 ms
PV04 t_ms=2038525 target=0 count=0 fps=27.8
total took 35.42 ms
PV04 t_ms=2038560 target=0 count=0 fps=28.6
total took 34.79 ms
PV04 t_ms=2038594 target=0 count=0 fps=29.4
total took 33.77 ms
PV04 t_ms=2038631 target=0 count=0 fps=27.0
total took 36.48 ms
PV04 t_ms=2038666 target=0 count=0 fps=28.6
total took 34.58 ms
PV04 t_ms=2038703 target=0 count=0 fps=27.0
total took 36.94 ms
PV04 t_ms=2038738 target=0 count=0 fps=28.6
total took 35.16 ms
PV04 t_ms=2038773 target=0 count=0 fps=28.6
total took 34.63 ms
PV04 t_ms=2038808 target=0 count=0 fps=28.6
total took 35.35 ms
PV04 t_ms=2038844 target=0 count=0 fps=27.8
total took 35.60 ms
PV04 t_ms=2038879 target=0 count=0 fps=28.6
total took 35.04 ms
PV04 t_ms=2038915 target=0 count=0 fps=27.8
total took 35.67 ms
PV04 t_ms=2038949 target=0 count=0 fps=29.4
total took 34.44 ms
PV04 t_ms=2038984 target=0 count=0 fps=28.6
total took 34.57 ms
PV04 t_ms=2039020 target=0 count=0 fps=27.8
total took 36.31 ms
PV04 t_ms=2039056 target=0 count=0 fps=27.8
total took 35.33 ms
PV04 t_ms=2039092 target=0 count=0 fps=27.8
total took 36.00 ms
PV04 t_ms=2039127 target=0 count=0 fps=28.6
total took 35.19 ms
PV04 t_ms=2039162 target=0 count=0 fps=28.6
total took 34.45 ms
PV04 t_ms=2039196 target=0 count=0 fps=29.4
total took 34.62 ms
PV04 t_ms=2039233 target=0 count=0 fps=27.0
total took 36.29 ms
PV04 t_ms=2039267 target=0 count=0 fps=29.4
total took 34.51 ms
PV04 t_ms=2039304 target=0 count=0 fps=27.0
total took 36.77 ms
PV04 t_ms=2039339 target=0 count=0 fps=28.6
total took 34.44 ms
PV04 t_ms=2039373 target=0 count=0 fps=29.4
total took 34.36 ms
PV04 t_ms=2039410 target=0 count=0 fps=27.0
total took 36.24 ms
PV04 t_ms=2039444 target=0 count=0 fps=29.4
total took 34.50 ms
PV04 t_ms=2039481 target=0 count=0 fps=27.0
total took 36.49 ms
PV04 t_ms=2039517 target=0 count=0 fps=27.8
total took 35.49 ms
PV04 t_ms=2039551 target=0 count=0 fps=29.4
total took 34.71 ms
PV04 t_ms=2039586 target=0 count=0 fps=28.6
total took 34.49 ms
PV04 t_ms=2039622 target=0 count=0 fps=27.8
total took 36.33 ms
PV04 t_ms=2039657 target=0 count=0 fps=28.6
total took 35.21 ms
PV04 t_ms=2039694 target=0 count=0 fps=27.0
total took 36.14 ms
PV04 t_ms=2039729 target=0 count=0 fps=28.6
total took 34.56 ms
PV04 t_ms=2039763 target=0 count=0 fps=29.4
total took 34.36 ms
PV04 t_ms=2039799 target=0 count=0 fps=27.8
total took 35.54 ms
PV04 t_ms=2039833 target=0 count=0 fps=29.4
total took 35.84 ms
PV04 t_ms=2039870 target=0 count=0 fps=27.0
total took 35.97 ms
PV04 t_ms=2039906 target=0 count=0 fps=27.8
total took 35.17 ms
PV04 t_ms=2039941 target=0 count=0 fps=28.6
total took 34.72 ms
PV04 t_ms=2039975 target=0 count=0 fps=29.4
total took 35.74 ms
PV04 t_ms=2040010 target=0 count=0 fps=28.6
total took 34.22 ms
PV04 t_ms=2040047 target=0 count=0 fps=27.0
total took 35.62 ms
PV04 t_ms=2040083 target=0 count=0 fps=27.8
total took 36.32 ms
PV04 t_ms=2040120 target=0 count=0 fps=27.0
total took 36.18 ms
PV04 t_ms=2040153 target=0 count=0 fps=30.3
total took 33.27 ms
PV04 t_ms=2040187 target=0 count=0 fps=29.4
total took 35.98 ms
PV04 t_ms=2040223 target=0 count=0 fps=27.8
total took 34.94 ms
PV04 t_ms=2040259 target=0 count=0 fps=27.8
total took 35.75 ms
PV04 t_ms=2040295 target=0 count=0 fps=27.8
total took 35.35 ms
PV04 t_ms=2040329 target=0 count=0 fps=29.4
total took 33.22 ms
PV04 t_ms=2040364 target=0 count=0 fps=28.6
total took 36.75 ms
PV04 t_ms=2040400 target=0 count=0 fps=27.8
total took 35.11 ms
PV04 t_ms=2040436 target=0 count=0 fps=27.8
total took 35.50 ms
PV04 t_ms=2040472 target=0 count=0 fps=27.8
total took 35.96 ms
PV04 t_ms=2040508 target=0 count=0 fps=27.8
total took 35.27 ms
PV04 t_ms=2040542 target=0 count=0 fps=29.4
total took 34.69 ms
PV04 t_ms=2040578 target=0 count=0 fps=27.8
total took 35.29 ms
PV04 t_ms=2040612 target=0 count=0 fps=29.4
total took 35.41 ms
PV04 t_ms=2040649 target=0 count=0 fps=27.0
total took 35.76 ms
PV04 t_ms=2040685 target=0 count=0 fps=27.8
total took 35.36 ms
PV04 t_ms=2040719 target=0 count=0 fps=29.4
total took 34.34 ms
PV04 t_ms=2040754 target=0 count=0 fps=28.6
total took 34.55 ms
PV04 t_ms=2040789 target=0 count=0 fps=28.6
total took 36.33 ms
PV04 t_ms=2040825 target=0 count=0 fps=27.8
total took 35.36 ms
PV04 t_ms=2040862 target=0 count=0 fps=27.0
total took 35.88 ms
PV04 t_ms=2040897 target=0 count=0 fps=28.6
total took 35.30 ms
PV04 t_ms=2040932 target=0 count=0 fps=28.6
total took 34.56 ms
PV04 t_ms=2040966 target=0 count=0 fps=29.4
total took 35.68 ms
PV04 t_ms=2041001 target=0 count=0 fps=28.6
total took 34.17 ms
PV04 t_ms=2041038 target=0 count=0 fps=27.0
total took 36.33 ms
PV04 t_ms=2041074 target=0 count=0 fps=27.8
total took 35.35 ms
PV04 t_ms=2041109 target=0 count=0 fps=28.6
total took 34.86 ms
PV04 t_ms=2041143 target=0 count=0 fps=29.4
total took 34.15 ms
PV04 t_ms=2041179 target=0 count=0 fps=27.8
total took 36.03 ms
PV04 t_ms=2041214 target=0 count=0 fps=28.6
total took 35.70 ms
PV04 t_ms=2041251 target=0 count=0 fps=27.0
total took 35.89 ms
PV04 t_ms=2041286 target=0 count=0 fps=28.6
total took 35.42 ms
PV04 t_ms=2041321 target=0 count=0 fps=28.6
total took 34.54 ms
PV04 t_ms=2041356 target=0 count=0 fps=28.6
total took 34.30 ms
PV04 t_ms=2041392 target=0 count=0 fps=27.8
total took 36.40 ms
PV04 t_ms=2041428 target=0 count=0 fps=27.8
total took 36.75 ms
PV04 t_ms=2041463 target=0 count=0 fps=28.6
total took 33.98 ms
PV04 t_ms=2041498 target=0 count=0 fps=28.6
total took 35.56 ms
PV04 t_ms=2041533 target=0 count=0 fps=28.6
total took 34.36 ms
PV04 t_ms=2041567 target=0 count=0 fps=29.4
total took 36.03 ms
PV04 t_ms=2041603 target=0 count=0 fps=27.8
total took 34.70 ms
PV04 t_ms=2041640 target=0 count=0 fps=27.0
total took 36.11 ms
PV04 t_ms=2041676 target=0 count=0 fps=27.8
total took 35.37 ms
PV04 t_ms=2041711 target=0 count=0 fps=28.6
total took 34.76 ms
PV04 t_ms=2041745 target=0 count=0 fps=29.4
total took 34.14 ms
PV04 t_ms=2041780 target=0 count=0 fps=28.6
total took 36.01 ms
PV04 t_ms=2041817 target=0 count=0 fps=27.0
total took 36.02 ms
PV04 t_ms=2041853 target=0 count=0 fps=27.8
total took 35.42 ms
PV04 t_ms=2041888 target=0 count=0 fps=28.6
total took 35.13 ms
PV04 t_ms=2041921 target=0 count=0 fps=30.3
total took 33.32 ms
PV04 t_ms=2041957 target=0 count=0 fps=27.8
total took 36.22 ms
PV04 t_ms=2041992 target=0 count=0 fps=28.6
total took 35.04 ms
PV04 t_ms=2042029 target=0 count=0 fps=27.0
total took 35.38 ms
PV04 t_ms=2042065 target=0 count=0 fps=27.8
total took 35.39 ms
PV04 t_ms=2042099 target=0 count=0 fps=29.4
total took 34.28 ms
PV04 t_ms=2042134 target=0 count=0 fps=28.6
total took 38.33 ms
PV04 t_ms=2042169 target=0 count=0 fps=28.6
total took 32.73 ms
PV04 t_ms=2042206 target=0 count=0 fps=27.0
total took 35.50 ms
PV04 t_ms=2042242 target=0 count=0 fps=27.8
total took 35.58 ms
PV04 t_ms=2042277 target=0 count=0 fps=28.6
total took 35.25 ms
PV04 t_ms=2042312 target=0 count=0 fps=28.6
total took 34.52 ms
PV04 t_ms=2042347 target=0 count=0 fps=28.6
total took 34.67 ms
PV04 t_ms=2042382 target=0 count=0 fps=28.6
total took 36.66 ms
PV04 t_ms=2042419 target=0 count=0 fps=27.0
total took 35.59 ms
PV04 t_ms=2042454 target=0 count=0 fps=28.6
total took 34.78 ms
PV04 t_ms=2042489 target=0 count=0 fps=28.6
total took 34.90 ms
PV04 t_ms=2042524 target=0 count=0 fps=28.6
total took 34.61 ms
PV04 t_ms=2042559 target=0 count=0 fps=28.6
total took 36.36 ms
PV04 t_ms=2042594 target=0 count=0 fps=28.6
total took 35.33 ms
PV04 t_ms=2042631 target=0 count=0 fps=27.0
total took 35.57 ms
PV04 t_ms=2042667 target=0 count=0 fps=27.8
total took 35.18 ms
PV04 t_ms=2042701 target=0 count=0 fps=29.4
total took 34.76 ms
PV04 t_ms=2042735 target=0 count=0 fps=29.4
total took 35.53 ms
PV04 t_ms=2042771 target=0 count=0 fps=27.8
total took 34.32 ms
PV04 t_ms=2042808 target=0 count=0 fps=27.0
total took 36.40 ms
PV04 t_ms=2042844 target=0 count=0 fps=27.8
total took 35.40 ms
PV04 t_ms=2042879 target=0 count=0 fps=28.6
total took 34.91 ms
PV04 t_ms=2042912 target=0 count=0 fps=30.3
total took 34.83 ms
PV04 t_ms=2042948 target=0 count=0 fps=27.8
total took 36.09 ms
PV04 t_ms=2042983 target=0 count=0 fps=28.6
total took 34.96 ms
PV04 t_ms=2043021 target=0 count=0 fps=26.3
total took 35.92 ms
PV04 t_ms=2043056 target=0 count=0 fps=28.6
total took 35.34 ms
PV04 t_ms=2043091 target=0 count=0 fps=28.6
total took 35.04 ms
PV04 t_ms=2043125 target=0 count=0 fps=29.4
total took 34.78 ms
PV04 t_ms=2043160 target=0 count=0 fps=28.6
total took 34.70 ms
PV04 t_ms=2043197 target=0 count=0 fps=27.0
total took 35.68 ms
PV04 t_ms=2043233 target=0 count=0 fps=27.8
total took 36.06 ms
PV04 t_ms=2043268 target=0 count=0 fps=28.6
total took 35.19 ms
PV04 t_ms=2043302 target=0 count=0 fps=29.4
total took 34.29 ms
PV04 t_ms=2043337 target=0 count=0 fps=28.6
total took 36.31 ms
PV04 t_ms=2043373 target=0 count=0 fps=27.8
total took 34.98 ms
PV04 t_ms=2043410 target=0 count=0 fps=27.0
total took 35.68 ms
PV04 t_ms=2043445 target=0 count=0 fps=28.6
total took 35.37 ms
PV04 t_ms=2043480 target=0 count=0 fps=28.6
total took 34.78 ms
PV04 t_ms=2043515 target=0 count=0 fps=28.6
total took 34.19 ms
PV04 t_ms=2043550 target=0 count=0 fps=28.6
total took 36.11 ms
PV04 t_ms=2043586 target=0 count=0 fps=27.8
total took 35.36 ms
PV04 t_ms=2043622 target=0 count=0 fps=27.8
total took 35.62 ms
PV04 t_ms=2043657 target=0 count=0 fps=28.6
total took 35.32 ms
PV04 t_ms=2043692 target=0 count=0 fps=28.6
total took 34.58 ms
PV04 t_ms=2043727 target=0 count=0 fps=28.6
total took 34.46 ms
PV04 t_ms=2043762 target=0 count=0 fps=28.6
total took 35.56 ms
PV04 t_ms=2043799 target=0 count=0 fps=27.0
total took 36.35 ms
PV04 t_ms=2043835 target=0 count=0 fps=27.8
total took 35.68 ms
PV04 t_ms=2043869 target=0 count=0 fps=29.4
total took 34.43 ms
PV04 t_ms=2043904 target=0 count=0 fps=28.6
total took 34.72 ms
PV04 t_ms=2043939 target=0 count=0 fps=28.6
total took 36.35 ms
PV04 t_ms=2043976 target=0 count=0 fps=27.0
total took 35.32 ms
PV04 t_ms=2044012 target=0 count=0 fps=27.8
total took 35.59 ms
PV04 t_ms=2044047 target=0 count=0 fps=28.6
total took 35.46 ms
PV04 t_ms=2044082 target=0 count=0 fps=28.6
total took 34.58 ms
PV04 t_ms=2044117 target=0 count=0 fps=28.6
total took 34.95 ms
PV04 t_ms=2044151 target=0 count=0 fps=29.4
total took 36.14 ms
PV04 t_ms=2044188 target=0 count=0 fps=27.0
total took 35.32 ms
PV04 t_ms=2044224 target=0 count=0 fps=27.8
total took 35.52 ms
PV04 t_ms=2044259 target=0 count=0 fps=28.6
total took 34.61 ms
PV04 t_ms=2044293 target=0 count=0 fps=29.4
total took 34.57 ms
PV04 t_ms=2044329 target=0 count=0 fps=27.8
total took 35.85 ms
PV04 t_ms=2044365 target=0 count=0 fps=27.8
total took 35.44 ms
PV04 t_ms=2044401 target=0 count=0 fps=27.8
total took 36.01 ms
PV04 t_ms=2044436 target=0 count=0 fps=28.6
total took 35.19 ms
PV04 t_ms=2044471 target=0 count=0 fps=28.6
total took 34.75 ms
PV04 t_ms=2044506 target=0 count=0 fps=28.6
total took 34.38 ms
PV04 t_ms=2044541 target=0 count=0 fps=28.6
total took 35.68 ms
PV04 t_ms=2044577 target=0 count=0 fps=27.8
total took 35.53 ms
PV04 t_ms=2044613 target=0 count=0 fps=27.8
total took 36.07 ms
PV04 t_ms=2044649 target=0 count=0 fps=27.8
total took 35.13 ms
PV04 t_ms=2044683 target=0 count=0 fps=29.4
total took 34.42 ms
PV04 t_ms=2044719 target=0 count=0 fps=27.8
total took 35.74 ms
PV04 t_ms=2044753 target=0 count=0 fps=29.4
total took 35.94 ms
PV04 t_ms=2044790 target=0 count=0 fps=27.0
total took 35.36 ms
PV04 t_ms=2044826 target=0 count=0 fps=27.8
total took 35.37 ms
PV04 t_ms=2044861 target=0 count=0 fps=28.6
total took 34.58 ms
PV04 t_ms=2044895 target=0 count=0 fps=29.4
total took 34.12 ms
PV04 t_ms=2044932 target=0 count=0 fps=27.0
total took 36.51 ms
PV04 t_ms=2044967 target=0 count=0 fps=28.6
total took 35.03 ms
PV04 t_ms=2045001 target=0 count=0 fps=29.4
total took 34.23 ms
PV04 t_ms=2045038 target=0 count=0 fps=27.0
total took 36.99 ms
PV04 t_ms=2045073 target=0 count=0 fps=28.6
total took 34.73 ms
PV04 t_ms=2045108 target=0 count=0 fps=28.6
total took 35.06 ms
PV04 t_ms=2045144 target=0 count=0 fps=27.8
total took 35.46 ms
PV04 t_ms=2045179 target=0 count=0 fps=28.6
total took 36.06 ms
PV04 t_ms=2045215 target=0 count=0 fps=27.8
total took 35.09 ms
PV04 t_ms=2045249 target=0 count=0 fps=29.4
total took 34.29 ms
PV04 t_ms=2045284 target=0 count=0 fps=28.6
total took 34.58 ms
PV04 t_ms=2045320 target=0 count=0 fps=27.8
total took 36.24 ms
PV04 t_ms=2045355 target=0 count=0 fps=28.6
total took 34.67 ms
PV04 t_ms=2045393 target=0 count=0 fps=26.3
total took 37.80 ms
PV04 t_ms=2045427 target=0 count=0 fps=29.4
total took 34.16 ms
PV04 t_ms=2045462 target=0 count=0 fps=28.6
total took 34.43 ms
PV04 t_ms=2045496 target=0 count=0 fps=29.4
total took 34.57 ms
PV04 t_ms=2045532 target=0 count=0 fps=27.8
total took 35.49 ms
PV04 t_ms=2045568 target=0 count=0 fps=27.8
total took 36.61 ms
PV04 t_ms=2045604 target=0 count=0 fps=27.8
total took 35.54 ms
PV04 t_ms=2045639 target=0 count=0 fps=28.6
total took 34.49 ms
PV04 t_ms=2045674 target=0 count=0 fps=28.6
total took 34.52 ms
PV04 t_ms=2045710 target=0 count=0 fps=27.8
total took 35.79 ms
PV04 t_ms=2045744 target=0 count=0 fps=29.4
total took 34.50 ms
PV04 t_ms=2045781 target=0 count=0 fps=27.0
total took 36.40 ms
PV04 t_ms=2045817 target=0 count=0 fps=27.8
total took 35.93 ms
PV04 t_ms=2045852 target=0 count=0 fps=28.6
total took 34.67 ms
PV04 t_ms=2045886 target=0 count=0 fps=29.4
total took 34.58 ms
PV04 t_ms=2045922 target=0 count=0 fps=27.8
total took 36.05 ms
PV04 t_ms=2045958 target=0 count=0 fps=27.8
total took 35.31 ms
PV04 t_ms=2045992 target=0 count=0 fps=29.4
total took 34.33 ms
PV04 t_ms=2046028 target=0 count=0 fps=27.8
total took 35.35 ms
PV04 t_ms=2046063 target=0 count=0 fps=28.6
total took 35.67 ms
PV04 t_ms=2046099 target=0 count=0 fps=27.8
total took 35.62 ms
PV04 t_ms=2046134 target=0 count=0 fps=28.6
total took 35.29 ms
PV04 t_ms=2046169 target=0 count=0 fps=28.6
total took 34.39 ms
PV04 t_ms=2046205 target=0 count=0 fps=27.8
total took 35.60 ms
PV04 t_ms=2046241 target=0 count=0 fps=27.8
total took 36.53 ms
PV04 t_ms=2046275 target=0 count=0 fps=29.4
total took 33.33 ms
PV04 t_ms=2046311 target=0 count=0 fps=27.8
total took 36.32 ms
PV04 t_ms=2046346 target=0 count=0 fps=28.6
total took 34.70 ms
PV04 t_ms=2046383 target=0 count=0 fps=27.0
total took 37.07 ms
PV04 t_ms=2046418 target=0 count=0 fps=28.6
total took 35.35 ms
PV04 t_ms=2046453 target=0 count=0 fps=28.6
total took 34.26 ms
PV04 t_ms=2046488 target=0 count=0 fps=28.6
total took 35.14 ms
PV04 t_ms=2046523 target=0 count=0 fps=28.6
total took 34.80 ms
PV04 t_ms=2046559 target=0 count=0 fps=27.8
total took 35.25 ms
PV04 t_ms=2046595 target=0 count=0 fps=27.8
total took 36.27 ms
PV04 t_ms=2046631 target=0 count=0 fps=27.8
total took 35.58 ms
PV04 t_ms=2046664 target=0 count=0 fps=30.3
total took 33.62 ms
PV04 t_ms=2046701 target=0 count=0 fps=27.0
total took 36.33 ms
PV04 t_ms=2046736 target=0 count=0 fps=28.6
total took 34.59 ms
PV04 t_ms=2046772 target=0 count=0 fps=27.8
total took 36.33 ms
PV04 t_ms=2046806 target=0 count=0 fps=29.4
total took 34.33 ms
PV04 t_ms=2046843 target=0 count=0 fps=27.0
total took 36.34 ms
PV04 t_ms=2046877 target=0 count=0 fps=29.4
total took 34.20 ms
PV04 t_ms=2046913 target=0 count=0 fps=27.8
total took 35.88 ms
PV04 t_ms=2046948 target=0 count=0 fps=28.6
total took 34.52 ms
PV04 t_ms=2046984 target=0 count=0 fps=27.8
total took 36.66 ms
PV04 t_ms=2047019 target=0 count=0 fps=28.6
total took 34.79 ms
PV04 t_ms=2047054 target=0 count=0 fps=28.6
total took 34.50 ms
PV04 t_ms=2047090 target=0 count=0 fps=27.8
total took 36.21 ms
PV04 t_ms=2047125 target=0 count=0 fps=28.6
total took 35.02 ms
PV04 t_ms=2047162 target=0 count=0 fps=27.0
total took 36.00 ms
PV04 t_ms=2047197 target=0 count=0 fps=28.6
total took 35.37 ms
PV04 t_ms=2047232 target=0 count=0 fps=28.6
total took 34.65 ms
PV04 t_ms=2047267 target=0 count=0 fps=28.6
total took 34.81 ms
PV04 t_ms=2047301 target=0 count=0 fps=29.4
total took 35.25 ms
PV04 t_ms=2047338 target=0 count=0 fps=27.0
total took 36.25 ms
PV04 t_ms=2047374 target=0 count=0 fps=27.8
total took 35.63 ms
PV04 t_ms=2047409 target=0 count=0 fps=28.6
total took 34.72 ms
PV04 t_ms=2047444 target=0 count=0 fps=28.6
total took 34.59 ms
PV04 t_ms=2047478 target=0 count=0 fps=29.4
total took 36.40 ms
PV04 t_ms=2047514 target=0 count=0 fps=27.8
total took 35.13 ms
PV04 t_ms=2047551 target=0 count=0 fps=27.0
total took 35.92 ms
PV04 t_ms=2047586 target=0 count=0 fps=28.6
total took 35.01 ms
PV04 t_ms=2047621 target=0 count=0 fps=28.6
total took 34.73 ms
PV04 t_ms=2047655 target=0 count=0 fps=29.4
total took 35.61 ms
PV04 t_ms=2047691 target=0 count=0 fps=27.8
total took 34.35 ms
PV04 t_ms=2047728 target=0 count=0 fps=27.0
total took 36.06 ms
PV04 t_ms=2047764 target=0 count=0 fps=27.8
total took 35.73 ms
PV04 t_ms=2047798 target=0 count=0 fps=29.4
total took 34.74 ms
PV04 t_ms=2047832 target=0 count=0 fps=29.4
total took 34.95 ms
PV04 t_ms=2047868 target=0 count=0 fps=27.8
total took 36.18 ms
PV04 t_ms=2047903 target=0 count=0 fps=28.6
total took 35.16 ms
PV04 t_ms=2047940 target=0 count=0 fps=27.0
total took 35.01 ms
PV04 t_ms=2047976 target=0 count=0 fps=27.8
total took 35.27 ms
PV04 t_ms=2048011 target=0 count=0 fps=28.6
total took 35.00 ms
PV04 t_ms=2048045 target=0 count=0 fps=29.4
total took 35.62 ms
PV04 t_ms=2048080 target=0 count=0 fps=28.6
total took 34.68 ms
PV04 t_ms=2048117 target=0 count=0 fps=27.0
total took 35.50 ms
PV04 t_ms=2048153 target=0 count=0 fps=27.8
total took 35.98 ms
PV04 t_ms=2048188 target=0 count=0 fps=28.6
total took 34.88 ms
PV04 t_ms=2048223 target=0 count=0 fps=28.6
total took 35.37 ms
PV04 t_ms=2048257 target=0 count=0 fps=29.4
total took 35.40 ms
PV04 t_ms=2048292 target=0 count=0 fps=28.6
total took 34.90 ms
PV04 t_ms=2048329 target=0 count=0 fps=27.0
total took 35.66 ms
PV04 t_ms=2048365 target=0 count=0 fps=27.8
total took 35.36 ms
PV04 t_ms=2048399 target=0 count=0 fps=29.4
total took 34.16 ms
PV04 t_ms=2048434 target=0 count=0 fps=28.6
total took 34.60 ms
PV04 t_ms=2048471 target=0 count=0 fps=27.0
total took 36.76 ms
PV04 t_ms=2048506 target=0 count=0 fps=28.6
total took 35.31 ms
PV04 t_ms=2048542 target=0 count=0 fps=27.8
total took 35.89 ms
PV04 t_ms=2048578 target=0 count=0 fps=27.8
total took 35.32 ms
PV04 t_ms=2048613 target=0 count=0 fps=28.6
total took 34.73 ms
PV04 t_ms=2048647 target=0 count=0 fps=29.4
total took 34.15 ms
PV04 t_ms=2048682 target=0 count=0 fps=28.6
total took 35.25 ms
PV04 t_ms=2048719 target=0 count=0 fps=27.0
total took 36.46 ms
PV04 t_ms=2048754 target=0 count=0 fps=28.6
total took 35.67 ms
PV04 t_ms=2048788 target=0 count=0 fps=29.4
total took 33.34 ms
PV04 t_ms=2048823 target=0 count=0 fps=28.6
total took 36.53 ms
PV04 t_ms=2048859 target=0 count=0 fps=27.8
total took 35.55 ms
PV04 t_ms=2048895 target=0 count=0 fps=27.8
total took 35.32 ms
PV04 t_ms=2048931 target=0 count=0 fps=27.8
total took 35.42 ms
PV04 t_ms=2048965 target=0 count=0 fps=29.4
total took 33.71 ms
PV04 t_ms=2049001 target=0 count=0 fps=27.8
total took 35.38 ms
PV04 t_ms=2049036 target=0 count=0 fps=28.6
total took 37.10 ms
PV04 t_ms=2049071 target=0 count=0 fps=28.6
total took 34.11 ms
PV04 t_ms=2049108 target=0 count=0 fps=27.0
total took 36.40 ms
PV04 t_ms=2049144 target=0 count=0 fps=27.8
total took 35.27 ms
PV04 t_ms=2049179 target=0 count=0 fps=28.6
total took 34.83 ms
PV04 t_ms=2049213 target=0 count=0 fps=29.4
total took 35.43 ms
PV04 t_ms=2049248 target=0 count=0 fps=28.6
total took 35.33 ms
PV04 t_ms=2049284 target=0 count=0 fps=27.8
total took 35.31 ms
PV04 t_ms=2049321 target=0 count=0 fps=27.0
total took 35.46 ms
PV04 t_ms=2049356 target=0 count=0 fps=28.6
total took 35.25 ms
PV04 t_ms=2049391 target=0 count=0 fps=28.6
total took 35.18 ms
PV04 t_ms=2049425 target=0 count=0 fps=29.4
total took 33.77 ms
PV04 t_ms=2049460 target=0 count=0 fps=28.6
total took 35.95 ms
PV04 t_ms=2049497 target=0 count=0 fps=27.0
total took 35.97 ms
PV04 t_ms=2049533 target=0 count=0 fps=27.8
total took 35.53 ms
PV04 t_ms=2049568 target=0 count=0 fps=28.6
total took 35.04 ms
PV04 t_ms=2049603 target=0 count=0 fps=28.6
total took 34.87 ms
PV04 t_ms=2049638 target=0 count=0 fps=28.6
total took -683176.56 ms
PV04 t_ms=2049673 target=0 count=0 fps=28.6
total took 34.73 ms
PV04 t_ms=2049710 target=0 count=0 fps=27.0
total took 35.53 ms
PV04 t_ms=2049746 target=0 count=0 fps=27.8
total took 35.56 ms
PV04 t_ms=2049780 target=0 count=0 fps=29.4
total took 34.84 ms
PV04 t_ms=2049815 target=0 count=0 fps=28.6
total took 34.17 ms
PV04 t_ms=2049850 target=0 count=0 fps=28.6
total took 36.12 ms
PV04 t_ms=2049887 target=0 count=0 fps=27.0
total took 35.69 ms
PV04 t_ms=2049923 target=0 count=0 fps=27.8
total took 36.56 ms
PV04 t_ms=2049957 target=0 count=0 fps=29.4
total took 33.82 ms
PV04 t_ms=2049993 target=0 count=0 fps=27.8
total took 35.24 ms
PV04 t_ms=2050027 target=0 count=0 fps=29.4
total took 35.70 ms
PV04 t_ms=2050062 target=0 count=0 fps=28.6
total took 35.01 ms
PV04 t_ms=2050099 target=0 count=0 fps=27.0
total took 35.41 ms
PV04 t_ms=2050135 target=0 count=0 fps=27.8
total took 35.55 ms
PV04 t_ms=2050169 target=0 count=0 fps=29.4
total took 34.46 ms
PV04 t_ms=2050204 target=0 count=0 fps=28.6
total took 34.47 ms
PV04 t_ms=2050242 target=0 count=0 fps=26.3
total took 38.30 ms
PV04 t_ms=2050276 target=0 count=0 fps=29.4
total took 33.53 ms
PV04 t_ms=2050311 target=0 count=0 fps=28.6
total took 35.55 ms
PV04 t_ms=2050347 target=0 count=0 fps=27.8
total took 35.42 ms
PV04 t_ms=2050382 target=0 count=0 fps=28.6
total took 34.50 ms
PV04 t_ms=2050417 target=0 count=0 fps=28.6
total took 34.83 ms
PV04 t_ms=2050451 target=0 count=0 fps=29.4
total took 35.12 ms
PV04 t_ms=2050488 target=0 count=0 fps=27.0
total took 36.11 ms
PV04 t_ms=2050524 target=0 count=0 fps=27.8
total took 35.74 ms
PV04 t_ms=2050559 target=0 count=0 fps=28.6
total took 34.77 ms
PV04 t_ms=2050593 target=0 count=0 fps=29.4
total took 34.54 ms
PV04 t_ms=2050629 target=0 count=0 fps=27.8
total took 36.58 ms
PV04 t_ms=2050664 target=0 count=0 fps=28.6
total took 34.98 ms
PV04 t_ms=2050701 target=0 count=0 fps=27.0
total took 35.88 ms
PV04 t_ms=2050737 target=0 count=0 fps=27.8
total took 35.40 ms
PV04 t_ms=2050771 target=0 count=0 fps=29.4
total took 34.36 ms
PV04 t_ms=2050805 target=0 count=0 fps=29.4
total took 34.06 ms
PV04 t_ms=2050841 target=0 count=0 fps=27.8
total took 36.01 ms
PV04 t_ms=2050877 target=0 count=0 fps=27.8
total took 35.85 ms
PV04 t_ms=2050913 target=0 count=0 fps=27.8
total took 35.81 ms
PV04 t_ms=2050948 target=0 count=0 fps=28.6
total took 34.91 ms
PV04 t_ms=2050983 target=0 count=0 fps=28.6
total took 34.70 ms
PV04 t_ms=2051018 target=0 count=0 fps=28.6
total took 36.20 ms
PV04 t_ms=2051053 target=0 count=0 fps=28.6
total took 35.07 ms
PV04 t_ms=2051090 target=0 count=0 fps=27.0
total took 35.71 ms
PV04 t_ms=2051126 target=0 count=0 fps=27.8
total took 35.46 ms
PV04 t_ms=2051161 target=0 count=0 fps=28.6
total took 34.57 ms
PV04 t_ms=2051195 target=0 count=0 fps=29.4
total took 35.27 ms
PV04 t_ms=2051230 target=0 count=0 fps=28.6
total took 34.99 ms
PV04 t_ms=2051267 target=0 count=0 fps=27.0
total took 36.10 ms
PV04 t_ms=2051303 target=0 count=0 fps=27.8
total took 35.34 ms
PV04 t_ms=2051338 target=0 count=0 fps=28.6
total took 35.25 ms
PV04 t_ms=2051372 target=0 count=0 fps=29.4
total took 33.06 ms
PV04 t_ms=2051407 target=0 count=0 fps=28.6
total took 36.33 ms
PV04 t_ms=2051442 target=0 count=0 fps=28.6
total took 34.83 ms
PV04 t_ms=2051479 target=0 count=0 fps=27.0
total took 35.08 ms
PV04 t_ms=2051515 target=0 count=0 fps=27.8
total took 35.57 ms
PV04 t_ms=2051550 target=0 count=0 fps=28.6
total took 35.27 ms
PV04 t_ms=2051584 target=0 count=0 fps=29.4
total took 33.89 ms
PV04 t_ms=2051635 target=0 count=0 fps=19.6
total took 54.61 ms
PV04 t_ms=2051661 target=0 count=0 fps=38.5
total took 21.95 ms
PV04 t_ms=2051691 target=0 count=0 fps=33.3
total took 30.33 ms
PV04 t_ms=2051726 target=0 count=0 fps=28.6
total took 33.98 ms
PV04 t_ms=2051761 target=0 count=0 fps=28.6
total took 35.44 ms
PV04 t_ms=2051797 target=0 count=0 fps=27.8
total took 37.19 ms
PV04 t_ms=2051832 target=0 count=0 fps=28.6
total took 33.70 ms
PV04 t_ms=2051868 target=0 count=0 fps=27.8
total took 35.35 ms
PV04 t_ms=2051903 target=1 count=1 x=124 y=700 w=388 h=367 cx=318.0 cy=883.5 fps=28.6
total took 35.98 ms
PV04 t_ms=2051938 target=1 count=1 x=196 y=598 w=465 h=460 cx=428.5 cy=828.0 fps=28.6
total took 35.20 ms
PV04 t_ms=2051974 target=1 count=1 x=245 y=214 w=644 h=838 cx=567.0 cy=633.0 fps=27.8
total took 35.52 ms
PV04 t_ms=2052011 target=1 count=1 x=301 y=285 w=630 h=768 cx=616.0 cy=669.0 fps=27.0
total took 36.90 ms
PV04 t_ms=2052045 target=0 count=0 fps=29.4
total took 33.10 ms
PV04 t_ms=2052081 target=0 count=0 fps=27.8
total took 36.15 ms
PV04 t_ms=2052115 target=0 count=0 fps=29.4
total took 33.57 ms
PV04 t_ms=2052166 target=0 count=0 fps=19.6
total took 53.55 ms
PV04 t_ms=2052191 target=0 count=0 fps=40.0
total took 22.31 ms
PV04 t_ms=2052222 target=0 count=0 fps=32.3
total took 31.56 ms
PV04 t_ms=2052259 target=0 count=0 fps=27.0
total took 36.85 ms
PV04 t_ms=2052292 target=0 count=0 fps=30.3
total took 32.38 ms
PV04 t_ms=2052327 target=0 count=0 fps=28.6
total took 35.22 ms
PV04 t_ms=2052363 target=0 count=0 fps=27.8
total took 36.11 ms
PV04 t_ms=2052399 target=0 count=0 fps=27.8
total took 35.62 ms
PV04 t_ms=2052435 target=0 count=0 fps=27.8
total took 35.27 ms
PV04 t_ms=2052470 target=0 count=0 fps=28.6
total took 35.35 ms
PV04 t_ms=2052508 target=0 count=0 fps=26.3
total took 37.26 ms
PV04 t_ms=2052541 target=0 count=0 fps=30.3
total took 33.72 ms
PV04 t_ms=2052576 target=0 count=0 fps=28.6
total took 34.47 ms
PV04 t_ms=2052612 target=0 count=0 fps=27.8
total took 36.14 ms
PV04 t_ms=2052647 target=0 count=0 fps=28.6
total took 34.55 ms
PV04 t_ms=2052698 target=0 count=0 fps=19.6
total took 51.81 ms
PV04 t_ms=2052721 target=0 count=0 fps=43.5
total took 22.07 ms
PV04 t_ms=2052753 target=0 count=0 fps=31.3
total took 32.23 ms
PV04 t_ms=2052787 target=0 count=0 fps=29.4
total took 36.12 ms
PV04 t_ms=2052823 target=0 count=0 fps=27.8
total took 35.23 ms
PV04 t_ms=2052860 target=0 count=0 fps=27.0
total took 35.30 ms
PV04 t_ms=2052896 target=0 count=0 fps=27.8
total took 35.36 ms
PV04 t_ms=2052931 target=0 count=0 fps=28.6
total took 35.14 ms
PV04 t_ms=2052965 target=0 count=0 fps=29.4
total took 33.88 ms
PV04 t_ms=2053000 target=0 count=0 fps=28.6
total took 36.31 ms
PV04 t_ms=2053037 target=0 count=0 fps=27.0
total took 35.74 ms
PV04 t_ms=2053073 target=1 count=1 x=540 y=68 w=691 h=888 cx=885.5 cy=512.0 fps=27.8
total took 35.98 ms
PV04 t_ms=2053108 target=0 count=0 fps=28.6
total took 34.77 ms
PV04 t_ms=2053143 target=0 count=0 fps=28.6
total took 34.75 ms
PV04 t_ms=2053178 target=0 count=0 fps=28.6
total took 34.86 ms
PV04 t_ms=2053212 target=0 count=0 fps=29.4
total took 36.07 ms
PV04 t_ms=2053251 target=0 count=0 fps=25.6
total took 36.31 ms
PV04 t_ms=2053285 target=0 count=0 fps=29.4
total took 34.36 ms
PV04 t_ms=2053319 target=0 count=0 fps=29.4
total took 34.37 ms
PV04 t_ms=2053354 target=0 count=0 fps=28.6
total took 34.47 ms
PV04 t_ms=2053389 target=0 count=0 fps=28.6
total took 36.56 ms
PV04 t_ms=2053427 target=0 count=0 fps=26.3
total took 36.60 ms
PV04 t_ms=2053462 target=1 count=1 x=813 y=401 w=451 h=427 cx=1038.5 cy=614.5 fps=28.6
total took 34.75 ms
PV04 t_ms=2053497 target=1 count=1 x=755 y=400 w=545 h=463 cx=1027.5 cy=631.5 fps=28.6
total took 35.45 ms
PV04 t_ms=2053532 target=1 count=1 x=796 y=422 w=463 h=422 cx=1027.5 cy=633.0 fps=28.6
total took 34.84 ms
PV04 t_ms=2053567 target=0 count=0 fps=28.6
total took 33.76 ms
PV04 t_ms=2053601 target=0 count=0 fps=29.4
total took 35.29 ms
PV04 t_ms=2053638 target=1 count=1 x=723 y=467 w=487 h=444 cx=966.5 cy=689.0 fps=27.0
total took 37.08 ms
PV04 t_ms=2053674 target=1 count=1 x=675 y=447 w=518 h=450 cx=934.0 cy=672.0 fps=27.8
total took 35.40 ms
PV04 t_ms=2053709 target=1 count=1 x=530 y=279 w=654 h=681 cx=857.0 cy=619.5 fps=28.6
total took 35.01 ms
PV04 t_ms=2053744 target=1 count=1 x=571 y=379 w=602 h=550 cx=872.0 cy=654.0 fps=28.6
total took 34.29 ms
PV04 t_ms=2053782 target=1 count=1 x=713 y=429 w=465 h=395 cx=945.5 cy=626.5 fps=26.3
total took 37.63 ms
PV04 t_ms=2053814 target=0 count=0 fps=31.3
total took 32.25 ms
PV04 t_ms=2053851 target=0 count=0 fps=27.0
total took 37.15 ms
PV04 t_ms=2053887 target=0 count=0 fps=27.8
total took 35.33 ms
PV04 t_ms=2053921 target=1 count=1 x=778 y=360 w=420 h=363 cx=988.0 cy=541.5 fps=29.4
total took 34.77 ms
PV04 t_ms=2053956 target=1 count=1 x=774 y=354 w=420 h=369 cx=984.0 cy=538.5 fps=28.6
total took 34.19 ms
PV04 t_ms=2053992 target=1 count=1 x=765 y=345 w=437 h=382 cx=983.5 cy=536.0 fps=27.8
total took 36.37 ms
PV04 t_ms=2054027 target=1 count=1 x=742 y=344 w=478 h=387 cx=981.0 cy=537.5 fps=28.6
total took 35.17 ms
PV04 t_ms=2054064 target=0 count=0 fps=27.0
total took 35.89 ms
PV04 t_ms=2054099 target=1 count=1 x=739 y=365 w=449 h=391 cx=963.5 cy=560.5 fps=28.6
total took 35.66 ms
PV04 t_ms=2054134 target=1 count=1 x=696 y=348 w=479 h=409 cx=935.5 cy=552.5 fps=28.6
total took 34.41 ms
PV04 t_ms=2054169 target=1 count=1 x=686 y=335 w=472 h=413 cx=922.0 cy=541.5 fps=28.6
total took 35.68 ms
PV04 t_ms=2054205 target=1 count=1 x=675 y=313 w=485 h=434 cx=917.5 cy=530.0 fps=27.8
total took 35.19 ms
PV04 t_ms=2054240 target=1 count=1 x=682 y=335 w=507 h=429 cx=935.5 cy=549.5 fps=28.6
total took 35.24 ms
PV04 t_ms=2054293 target=1 count=1 x=700 y=388 w=473 h=404 cx=936.5 cy=590.0 fps=18.9
total took 53.48 ms
PV04 t_ms=2054316 target=1 count=1 x=700 y=441 w=468 h=367 cx=934.0 cy=624.5 fps=43.5
total took 24.02 ms
PV04 t_ms=2054345 target=1 count=1 x=723 y=475 w=518 h=383 cx=982.0 cy=666.5 fps=34.5
total took 28.66 ms
PV04 t_ms=2054381 target=1 count=1 x=724 y=453 w=523 h=410 cx=985.5 cy=658.0 fps=27.8
total took 34.55 ms
PV04 t_ms=2054416 target=1 count=1 x=665 y=286 w=655 h=610 cx=992.5 cy=591.0 fps=28.6
total took 34.52 ms
PV04 t_ms=2054451 target=1 count=1 x=663 y=97 w=846 h=787 cx=1086.0 cy=490.5 fps=28.6
total took 35.21 ms
PV04 t_ms=2054487 target=0 count=0 fps=27.8
total took 34.94 ms
PV04 t_ms=2054522 target=0 count=0 fps=28.6
total took 36.41 ms
PV04 t_ms=2054558 target=1 count=1 x=828 y=508 w=495 h=406 cx=1075.5 cy=711.0 fps=27.8
total took 36.55 ms
PV04 t_ms=2054593 target=1 count=1 x=753 y=412 w=724 h=668 cx=1115.0 cy=746.0 fps=28.6
total took 35.02 ms
PV04 t_ms=2054628 target=0 count=0 fps=28.6
total took 32.87 ms
PV04 t_ms=2054663 target=0 count=0 fps=28.6
total took 35.27 ms
PV04 t_ms=2054699 target=0 count=0 fps=27.8
total took 35.54 ms
PV04 t_ms=2054734 target=0 count=0 fps=28.6
total took 36.70 ms
PV04 t_ms=2054771 target=1 count=1 x=933 y=432 w=466 h=415 cx=1166.0 cy=639.5 fps=27.0
total took 37.62 ms
PV04 t_ms=2054820 target=1 count=1 x=952 y=436 w=466 h=415 cx=1185.0 cy=643.5 fps=20.4
total took 49.63 ms
PV04 t_ms=2054846 target=1 count=1 x=989 y=434 w=444 h=426 cx=1211.0 cy=647.0 fps=38.5
total took 22.58 ms
PV04 t_ms=2054876 target=1 count=1 x=996 y=469 w=492 h=424 cx=1242.0 cy=681.0 fps=33.3
total took 30.48 ms
PV04 t_ms=2054911 target=1 count=1 x=996 y=478 w=484 h=412 cx=1238.0 cy=684.0 fps=28.6
total took 36.41 ms
PV04 t_ms=2054947 target=1 count=1 x=932 y=404 w=495 h=451 cx=1179.5 cy=629.5 fps=27.8
total took 34.10 ms
PV04 t_ms=2054983 target=1 count=1 x=915 y=386 w=470 h=436 cx=1150.0 cy=604.0 fps=27.8
total took 35.94 ms
PV04 t_ms=2055018 target=1 count=1 x=919 y=369 w=498 h=449 cx=1168.0 cy=593.5 fps=28.6
total took 34.58 ms
PV04 t_ms=2055053 target=1 count=1 x=929 y=407 w=511 h=414 cx=1184.5 cy=614.0 fps=28.6
total took 35.35 ms
PV04 t_ms=2055089 target=0 count=0 fps=27.8
total took 35.62 ms
PV04 t_ms=2055124 target=1 count=1 x=981 y=504 w=515 h=385 cx=1238.5 cy=696.5 fps=28.6
total took 35.14 ms
PV04 t_ms=2055161 target=1 count=1 x=959 y=496 w=564 h=411 cx=1241.0 cy=701.5 fps=27.0
total took 36.14 ms
PV04 t_ms=2055195 target=1 count=1 x=941 y=459 w=596 h=497 cx=1239.0 cy=707.5 fps=29.4
total took 34.93 ms
PV04 t_ms=2055232 target=1 count=1 x=982 y=489 w=541 h=438 cx=1252.5 cy=708.0 fps=27.0
total took 36.05 ms
PV04 t_ms=2055267 target=1 count=1 x=953 y=468 w=554 h=419 cx=1230.0 cy=677.5 fps=28.6
total took 35.50 ms
PV04 t_ms=2055302 target=1 count=1 x=985 y=495 w=505 h=395 cx=1237.5 cy=692.5 fps=28.6
total took 34.84 ms
PV04 t_ms=2055354 target=1 count=1 x=983 y=480 w=505 h=397 cx=1235.5 cy=678.5 fps=19.2
total took 52.52 ms
PV04 t_ms=2055380 target=1 count=1 x=969 y=458 w=496 h=389 cx=1217.0 cy=652.5 fps=38.5
total took 24.34 ms
PV04 t_ms=2055408 target=1 count=1 x=939 y=409 w=493 h=412 cx=1185.5 cy=615.0 fps=35.7
total took 29.46 ms
PV04 t_ms=2055444 target=1 count=1 x=947 y=404 w=455 h=392 cx=1174.5 cy=600.0 fps=27.8
total took 35.26 ms
PV04 t_ms=2055479 target=1 count=1 x=928 y=411 w=416 h=352 cx=1136.0 cy=587.0 fps=28.6
total took 34.76 ms
PV04 t_ms=2055514 target=1 count=1 x=914 y=375 w=382 h=354 cx=1105.0 cy=552.0 fps=28.6
total took 34.37 ms
PV04 t_ms=2055549 target=1 count=1 x=860 y=347 w=429 h=369 cx=1074.5 cy=531.5 fps=28.6
total took 35.76 ms
PV04 t_ms=2055584 target=1 count=1 x=847 y=324 w=369 h=363 cx=1031.5 cy=505.5 fps=28.6
total took 35.81 ms
PV04 t_ms=2055621 target=1 count=1 x=851 y=333 w=342 h=359 cx=1022.0 cy=512.5 fps=27.0
total took 35.57 ms
PV04 t_ms=2055657 target=1 count=1 x=818 y=327 w=333 h=410 cx=984.5 cy=532.0 fps=27.8
total took 35.62 ms
PV04 t_ms=2055691 target=0 count=0 fps=29.4
total took 34.09 ms
PV04 t_ms=2055726 target=1 count=1 x=834 y=383 w=347 h=347 cx=1007.5 cy=556.5 fps=28.6
total took 34.74 ms
PV04 t_ms=2055762 target=1 count=1 x=784 y=352 w=355 h=396 cx=961.5 cy=550.0 fps=27.8
total took 36.04 ms
PV04 t_ms=2055797 target=1 count=1 x=755 y=318 w=346 h=356 cx=928.0 cy=496.0 fps=28.6
total took 35.35 ms
PV04 t_ms=2055833 target=0 count=0 fps=27.8
total took 35.59 ms
PV04 t_ms=2055869 target=1 count=1 x=534 y=255 w=415 h=369 cx=741.5 cy=439.5 fps=27.8
total took 35.67 ms
PV04 t_ms=2055903 target=1 count=1 x=571 y=245 w=391 h=348 cx=766.5 cy=419.0 fps=29.4
total took 34.21 ms
PV04 t_ms=2055939 target=0 count=0 fps=27.8
total took 35.18 ms
PV04 t_ms=2055974 target=1 count=1 x=966 y=288 w=354 h=376 cx=1143.0 cy=476.0 fps=28.6
total took 35.30 ms
PV04 t_ms=2056009 target=1 count=1 x=1106 y=431 w=420 h=439 cx=1316.0 cy=650.5 fps=28.6
total took 34.67 ms
PV04 t_ms=2056047 target=1 count=1 x=1068 y=480 w=444 h=392 cx=1290.0 cy=676.0 fps=26.3
total took 38.12 ms
PV04 t_ms=2056081 target=1 count=1 x=1026 y=452 w=303 h=310 cx=1177.5 cy=607.0 fps=29.4
total took 34.20 ms
PV04 t_ms=2056115 target=1 count=1 x=835 y=464 w=374 h=384 cx=1022.0 cy=656.0 fps=29.4
total took 34.05 ms
PV04 t_ms=2056151 target=1 count=1 x=805 y=427 w=331 h=376 cx=970.5 cy=615.0 fps=27.8
total took 35.90 ms
PV04 t_ms=2056187 target=1 count=1 x=770 y=386 w=364 h=401 cx=952.0 cy=586.5 fps=27.8
total took 35.63 ms
PV04 t_ms=2056222 target=0 count=0 fps=28.6
total took 34.59 ms
PV04 t_ms=2056258 target=0 count=0 fps=27.8
total took 35.29 ms
PV04 t_ms=2056292 target=1 count=1 x=941 y=323 w=373 h=426 cx=1127.5 cy=536.0 fps=29.4
total took 34.65 ms
PV04 t_ms=2056328 target=1 count=1 x=854 y=320 w=398 h=435 cx=1053.0 cy=537.5 fps=27.8
total took 35.70 ms
PV04 t_ms=2056362 target=1 count=1 x=852 y=262 w=356 h=428 cx=1030.0 cy=476.0 fps=29.4
total took 36.20 ms
PV04 t_ms=2056399 target=1 count=1 x=842 y=249 w=358 h=441 cx=1021.0 cy=469.5 fps=27.0
total took 35.54 ms
PV04 t_ms=2056435 target=1 count=1 x=777 y=261 w=380 h=437 cx=967.0 cy=479.5 fps=27.8
total took 35.18 ms
PV04 t_ms=2056470 target=1 count=1 x=800 y=271 w=374 h=426 cx=987.0 cy=484.0 fps=28.6
total took 34.76 ms
PV04 t_ms=2056504 target=1 count=1 x=852 y=334 w=357 h=423 cx=1030.5 cy=545.5 fps=29.4
total took 34.39 ms
PV04 t_ms=2056541 target=1 count=1 x=865 y=329 w=369 h=415 cx=1049.5 cy=536.5 fps=27.0
total took 35.99 ms
PV04 t_ms=2056576 target=1 count=1 x=862 y=327 w=351 h=416 cx=1037.5 cy=535.0 fps=28.6
total took 35.89 ms
PV04 t_ms=2056612 target=1 count=1 x=865 y=306 w=336 h=405 cx=1033.0 cy=508.5 fps=27.8
total took 35.66 ms
PV04 t_ms=2056648 target=1 count=1 x=858 y=277 w=357 h=400 cx=1036.5 cy=477.0 fps=27.8
total took 35.48 ms
PV04 t_ms=2056682 target=1 count=1 x=899 y=212 w=390 h=438 cx=1094.0 cy=431.0 fps=29.4
total took 34.47 ms
PV04 t_ms=2056717 target=1 count=1 x=932 y=176 w=375 h=446 cx=1119.5 cy=399.0 fps=28.6
total took 34.36 ms
PV04 t_ms=2056755 target=1 count=1 x=941 y=167 w=372 h=439 cx=1127.0 cy=386.5 fps=26.3
total took 37.93 ms
PV04 t_ms=2056788 target=1 count=1 x=935 y=163 w=396 h=447 cx=1133.0 cy=386.5 fps=30.3
total took 33.86 ms
PV04 t_ms=2056824 target=1 count=1 x=947 y=192 w=382 h=452 cx=1138.0 cy=418.0 fps=27.8
total took 35.40 ms
PV04 t_ms=2056858 target=1 count=1 x=937 y=221 w=387 h=454 cx=1130.5 cy=448.0 fps=29.4
total took 33.20 ms
PV04 t_ms=2056893 target=1 count=1 x=914 y=239 w=371 h=438 cx=1099.5 cy=458.0 fps=28.6
total took 36.73 ms
PV04 t_ms=2056929 target=1 count=1 x=874 y=248 w=386 h=450 cx=1067.0 cy=473.0 fps=27.8
total took 35.92 ms
PV04 t_ms=2056964 target=1 count=1 x=861 y=252 w=386 h=449 cx=1054.0 cy=476.5 fps=28.6
total took 33.77 ms
PV04 t_ms=2057000 target=1 count=1 x=833 y=278 w=374 h=450 cx=1020.0 cy=503.0 fps=27.8
total took 35.06 ms
PV04 t_ms=2057037 target=1 count=1 x=802 y=321 w=382 h=438 cx=993.0 cy=540.0 fps=27.0
total took 37.02 ms
PV04 t_ms=2057071 target=1 count=1 x=747 y=349 w=390 h=440 cx=942.0 cy=569.0 fps=29.4
total took 35.29 ms
PV04 t_ms=2057106 target=1 count=1 x=729 y=341 w=395 h=449 cx=926.5 cy=565.5 fps=28.6
total took 35.85 ms
PV04 t_ms=2057142 target=1 count=1 x=738 y=334 w=388 h=447 cx=932.0 cy=557.5 fps=27.8
total took 33.41 ms
PV04 t_ms=2057178 target=1 count=1 x=752 y=324 w=381 h=444 cx=942.5 cy=546.0 fps=27.8
total took 35.84 ms
PV04 t_ms=2057213 target=1 count=1 x=780 y=298 w=364 h=423 cx=962.0 cy=509.5 fps=28.6
total took 35.17 ms
PV04 t_ms=2057249 target=1 count=1 x=828 y=271 w=344 h=410 cx=1000.0 cy=476.0 fps=27.8
total took 36.55 ms
PV04 t_ms=2057284 target=1 count=1 x=884 y=203 w=331 h=405 cx=1049.5 cy=405.5 fps=28.6
total took 34.23 ms
PV04 t_ms=2057321 target=1 count=1 x=963 y=106 w=351 h=450 cx=1138.5 cy=331.0 fps=27.0
total took 36.76 ms
PV04 t_ms=2057355 target=1 count=1 x=1049 y=0 w=386 h=331 cx=1242.0 cy=165.5 fps=29.4
total took 33.73 ms
PV04 t_ms=2057389 target=1 count=1 x=1084 y=0 w=387 h=299 cx=1277.5 cy=149.5 fps=29.4
total took 34.29 ms
PV04 t_ms=2057426 target=0 count=0 fps=27.0
total took 36.82 ms
PV04 t_ms=2057478 target=0 count=0 fps=19.2
total took 53.53 ms
PV04 t_ms=2057502 target=0 count=0 fps=41.7
total took 22.01 ms
PV04 t_ms=2057530 target=0 count=0 fps=35.7
total took 28.97 ms
PV04 t_ms=2057566 target=0 count=0 fps=27.8
total took 35.49 ms
PV04 t_ms=2057604 target=0 count=0 fps=26.3
total took 37.42 ms
PV04 t_ms=2057638 target=0 count=0 fps=29.4
total took 33.32 ms
PV04 t_ms=2057672 target=0 count=0 fps=29.4
total took 34.43 ms
PV04 t_ms=2057707 target=0 count=0 fps=28.6
total took 34.85 ms
PV04 t_ms=2057743 target=0 count=0 fps=27.8
total took 37.06 ms
PV04 t_ms=2057780 target=0 count=0 fps=27.0
total took 35.61 ms
PV04 t_ms=2057815 target=0 count=0 fps=28.6
total took 35.27 ms
PV04 t_ms=2057850 target=0 count=0 fps=28.6
total took 34.58 ms
PV04 t_ms=2057884 target=0 count=0 fps=29.4
total took 34.74 ms
PV04 t_ms=2057920 target=0 count=0 fps=27.8
total took 35.44 ms
PV04 t_ms=2057956 target=0 count=0 fps=27.8
total took 35.67 ms
PV04 t_ms=2058007 target=0 count=0 fps=19.6
total took 52.24 ms
PV04 t_ms=2058031 target=0 count=0 fps=41.7
total took 23.29 ms
PV04 t_ms=2058061 target=0 count=0 fps=33.3
total took 29.12 ms
PV04 t_ms=2058097 target=0 count=0 fps=27.8
total took 35.75 ms
PV04 t_ms=2058133 target=0 count=0 fps=27.8
total took 36.09 ms
PV04 t_ms=2058169 target=0 count=0 fps=27.8
total took 34.49 ms
PV04 t_ms=2058203 target=0 count=0 fps=29.4
total took 33.80 ms
PV04 t_ms=2058238 target=0 count=0 fps=28.6
total took 35.40 ms
PV04 t_ms=2058274 target=0 count=0 fps=27.8
total took 36.55 ms
PV04 t_ms=2058309 target=0 count=0 fps=28.6
total took 35.29 ms
PV04 t_ms=2058348 target=0 count=0 fps=25.6
total took 37.55 ms
PV04 t_ms=2058380 target=0 count=0 fps=31.3
total took 31.36 ms
PV04 t_ms=2058415 target=0 count=0 fps=28.6
total took 35.55 ms
PV04 t_ms=2058451 target=0 count=0 fps=27.8
total took 35.41 ms
PV04 t_ms=2058486 target=0 count=0 fps=28.6
total took 36.75 ms
PV04 t_ms=2058536 target=0 count=0 fps=20.0
total took 51.30 ms
PV04 t_ms=2058561 target=0 count=0 fps=40.0
total took 21.76 ms
PV04 t_ms=2058592 target=0 count=0 fps=32.3
total took 31.04 ms
PV04 t_ms=2058628 target=0 count=0 fps=27.8
total took 35.56 ms
PV04 t_ms=2058663 target=0 count=0 fps=28.6
total took 36.06 ms
PV04 t_ms=2058698 target=0 count=0 fps=28.6
total took 35.97 ms
PV04 t_ms=2058735 target=0 count=0 fps=27.0
total took 34.91 ms
PV04 t_ms=2058769 target=0 count=0 fps=29.4
total took 33.49 ms
PV04 t_ms=2058804 target=0 count=0 fps=28.6
total took 35.55 ms
PV04 t_ms=2058840 target=0 count=0 fps=27.8
total took 35.42 ms
PV04 t_ms=2058875 target=0 count=0 fps=28.6
total took 35.44 ms
PV04 t_ms=2058912 target=0 count=0 fps=27.0
total took 36.65 ms
PV04 t_ms=2058946 target=0 count=0 fps=29.4
total took 33.77 ms
PV04 t_ms=2058982 target=1 count=1 x=1090 y=0 w=358 h=295 cx=1269.0 cy=147.5 fps=27.8
total took 36.85 ms
PV04 t_ms=2059017 target=1 count=1 x=1048 y=0 w=406 h=326 cx=1251.0 cy=163.0 fps=28.6
total took 34.36 ms
PV04 t_ms=2059069 target=1 count=1 x=1088 y=0 w=394 h=327 cx=1285.0 cy=163.5 fps=19.2
total took 54.61 ms
PV04 t_ms=2059095 target=1 count=1 x=1111 y=0 w=396 h=401 cx=1309.0 cy=200.5 fps=38.5
total took 22.69 ms
PV04 t_ms=2059124 target=1 count=1 x=1080 y=0 w=421 h=462 cx=1290.5 cy=231.0 fps=34.5
total took 29.10 ms
PV04 t_ms=2059159 target=1 count=1 x=1058 y=29 w=415 h=502 cx=1265.5 cy=280.0 fps=28.6
total took 35.31 ms
PV04 t_ms=2059194 target=1 count=1 x=1047 y=95 w=413 h=479 cx=1253.5 cy=334.5 fps=28.6
total took 34.71 ms
PV04 t_ms=2059229 target=1 count=1 x=1061 y=153 w=410 h=474 cx=1266.0 cy=390.0 fps=28.6
total took 35.52 ms
PV04 t_ms=2059265 target=1 count=1 x=1068 y=169 w=412 h=466 cx=1274.0 cy=402.0 fps=27.8
total took 35.28 ms
PV04 t_ms=2059301 target=1 count=1 x=1041 y=220 w=399 h=462 cx=1240.5 cy=451.0 fps=27.8
total took 36.09 ms
PV04 t_ms=2059336 target=1 count=1 x=1046 y=220 w=372 h=433 cx=1232.0 cy=436.5 fps=28.6
total took 34.53 ms
PV04 t_ms=2059371 target=1 count=1 x=1026 y=198 w=386 h=466 cx=1219.0 cy=431.0 fps=28.6
total took 35.32 ms
PV04 t_ms=2059408 target=1 count=1 x=1008 y=229 w=388 h=470 cx=1202.0 cy=464.0 fps=27.0
total took 36.35 ms
PV04 t_ms=2059442 target=1 count=1 x=992 y=242 w=383 h=460 cx=1183.5 cy=472.0 fps=29.4
total took 34.20 ms
PV04 t_ms=2059477 target=1 count=1 x=971 y=256 w=391 h=441 cx=1166.5 cy=476.5 fps=28.6
total took 35.27 ms
PV04 t_ms=2059513 target=1 count=1 x=957 y=256 w=389 h=449 cx=1151.5 cy=480.5 fps=27.8
total took 35.99 ms
PV04 t_ms=2059548 target=1 count=1 x=953 y=281 w=377 h=435 cx=1141.5 cy=498.5 fps=28.6
total took 34.20 ms
PV04 t_ms=2059583 target=1 count=1 x=944 y=292 w=383 h=429 cx=1135.5 cy=506.5 fps=28.6
total took 35.49 ms
PV04 t_ms=2059620 target=1 count=1 x=932 y=282 w=382 h=454 cx=1123.0 cy=509.0 fps=27.0
total took 36.39 ms
PV04 t_ms=2059654 target=1 count=1 x=916 y=271 w=378 h=453 cx=1105.0 cy=497.5 fps=29.4
total took 34.61 ms
PV04 t_ms=2059691 target=1 count=1 x=882 y=263 w=392 h=461 cx=1078.0 cy=493.5 fps=27.0
total took 36.23 ms
PV04 t_ms=2059726 target=1 count=1 x=872 y=271 w=390 h=448 cx=1067.0 cy=495.0 fps=28.6
total took 34.87 ms
PV04 t_ms=2059761 target=1 count=1 x=867 y=270 w=378 h=436 cx=1056.0 cy=488.0 fps=28.6
total took 35.22 ms
PV04 t_ms=2059796 target=1 count=1 x=862 y=261 w=381 h=450 cx=1052.5 cy=486.0 fps=28.6
total took 34.76 ms
PV04 t_ms=2059832 target=1 count=1 x=854 y=270 w=386 h=452 cx=1047.0 cy=496.0 fps=27.8
total took 36.09 ms
PV04 t_ms=2059867 target=1 count=1 x=859 y=301 w=374 h=434 cx=1046.0 cy=518.0 fps=28.6
total took 34.12 ms
PV04 t_ms=2059903 target=1 count=1 x=860 y=308 w=377 h=448 cx=1048.5 cy=532.0 fps=27.8
total took 36.53 ms
PV04 t_ms=2059937 target=1 count=1 x=860 y=315 w=375 h=455 cx=1047.5 cy=542.5 fps=29.4
total took 33.59 ms
PV04 t_ms=2059972 target=1 count=1 x=859 y=320 w=377 h=456 cx=1047.5 cy=548.0 fps=28.6
total took 35.36 ms
PV04 t_ms=2060010 target=1 count=1 x=859 y=327 w=377 h=465 cx=1047.5 cy=559.5 fps=26.3
total took 37.13 ms
PV04 t_ms=2060044 target=1 count=1 x=854 y=345 w=371 h=440 cx=1039.5 cy=565.0 fps=29.4
total took 34.20 ms
PV04 t_ms=2060080 target=1 count=1 x=862 y=347 w=372 h=445 cx=1048.0 cy=569.5 fps=27.8
total took 35.73 ms
PV04 t_ms=2060115 target=1 count=1 x=859 y=351 w=368 h=453 cx=1043.0 cy=577.5 fps=28.6
total took 34.53 ms
PV04 t_ms=2060151 target=1 count=1 x=864 y=359 w=366 h=450 cx=1047.0 cy=584.0 fps=27.8
total took 36.87 ms
PV04 t_ms=2060187 target=1 count=1 x=860 y=411 w=375 h=455 cx=1047.5 cy=638.5 fps=27.8
total took 35.62 ms
PV04 t_ms=2060222 target=1 count=1 x=862 y=447 w=370 h=433 cx=1047.0 cy=663.5 fps=28.6
total took 34.97 ms
PV04 t_ms=2060256 target=1 count=1 x=857 y=403 w=377 h=433 cx=1045.5 cy=619.5 fps=29.4
total took 33.66 ms
PV04 t_ms=2060292 target=1 count=1 x=868 y=406 w=369 h=437 cx=1052.5 cy=624.5 fps=27.8
total took 36.02 ms
PV04 t_ms=2060328 target=1 count=1 x=879 y=389 w=382 h=440 cx=1070.0 cy=609.0 fps=27.8
total took 36.40 ms
PV04 t_ms=2060365 target=1 count=1 x=894 y=361 w=380 h=447 cx=1084.0 cy=584.5 fps=27.0
total took 36.61 ms
PV04 t_ms=2060399 target=1 count=1 x=904 y=332 w=377 h=449 cx=1092.5 cy=556.5 fps=29.4
total took 33.84 ms
PV04 t_ms=2060434 target=1 count=1 x=882 y=315 w=386 h=464 cx=1075.0 cy=547.0 fps=28.6
total took 34.15 ms
PV04 t_ms=2060468 target=1 count=1 x=892 y=347 w=391 h=466 cx=1087.5 cy=580.0 fps=29.4
total took 36.62 ms
PV04 t_ms=2060504 target=1 count=1 x=907 y=349 w=392 h=461 cx=1103.0 cy=579.5 fps=27.8
total took 35.16 ms
PV04 t_ms=2060541 target=1 count=1 x=921 y=324 w=379 h=467 cx=1110.5 cy=557.5 fps=27.0
total took 35.62 ms
PV04 t_ms=2060576 target=1 count=1 x=924 y=303 w=381 h=463 cx=1114.5 cy=534.5 fps=28.6
total took 34.99 ms
PV04 t_ms=2060612 target=1 count=1 x=902 y=273 w=389 h=466 cx=1096.5 cy=506.0 fps=27.8
total took 35.21 ms
PV04 t_ms=2060661 target=1 count=1 x=906 y=266 w=390 h=477 cx=1101.0 cy=504.5 fps=20.4
total took 50.56 ms
PV04 t_ms=2060685 target=1 count=1 x=881 y=263 w=398 h=468 cx=1080.0 cy=497.0 fps=41.7
total took 22.18 ms
PV04 t_ms=2060717 target=1 count=1 x=881 y=259 w=386 h=450 cx=1074.0 cy=484.0 fps=31.3
total took 32.60 ms
PV04 t_ms=2060752 target=1 count=1 x=866 y=242 w=383 h=443 cx=1057.5 cy=463.5 fps=28.6
total took 34.31 ms
PV04 t_ms=2060789 target=1 count=1 x=856 y=243 w=380 h=453 cx=1046.0 cy=469.5 fps=27.0
total took 37.17 ms
PV04 t_ms=2060824 target=1 count=1 x=849 y=245 w=379 h=469 cx=1038.5 cy=479.5 fps=28.6
total took 34.47 ms
PV04 t_ms=2060859 target=1 count=1 x=841 y=252 w=385 h=475 cx=1033.5 cy=489.5 fps=28.6
total took 35.00 ms
PV04 t_ms=2060894 target=1 count=1 x=835 y=265 w=376 h=462 cx=1023.0 cy=496.0 fps=28.6
total took 34.77 ms
PV04 t_ms=2060928 target=1 count=1 x=811 y=268 w=381 h=449 cx=1001.5 cy=492.5 fps=29.4
total took 34.70 ms
PV04 t_ms=2060964 target=1 count=1 x=803 y=264 w=364 h=446 cx=985.0 cy=487.0 fps=27.8
total took 35.31 ms
PV04 t_ms=2061000 target=1 count=1 x=802 y=270 w=343 h=428 cx=973.5 cy=484.0 fps=27.8
total took 36.23 ms
PV04 t_ms=2061035 target=1 count=1 x=802 y=270 w=327 h=406 cx=965.5 cy=473.0 fps=28.6
total took 34.44 ms
PV04 t_ms=2061071 target=1 count=1 x=789 y=244 w=313 h=387 cx=945.5 cy=437.5 fps=27.8
total took 36.14 ms
PV04 t_ms=2061106 target=1 count=1 x=774 y=192 w=328 h=428 cx=938.0 cy=406.0 fps=28.6
total took 34.59 ms
PV04 t_ms=2061141 target=1 count=1 x=781 y=250 w=324 h=421 cx=943.0 cy=460.5 fps=28.6
total took 35.09 ms
PV04 t_ms=2061191 target=1 count=1 x=788 y=264 w=321 h=416 cx=948.5 cy=472.0 fps=20.0
total took 51.42 ms
PV04 t_ms=2061216 target=1 count=1 x=797 y=275 w=318 h=420 cx=956.0 cy=485.0 fps=40.0
total took 23.51 ms
PV04 t_ms=2061246 target=1 count=1 x=798 y=312 w=314 h=389 cx=955.0 cy=506.5 fps=33.3
total took 30.28 ms
PV04 t_ms=2061284 target=1 count=1 x=799 y=315 w=318 h=398 cx=958.0 cy=514.0 fps=26.3
total took 37.00 ms
PV04 t_ms=2061318 target=1 count=1 x=804 y=323 w=321 h=391 cx=964.5 cy=518.5 fps=29.4
total took 34.54 ms
PV04 t_ms=2061352 target=1 count=1 x=809 y=310 w=317 h=399 cx=967.5 cy=509.5 fps=29.4
total took 34.05 ms
PV04 t_ms=2061390 target=1 count=1 x=808 y=294 w=321 h=412 cx=968.5 cy=500.0 fps=26.3
total took 37.51 ms
PV04 t_ms=2061424 target=1 count=1 x=813 y=289 w=313 h=408 cx=969.5 cy=493.0 fps=29.4
total took 34.27 ms
PV04 t_ms=2061460 target=1 count=1 x=809 y=291 w=321 h=411 cx=969.5 cy=496.5 fps=27.8
total took 35.59 ms
PV04 t_ms=2061495 target=1 count=1 x=809 y=296 w=318 h=411 cx=968.0 cy=501.5 fps=28.6
total took 34.77 ms
PV04 t_ms=2061531 target=1 count=1 x=801 y=319 w=323 h=401 cx=962.5 cy=519.5 fps=27.8
total took 36.21 ms
PV04 t_ms=2061567 target=1 count=1 x=806 y=321 w=321 h=400 cx=966.5 cy=521.0 fps=27.8
total took 36.14 ms
PV04 t_ms=2061602 target=1 count=1 x=803 y=332 w=324 h=396 cx=965.0 cy=530.0 fps=28.6
total took 34.83 ms
PV04 t_ms=2061636 target=1 count=1 x=798 y=322 w=338 h=420 cx=967.0 cy=532.0 fps=29.4
total took 34.15 ms
PV04 t_ms=2061673 target=1 count=1 x=802 y=333 w=326 h=406 cx=965.0 cy=536.0 fps=27.0
total took 36.16 ms
PV04 t_ms=2061708 target=1 count=1 x=799 y=335 w=326 h=398 cx=962.0 cy=534.0 fps=28.6
total took 34.99 ms
PV04 t_ms=2061743 target=1 count=1 x=804 y=340 w=318 h=391 cx=963.0 cy=535.5 fps=28.6
total took 35.44 ms
PV04 t_ms=2061780 target=1 count=1 x=800 y=332 w=330 h=408 cx=965.0 cy=536.0 fps=27.0
total took 36.00 ms
PV04 t_ms=2061814 target=1 count=1 x=803 y=339 w=321 h=397 cx=963.5 cy=537.5 fps=29.4
total took 34.47 ms
PV04 t_ms=2061850 target=1 count=1 x=803 y=337 w=325 h=402 cx=965.5 cy=538.0 fps=27.8
total took 35.59 ms
PV04 t_ms=2061885 target=1 count=1 x=805 y=338 w=322 h=400 cx=966.0 cy=538.0 fps=28.6
total took 34.56 ms
PV04 t_ms=2061921 target=1 count=1 x=796 y=339 w=324 h=402 cx=958.0 cy=540.0 fps=27.8
total took 36.68 ms
PV04 t_ms=2061957 target=1 count=1 x=800 y=341 w=319 h=395 cx=959.5 cy=538.5 fps=27.8
total took 35.55 ms
PV04 t_ms=2061992 target=1 count=1 x=795 y=348 w=314 h=386 cx=952.0 cy=541.0 fps=28.6
total took 35.04 ms
PV04 t_ms=2062026 target=1 count=1 x=799 y=336 w=312 h=398 cx=955.0 cy=535.0 fps=29.4
total took 33.79 ms
PV04 t_ms=2062062 target=1 count=1 x=800 y=328 w=309 h=395 cx=954.5 cy=525.5 fps=27.8
total took 36.04 ms
PV04 t_ms=2062097 target=1 count=1 x=794 y=346 w=318 h=388 cx=953.0 cy=540.0 fps=28.6
total took 35.11 ms
PV04 t_ms=2062134 target=1 count=1 x=795 y=351 w=321 h=391 cx=955.5 cy=546.5 fps=27.0
total took 36.47 ms
PV04 t_ms=2062169 target=1 count=1 x=792 y=347 w=336 h=407 cx=960.0 cy=550.5 fps=28.6
total took 35.03 ms
PV04 t_ms=2062204 target=1 count=1 x=812 y=372 w=324 h=393 cx=974.0 cy=568.5 fps=28.6
total took 34.42 ms
PV04 t_ms=2062238 target=1 count=1 x=828 y=356 w=331 h=416 cx=993.5 cy=564.0 fps=29.4
total took 36.42 ms
PV04 t_ms=2062273 target=1 count=1 x=837 y=352 w=315 h=413 cx=994.5 cy=558.5 fps=28.6
total took 35.23 ms
PV04 t_ms=2062311 target=1 count=1 x=845 y=372 w=317 h=407 cx=1003.5 cy=575.5 fps=26.3
total took 35.31 ms
PV04 t_ms=2062347 target=1 count=1 x=845 y=349 w=317 h=421 cx=1003.5 cy=559.5 fps=27.8
total took 35.73 ms
PV04 t_ms=2062380 target=1 count=1 x=842 y=351 w=320 h=423 cx=1002.0 cy=562.5 fps=30.3
total took 32.71 ms
PV04 t_ms=2062415 target=1 count=1 x=843 y=360 w=319 h=414 cx=1002.5 cy=567.0 fps=28.6
total took 37.10 ms
PV04 t_ms=2062450 target=1 count=1 x=856 y=364 w=312 h=408 cx=1012.0 cy=568.0 fps=28.6
total took 34.79 ms
PV04 t_ms=2062486 target=1 count=1 x=855 y=368 w=309 h=402 cx=1009.5 cy=569.0 fps=27.8
total took 33.78 ms
PV04 t_ms=2062521 target=1 count=1 x=853 y=377 w=307 h=397 cx=1006.5 cy=575.5 fps=28.6
total took 35.54 ms
PV04 t_ms=2062556 target=1 count=1 x=853 y=366 w=317 h=412 cx=1011.5 cy=572.0 fps=28.6
total took 35.30 ms
PV04 t_ms=2062593 target=1 count=1 x=855 y=373 w=313 h=409 cx=1011.5 cy=577.5 fps=27.0
total took 36.74 ms
PV04 t_ms=2062628 target=1 count=1 x=850 y=372 w=318 h=410 cx=1009.0 cy=577.0 fps=28.6
total took 34.11 ms
PV04 t_ms=2062664 target=1 count=1 x=857 y=363 w=313 h=420 cx=1013.5 cy=573.0 fps=27.8
total took 35.97 ms
PV04 t_ms=2062698 target=1 count=1 x=859 y=369 w=316 h=419 cx=1017.0 cy=578.5 fps=29.4
total took 34.45 ms
PV04 t_ms=2062734 target=1 count=1 x=864 y=363 w=315 h=422 cx=1021.5 cy=574.0 fps=27.8
total took 36.23 ms
PV04 t_ms=2062785 target=1 count=1 x=864 y=365 w=316 h=424 cx=1022.0 cy=577.0 fps=19.6
total took 51.17 ms
PV04 t_ms=2062810 target=1 count=1 x=859 y=367 w=317 h=420 cx=1017.5 cy=577.0 fps=40.0
total took 24.03 ms
PV04 t_ms=2062841 target=1 count=1 x=845 y=378 w=324 h=416 cx=1007.0 cy=586.0 fps=32.3
total took 30.77 ms
PV04 t_ms=2062877 target=1 count=1 x=849 y=382 w=317 h=411 cx=1007.5 cy=587.5 fps=27.8
total took 36.74 ms
PV04 t_ms=2062913 target=1 count=1 x=848 y=387 w=316 h=408 cx=1006.0 cy=591.0 fps=27.8
total took 34.97 ms
PV04 t_ms=2062948 target=1 count=1 x=849 y=394 w=314 h=404 cx=1006.0 cy=596.0 fps=28.6
total took 34.92 ms
PV04 t_ms=2062982 target=1 count=1 x=851 y=407 w=311 h=393 cx=1006.5 cy=603.5 fps=29.4
total took 34.58 ms
PV04 t_ms=2063016 target=1 count=1 x=847 y=409 w=311 h=389 cx=1002.5 cy=603.5 fps=29.4
total took 33.81 ms
PV04 t_ms=2063053 target=1 count=1 x=852 y=409 w=307 h=387 cx=1005.5 cy=602.5 fps=27.0
total took 36.92 ms
PV04 t_ms=2063088 target=1 count=1 x=842 y=406 w=315 h=397 cx=999.5 cy=604.5 fps=28.6
total took 35.05 ms
PV04 t_ms=2063125 target=1 count=1 x=842 y=408 w=316 h=397 cx=1000.0 cy=606.5 fps=27.0
total took 35.93 ms
PV04 t_ms=2063160 target=1 count=1 x=843 y=404 w=316 h=399 cx=1001.0 cy=603.5 fps=28.6
total took 35.13 ms
PV04 t_ms=2063194 target=1 count=1 x=846 y=410 w=315 h=402 cx=1003.5 cy=611.0 fps=29.4
total took 34.20 ms
PV04 t_ms=2063230 target=1 count=1 x=843 y=408 w=319 h=402 cx=1002.5 cy=609.0 fps=27.8
total took 35.80 ms
PV04 t_ms=2063266 target=1 count=1 x=845 y=415 w=313 h=394 cx=1001.5 cy=612.0 fps=27.8
total took 35.56 ms
PV04 t_ms=2063316 target=1 count=1 x=847 y=419 w=309 h=388 cx=1001.5 cy=613.0 fps=20.0
total took 51.87 ms
PV04 t_ms=2063340 target=1 count=1 x=848 y=406 w=313 h=400 cx=1004.5 cy=606.0 fps=41.7
total took 24.42 ms
PV04 t_ms=2063371 target=1 count=1 x=845 y=402 w=316 h=402 cx=1003.0 cy=603.0 fps=32.3
total took 30.49 ms
PV04 t_ms=2063406 target=1 count=1 x=845 y=403 w=317 h=398 cx=1003.5 cy=602.0 fps=28.6
total took 34.95 ms
PV04 t_ms=2063441 target=1 count=1 x=847 y=395 w=315 h=402 cx=1004.5 cy=596.0 fps=28.6
total took 34.11 ms
PV04 t_ms=2063479 target=1 count=1 x=851 y=393 w=318 h=413 cx=1010.0 cy=599.5 fps=26.3
total took 36.84 ms
PV04 t_ms=2063512 target=1 count=1 x=846 y=402 w=318 h=404 cx=1005.0 cy=604.0 fps=30.3
total took 32.97 ms
PV04 t_ms=2063547 target=1 count=1 x=844 y=404 w=316 h=397 cx=1002.0 cy=602.5 fps=28.6
total took 34.81 ms
PV04 t_ms=2063583 target=1 count=1 x=841 y=405 w=318 h=403 cx=1000.0 cy=606.5 fps=27.8
total took 36.99 ms
PV04 t_ms=2063618 target=1 count=1 x=844 y=389 w=319 h=411 cx=1003.5 cy=594.5 fps=28.6
total took 36.13 ms
PV04 t_ms=2063654 target=1 count=1 x=826 y=391 w=331 h=417 cx=991.5 cy=599.5 fps=27.8
total took 34.83 ms
PV04 t_ms=2063691 target=1 count=1 x=815 y=404 w=313 h=382 cx=971.5 cy=595.0 fps=27.0
total took 35.60 ms
PV04 t_ms=2063724 target=0 count=0 fps=30.3
total took 32.59 ms
PV04 t_ms=2063760 target=1 count=1 x=799 y=396 w=329 h=409 cx=963.5 cy=600.5 fps=27.8
total took 35.68 ms
PV04 t_ms=2063795 target=1 count=1 x=793 y=398 w=314 h=399 cx=950.0 cy=597.5 fps=28.6
total took 37.15 ms
PV04 t_ms=2063831 target=1 count=1 x=794 y=403 w=305 h=397 cx=946.5 cy=601.5 fps=27.8
total took 34.56 ms
PV04 t_ms=2063868 target=1 count=1 x=788 y=401 w=308 h=397 cx=942.0 cy=599.5 fps=27.0
total took 35.89 ms
PV04 t_ms=2063904 target=1 count=1 x=768 y=385 w=324 h=412 cx=930.0 cy=591.0 fps=27.8
total took 35.79 ms
PV04 t_ms=2063937 target=1 count=1 x=760 y=400 w=319 h=401 cx=919.5 cy=600.5 fps=30.3
total took 33.16 ms
PV04 t_ms=2063972 target=1 count=1 x=761 y=401 w=319 h=404 cx=920.5 cy=603.0 fps=28.6
total took 36.38 ms
PV04 t_ms=2064007 target=1 count=1 x=749 y=407 w=319 h=391 cx=908.5 cy=602.5 fps=28.6
total took 36.24 ms
PV04 t_ms=2064043 target=1 count=1 x=731 y=408 w=323 h=396 cx=892.5 cy=606.0 fps=27.8
total took 34.93 ms
PV04 t_ms=2064080 target=1 count=1 x=727 y=412 w=324 h=387 cx=889.0 cy=605.5 fps=27.0
total took 35.62 ms
PV04 t_ms=2064114 target=1 count=1 x=721 y=390 w=332 h=408 cx=887.0 cy=594.0 fps=29.4
total took 33.19 ms
PV04 t_ms=2064149 target=1 count=1 x=721 y=375 w=338 h=423 cx=890.0 cy=586.5 fps=28.6
total took 35.48 ms
PV04 t_ms=2064184 target=1 count=1 x=721 y=372 w=339 h=426 cx=890.5 cy=585.0 fps=28.6
total took 36.60 ms
PV04 t_ms=2064220 target=1 count=1 x=730 y=407 w=328 h=396 cx=894.0 cy=605.0 fps=27.8
total took 35.18 ms
PV04 t_ms=2064256 target=1 count=1 x=732 y=404 w=328 h=404 cx=896.0 cy=606.0 fps=27.8
total took 35.38 ms
PV04 t_ms=2064293 target=1 count=1 x=728 y=442 w=314 h=375 cx=885.0 cy=629.5 fps=27.0
total took 36.00 ms
PV04 t_ms=2064326 target=0 count=0 fps=30.3
total took 32.37 ms
PV04 t_ms=2064377 target=1 count=1 x=748 y=417 w=299 h=363 cx=897.5 cy=598.5 fps=19.6
total took 55.80 ms
PV04 t_ms=2064404 target=1 count=1 x=750 y=415 w=321 h=392 cx=910.5 cy=611.0 fps=37.0
total took 22.75 ms
PV04 t_ms=2064433 target=1 count=1 x=791 y=415 w=310 h=385 cx=946.0 cy=607.5 fps=34.5
total took 29.04 ms
PV04 t_ms=2064468 target=1 count=1 x=790 y=417 w=307 h=385 cx=943.5 cy=609.5 fps=28.6
total took 34.40 ms
PV04 t_ms=2064504 target=1 count=1 x=776 y=407 w=312 h=388 cx=932.0 cy=601.0 fps=27.8
total took 36.50 ms
PV04 t_ms=2064538 target=1 count=1 x=779 y=402 w=310 h=396 cx=934.0 cy=600.0 fps=29.4
total took 34.15 ms
PV04 t_ms=2064574 target=1 count=1 x=782 y=388 w=311 h=404 cx=937.5 cy=590.0 fps=27.8
total took 35.48 ms
PV04 t_ms=2064610 target=1 count=1 x=790 y=377 w=313 h=409 cx=946.5 cy=581.5 fps=27.8
total took 35.96 ms
PV04 t_ms=2064645 target=1 count=1 x=793 y=375 w=317 h=407 cx=951.5 cy=578.5 fps=28.6
total took 34.39 ms
PV04 t_ms=2064680 target=1 count=1 x=790 y=373 w=321 h=412 cx=950.5 cy=579.0 fps=28.6
total took 35.29 ms
PV04 t_ms=2064718 target=1 count=1 x=792 y=374 w=315 h=409 cx=949.5 cy=578.5 fps=26.3
total took 37.29 ms
PV04 t_ms=2064752 target=1 count=1 x=791 y=371 w=318 h=413 cx=950.0 cy=577.5 fps=29.4
total took 34.69 ms
PV04 t_ms=2064787 target=1 count=1 x=791 y=379 w=315 h=407 cx=948.5 cy=582.5 fps=28.6
total took 34.00 ms
PV04 t_ms=2064822 target=1 count=1 x=796 y=394 w=308 h=399 cx=950.0 cy=593.5 fps=28.6
total took 35.76 ms
PV04 t_ms=2064858 target=1 count=1 x=796 y=386 w=310 h=399 cx=951.0 cy=585.5 fps=27.8
total took 36.52 ms
PV04 t_ms=2064909 target=1 count=1 x=789 y=384 w=317 h=407 cx=947.5 cy=587.5 fps=19.6
total took 51.22 ms
PV04 t_ms=2064933 target=1 count=1 x=791 y=385 w=311 h=404 cx=946.5 cy=587.0 fps=41.7
total took 24.69 ms
PV04 t_ms=2064963 target=1 count=1 x=788 y=379 w=314 h=411 cx=945.0 cy=584.5 fps=33.3
total took 29.50 ms
PV04 t_ms=2064998 target=1 count=1 x=790 y=376 w=316 h=411 cx=948.0 cy=581.5 fps=28.6
total took 33.66 ms
PV04 t_ms=2065035 target=1 count=1 x=791 y=375 w=314 h=412 cx=948.0 cy=581.0 fps=27.0
total took 35.88 ms
PV04 t_ms=2065069 target=1 count=1 x=793 y=372 w=312 h=412 cx=949.0 cy=578.0 fps=29.4
total took 34.38 ms
PV04 t_ms=2065105 target=1 count=1 x=793 y=368 w=314 h=414 cx=950.0 cy=575.0 fps=27.8
total took 35.43 ms
PV04 t_ms=2065140 target=1 count=1 x=791 y=376 w=314 h=410 cx=948.0 cy=581.0 fps=28.6
total took 35.69 ms
PV04 t_ms=2065175 target=1 count=1 x=793 y=375 w=315 h=412 cx=950.5 cy=581.0 fps=28.6
total took 36.79 ms
PV04 t_ms=2065211 target=1 count=1 x=792 y=377 w=314 h=410 cx=949.0 cy=582.0 fps=27.8
total took 33.49 ms
PV04 t_ms=2065248 target=1 count=1 x=791 y=374 w=316 h=412 cx=949.0 cy=580.0 fps=27.0
total took 36.53 ms
PV04 t_ms=2065282 target=1 count=1 x=795 y=379 w=310 h=405 cx=950.0 cy=581.5 fps=29.4
total took 34.58 ms
PV04 t_ms=2065317 target=1 count=1 x=794 y=378 w=310 h=406 cx=949.0 cy=581.0 fps=28.6
total took 35.09 ms
PV04 t_ms=2065353 target=1 count=1 x=792 y=373 w=316 h=410 cx=950.0 cy=578.0 fps=27.8
total took 35.14 ms
PV04 t_ms=2065389 target=1 count=1 x=791 y=377 w=315 h=414 cx=948.5 cy=584.0 fps=27.8
total took 36.22 ms
PV04 t_ms=2065424 target=1 count=1 x=790 y=374 w=318 h=414 cx=949.0 cy=581.0 fps=28.6
total took 35.33 ms
PV04 t_ms=2065459 target=1 count=1 x=790 y=383 w=315 h=406 cx=947.5 cy=586.0 fps=28.6
total took 34.55 ms
PV04 t_ms=2065494 target=1 count=1 x=794 y=387 w=314 h=401 cx=951.0 cy=587.5 fps=28.6
total took 34.38 ms
PV04 t_ms=2065531 target=1 count=1 x=792 y=386 w=317 h=402 cx=950.5 cy=587.0 fps=27.0
total took 37.51 ms
PV04 t_ms=2065565 target=1 count=1 x=789 y=386 w=318 h=404 cx=948.0 cy=588.0 fps=29.4
total took 34.04 ms
PV04 t_ms=2065601 target=1 count=1 x=793 y=393 w=309 h=397 cx=947.5 cy=591.5 fps=27.8
total took 36.05 ms
PV04 t_ms=2065636 target=1 count=1 x=784 y=398 w=316 h=400 cx=942.0 cy=598.0 fps=28.6
total took 34.65 ms
PV04 t_ms=2065673 target=1 count=1 x=791 y=403 w=310 h=392 cx=946.0 cy=599.0 fps=27.0
total took 36.91 ms
PV04 t_ms=2065708 target=1 count=1 x=789 y=402 w=318 h=395 cx=948.0 cy=599.5 fps=28.6
total took 35.12 ms
PV04 t_ms=2065743 target=0 count=0 fps=28.6
total took 33.98 ms
PV04 t_ms=2065777 target=1 count=1 x=777 y=368 w=320 h=459 cx=937.0 cy=597.5 fps=29.4
total took 34.83 ms
PV04 t_ms=2065812 target=1 count=1 x=786 y=409 w=320 h=409 cx=946.0 cy=613.5 fps=28.6
total took 36.54 ms
PV04 t_ms=2065850 target=1 count=1 x=747 y=426 w=329 h=396 cx=911.5 cy=624.0 fps=26.3
total took 35.70 ms
PV04 t_ms=2065886 target=1 count=1 x=729 y=446 w=338 h=397 cx=898.0 cy=644.5 fps=27.8
total took 35.62 ms
PV04 t_ms=2065921 target=1 count=1 x=780 y=470 w=328 h=392 cx=944.0 cy=666.0 fps=28.6
total took 35.45 ms
PV04 t_ms=2065955 target=1 count=1 x=799 y=461 w=326 h=414 cx=962.0 cy=668.0 fps=29.4
total took 33.15 ms
PV04 t_ms=2065992 target=1 count=1 x=799 y=459 w=332 h=416 cx=965.0 cy=667.0 fps=27.0
total took 37.14 ms
PV04 t_ms=2066026 target=1 count=1 x=797 y=461 w=335 h=421 cx=964.5 cy=671.5 fps=29.4
total took 35.10 ms
PV04 t_ms=2066063 target=1 count=1 x=801 y=461 w=329 h=414 cx=965.5 cy=668.0 fps=27.0
total took 36.03 ms
PV04 t_ms=2066098 target=1 count=1 x=792 y=459 w=329 h=420 cx=956.5 cy=669.0 fps=28.6
total took 34.65 ms
PV04 t_ms=2066133 target=1 count=1 x=786 y=463 w=330 h=424 cx=951.0 cy=675.0 fps=28.6
total took 34.77 ms
PV04 t_ms=2066167 target=1 count=1 x=790 y=467 w=324 h=418 cx=952.0 cy=676.0 fps=29.4
total took 34.24 ms
PV04 t_ms=2066203 target=1 count=1 x=789 y=471 w=324 h=413 cx=951.0 cy=677.5 fps=27.8
total took 36.21 ms
PV04 t_ms=2066238 target=1 count=1 x=793 y=492 w=324 h=411 cx=955.0 cy=697.5 fps=28.6
total took 34.65 ms
PV04 t_ms=2066275 target=1 count=1 x=815 y=597 w=333 h=419 cx=981.5 cy=806.5 fps=27.0
total took 36.50 ms
PV04 t_ms=2066309 target=1 count=1 x=815 y=630 w=337 h=400 cx=983.5 cy=830.0 fps=29.4
total took 34.73 ms
PV04 t_ms=2066344 target=1 count=1 x=820 y=629 w=332 h=401 cx=986.0 cy=829.5 fps=28.6
total took 34.53 ms
PV04 t_ms=2066382 target=1 count=1 x=806 y=636 w=305 h=386 cx=958.5 cy=829.0 fps=26.3
total took 37.34 ms
PV04 t_ms=2066415 target=0 count=0 fps=30.3
total took 33.23 ms
PV04 t_ms=2066451 target=1 count=1 x=818 y=582 w=327 h=393 cx=981.5 cy=778.5 fps=27.8
total took 36.25 ms
PV04 t_ms=2066501 target=1 count=1 x=837 y=583 w=326 h=395 cx=1000.0 cy=780.5 fps=20.0
total took 51.60 ms
PV04 t_ms=2066527 target=1 count=1 x=836 y=586 w=334 h=407 cx=1003.0 cy=789.5 fps=38.5
total took 23.65 ms
PV04 t_ms=2066555 target=1 count=1 x=843 y=593 w=326 h=407 cx=1006.0 cy=796.5 fps=35.7
total took 28.46 ms
PV04 t_ms=2066591 target=1 count=1 x=836 y=640 w=334 h=411 cx=1003.0 cy=845.5 fps=27.8
total took 36.61 ms
PV04 t_ms=2066627 target=1 count=1 x=821 y=612 w=338 h=424 cx=990.0 cy=824.0 fps=27.8
total took 35.84 ms
PV04 t_ms=2066664 target=1 count=1 x=819 y=623 w=338 h=415 cx=988.0 cy=830.5 fps=27.0
total took 35.82 ms
PV04 t_ms=2066699 target=1 count=1 x=822 y=636 w=351 h=425 cx=997.5 cy=848.5 fps=28.6
total took 35.30 ms
PV04 t_ms=2066734 target=1 count=1 x=843 y=646 w=345 h=418 cx=1015.5 cy=855.0 fps=28.6
total took 34.37 ms
PV04 t_ms=2066768 target=1 count=1 x=852 y=648 w=353 h=423 cx=1028.5 cy=859.5 fps=29.4
total took 36.33 ms
PV04 t_ms=2066803 target=1 count=1 x=860 y=648 w=347 h=430 cx=1033.5 cy=863.0 fps=28.6
total took 34.91 ms
PV04 t_ms=2066841 target=1 count=1 x=859 y=659 w=355 h=414 cx=1036.5 cy=866.0 fps=26.3
total took 36.01 ms
PV04 t_ms=2066877 target=1 count=1 x=867 y=664 w=351 h=409 cx=1042.5 cy=868.5 fps=27.8
total took 35.21 ms
PV04 t_ms=2066912 target=1 count=1 x=858 y=652 w=369 h=428 cx=1042.5 cy=866.0 fps=28.6
total took 34.82 ms
PV04 t_ms=2066945 target=1 count=1 x=870 y=663 w=351 h=409 cx=1045.5 cy=867.5 fps=30.3
total took 35.00 ms
PV04 t_ms=2066981 target=1 count=1 x=861 y=624 w=360 h=440 cx=1041.0 cy=844.0 fps=27.8
total took 34.88 ms
PV04 t_ms=2067017 target=1 count=1 x=855 y=557 w=351 h=439 cx=1030.5 cy=776.5 fps=27.8
total took 35.28 ms
PV04 t_ms=2067053 target=1 count=1 x=849 y=548 w=357 h=445 cx=1027.5 cy=770.5 fps=27.8
total took 36.00 ms
PV04 t_ms=2067087 target=1 count=1 x=845 y=530 w=358 h=448 cx=1024.0 cy=754.0 fps=29.4
total took 33.48 ms
PV04 t_ms=2067122 target=1 count=1 x=839 y=507 w=362 h=458 cx=1020.0 cy=736.0 fps=28.6
total took 37.00 ms
PV04 t_ms=2067158 target=1 count=1 x=836 y=502 w=362 h=451 cx=1017.0 cy=727.5 fps=27.8
total took 35.71 ms
PV04 t_ms=2067194 target=1 count=1 x=828 y=454 w=369 h=462 cx=1012.5 cy=685.0 fps=27.8
total took 35.54 ms
PV04 t_ms=2067230 target=1 count=1 x=832 y=437 w=361 h=435 cx=1012.5 cy=654.5 fps=27.8
total took 35.01 ms
PV04 t_ms=2067264 target=1 count=1 x=836 y=361 w=368 h=462 cx=1020.0 cy=592.0 fps=29.4
total took 33.10 ms
PV04 t_ms=2067299 target=1 count=1 x=839 y=346 w=371 h=467 cx=1024.5 cy=579.5 fps=28.6
total took 35.22 ms
PV04 t_ms=2067335 target=1 count=1 x=844 y=345 w=374 h=464 cx=1031.0 cy=577.0 fps=27.8
total took 37.31 ms
PV04 t_ms=2067370 target=1 count=1 x=863 y=357 w=363 h=442 cx=1044.5 cy=578.0 fps=28.6
total took 34.73 ms
PV04 t_ms=2067407 target=1 count=1 x=871 y=321 w=355 h=436 cx=1048.5 cy=539.0 fps=27.0
total took 35.68 ms
PV04 t_ms=2067443 target=1 count=1 x=888 y=235 w=360 h=453 cx=1068.0 cy=461.5 fps=27.8
total took 35.68 ms
PV04 t_ms=2067478 target=1 count=1 x=911 y=191 w=380 h=476 cx=1101.0 cy=429.0 fps=28.6
total took 35.10 ms
PV04 t_ms=2067512 target=1 count=1 x=926 y=129 w=388 h=491 cx=1120.0 cy=374.5 fps=29.4
total took 34.57 ms
PV04 t_ms=2067564 target=1 count=1 x=933 y=104 w=377 h=470 cx=1121.5 cy=339.0 fps=19.2
total took 53.17 ms
PV04 t_ms=2067589 target=0 count=0 fps=40.0
total took 21.84 ms
PV04 t_ms=2067618 target=1 count=1 x=935 y=42 w=405 h=544 cx=1137.5 cy=314.0 fps=34.5
total took 29.30 ms
PV04 t_ms=2067655 target=1 count=1 x=912 y=93 w=380 h=532 cx=1102.0 cy=359.0 fps=27.0
total took 37.43 ms
PV04 t_ms=2067688 target=1 count=1 x=905 y=137 w=373 h=514 cx=1091.5 cy=394.0 fps=30.3
total took 33.17 ms
PV04 t_ms=2067724 target=1 count=1 x=872 y=196 w=380 h=515 cx=1062.0 cy=453.5 fps=27.8
total took 36.93 ms
PV04 t_ms=2067759 target=1 count=1 x=856 y=283 w=371 h=498 cx=1041.5 cy=532.0 fps=28.6
total took 33.74 ms
PV04 t_ms=2067796 target=1 count=1 x=852 y=316 w=392 h=507 cx=1048.0 cy=569.5 fps=27.0
total took 36.74 ms
PV04 t_ms=2067830 target=1 count=1 x=852 y=351 w=384 h=497 cx=1044.0 cy=599.5 fps=29.4
total took 34.20 ms
PV04 t_ms=2067866 target=1 count=1 x=848 y=374 w=376 h=482 cx=1036.0 cy=615.0 fps=27.8
total took 35.62 ms
PV04 t_ms=2067901 target=1 count=1 x=834 y=376 w=380 h=488 cx=1024.0 cy=620.0 fps=28.6
total took 36.25 ms
PV04 t_ms=2067936 target=1 count=1 x=817 y=343 w=381 h=495 cx=1007.5 cy=590.5 fps=28.6
total took 33.73 ms
PV04 t_ms=2067973 target=1 count=1 x=810 y=337 w=369 h=474 cx=994.5 cy=574.0 fps=27.0
total took 36.27 ms
PV04 t_ms=2068008 target=1 count=1 x=826 y=323 w=364 h=473 cx=1008.0 cy=559.5 fps=28.6
total took 35.17 ms
PV04 t_ms=2068042 target=1 count=1 x=819 y=305 w=376 h=492 cx=1007.0 cy=551.0 fps=29.4
total took 34.54 ms
PV04 t_ms=2068096 target=1 count=1 x=813 y=323 w=377 h=481 cx=1001.5 cy=563.5 fps=18.5
total took 53.33 ms
PV04 t_ms=2068119 target=1 count=1 x=817 y=319 w=372 h=477 cx=1003.0 cy=557.5 fps=43.5
total took 22.64 ms
PV04 t_ms=2068151 target=1 count=1 x=830 y=305 w=364 h=453 cx=1012.0 cy=531.5 fps=31.3
total took 31.82 ms
PV04 t_ms=2068185 target=1 count=1 x=834 y=249 w=370 h=467 cx=1019.0 cy=482.5 fps=29.4
total took 34.51 ms
PV04 t_ms=2068220 target=1 count=1 x=850 y=200 w=372 h=460 cx=1036.0 cy=430.0 fps=28.6
total took 34.53 ms
PV04 t_ms=2068254 target=1 count=1 x=867 y=127 w=365 h=460 cx=1049.5 cy=357.0 fps=29.4
total took 34.58 ms
PV04 t_ms=2068290 target=1 count=1 x=885 y=54 w=387 h=487 cx=1078.5 cy=297.5 fps=27.8
total took 35.59 ms
PV04 t_ms=2068326 target=1 count=1 x=917 y=27 w=392 h=510 cx=1113.0 cy=282.0 fps=27.8
total took 35.45 ms
PV04 t_ms=2068364 target=1 count=1 x=940 y=46 w=395 h=517 cx=1137.5 cy=304.5 fps=26.3
total took 37.62 ms
PV04 t_ms=2068396 target=1 count=1 x=944 y=28 w=390 h=482 cx=1139.0 cy=269.0 fps=31.3
total took 32.56 ms
PV04 t_ms=2068434 target=1 count=1 x=957 y=4 w=386 h=476 cx=1150.0 cy=242.0 fps=26.3
total took 37.39 ms
PV04 t_ms=2068470 target=1 count=1 x=950 y=0 w=408 h=445 cx=1154.0 cy=222.5 fps=27.8
total took 36.19 ms
PV04 t_ms=2068504 target=1 count=1 x=953 y=0 w=411 h=421 cx=1158.5 cy=210.5 fps=29.4
total took 33.39 ms
PV04 t_ms=2068539 target=1 count=1 x=968 y=0 w=390 h=395 cx=1163.0 cy=197.5 fps=28.6
total took 35.66 ms
PV04 t_ms=2068575 target=1 count=1 x=966 y=0 w=399 h=394 cx=1165.5 cy=197.0 fps=27.8
total took 35.47 ms
PV04 t_ms=2068625 target=1 count=1 x=967 y=0 w=392 h=397 cx=1163.0 cy=198.5 fps=20.0
total took 51.71 ms
PV04 t_ms=2068650 target=1 count=1 x=977 y=0 w=389 h=392 cx=1171.5 cy=196.0 fps=40.0
total took 23.00 ms
PV04 t_ms=2068681 target=1 count=1 x=965 y=0 w=397 h=378 cx=1163.5 cy=189.0 fps=32.3
total took 31.49 ms
PV04 t_ms=2068715 target=1 count=1 x=966 y=0 w=387 h=375 cx=1159.5 cy=187.5 fps=29.4
total took 33.72 ms
PV04 t_ms=2068750 target=1 count=1 x=960 y=0 w=384 h=367 cx=1152.0 cy=183.5 fps=28.6
total took 36.22 ms
PV04 t_ms=2068787 target=1 count=1 x=951 y=0 w=396 h=360 cx=1149.0 cy=180.0 fps=27.0
total took 35.94 ms
PV04 t_ms=2068823 target=1 count=1 x=941 y=0 w=407 h=351 cx=1144.5 cy=175.5 fps=27.8
total took 35.72 ms
PV04 t_ms=2068859 target=1 count=1 x=928 y=0 w=411 h=340 cx=1133.5 cy=170.0 fps=27.8
total took 35.23 ms
PV04 t_ms=2068894 target=1 count=1 x=929 y=0 w=405 h=331 cx=1131.5 cy=165.5 fps=28.6
total took 34.71 ms
PV04 t_ms=2068928 target=1 count=1 x=965 y=0 w=401 h=348 cx=1165.5 cy=174.0 fps=29.4
total took 33.88 ms
PV04 t_ms=2068962 target=1 count=1 x=985 y=0 w=399 h=354 cx=1184.5 cy=177.0 fps=29.4
total took 36.64 ms
PV04 t_ms=2069000 target=1 count=1 x=988 y=0 w=400 h=363 cx=1188.0 cy=181.5 fps=26.3
total took 35.77 ms
PV04 t_ms=2069036 target=1 count=1 x=1006 y=0 w=405 h=390 cx=1208.5 cy=195.0 fps=27.8
total took 35.52 ms
PV04 t_ms=2069070 target=1 count=1 x=1025 y=0 w=426 h=405 cx=1238.0 cy=202.5 fps=29.4
total took 34.18 ms
PV04 t_ms=2069105 target=1 count=1 x=1040 y=0 w=417 h=420 cx=1248.5 cy=210.0 fps=28.6
total took 34.44 ms
PV04 t_ms=2069141 target=0 count=0 fps=27.8
total took 35.55 ms
PV04 t_ms=2069177 target=0 count=0 fps=27.8
total took 36.27 ms
PV04 t_ms=2069214 target=1 count=1 x=1037 y=0 w=415 h=407 cx=1244.5 cy=203.5 fps=27.0
total took 36.56 ms
PV04 t_ms=2069248 target=1 count=1 x=1055 y=0 w=406 h=398 cx=1258.0 cy=199.0 fps=29.4
total took 34.92 ms
PV04 t_ms=2069282 target=1 count=1 x=1075 y=0 w=391 h=356 cx=1270.5 cy=178.0 fps=29.4
total took 34.15 ms
PV04 t_ms=2069317 target=1 count=1 x=1105 y=0 w=358 h=294 cx=1284.0 cy=147.0 fps=28.6
total took 34.19 ms
PV04 t_ms=2069352 target=1 count=1 x=1142 y=0 w=308 h=233 cx=1296.0 cy=116.5 fps=28.6
total took 35.35 ms
PV04 t_ms=2069389 target=0 count=0 fps=27.0
total took 36.35 ms
PV04 t_ms=2069425 target=0 count=0 fps=27.8
total took 35.35 ms
PV04 t_ms=2069459 target=0 count=0 fps=29.4
total took 34.49 ms
PV04 t_ms=2069495 target=0 count=0 fps=27.8
total took 35.94 ms
PV04 t_ms=2069528 target=0 count=0 fps=30.3
total took 34.65 ms
PV04 t_ms=2069564 target=0 count=0 fps=27.8
total took 34.88 ms
PV04 t_ms=2069601 target=0 count=0 fps=27.0
total took 35.96 ms
PV04 t_ms=2069637 target=0 count=0 fps=27.8
total took 35.69 ms
PV04 t_ms=2069686 target=0 count=0 fps=20.4
total took 50.61 ms
PV04 t_ms=2069710 target=0 count=0 fps=41.7
total took 23.04 ms
PV04 t_ms=2069742 target=0 count=0 fps=31.3
total took 30.58 ms
PV04 t_ms=2069777 target=0 count=0 fps=28.6
total took 35.69 ms
PV04 t_ms=2069812 target=0 count=0 fps=28.6
total took 34.48 ms
PV04 t_ms=2069847 target=0 count=0 fps=28.6
total took 35.64 ms
PV04 t_ms=2069884 target=0 count=0 fps=27.0
total took 35.99 ms
PV04 t_ms=2069921 target=0 count=0 fps=27.0
total took 36.94 ms
PV04 t_ms=2069954 target=0 count=0 fps=30.3
total took 32.92 ms
PV04 t_ms=2069990 target=0 count=0 fps=27.8
total took 36.86 ms
PV04 t_ms=2070026 target=0 count=0 fps=27.8
total took 35.32 ms
PV04 t_ms=2070061 target=0 count=0 fps=28.6
total took 34.79 ms
PV04 t_ms=2070095 target=0 count=0 fps=29.4
total took 34.25 ms
PV04 t_ms=2070132 target=0 count=0 fps=27.0
total took 36.34 ms
PV04 t_ms=2070167 target=0 count=0 fps=28.6
total took 35.13 ms
PV04 t_ms=2070218 target=0 count=0 fps=19.6
total took 51.48 ms
PV04 t_ms=2070241 target=0 count=0 fps=43.5
total took 21.98 ms
PV04 t_ms=2070273 target=0 count=0 fps=31.3
total took 32.37 ms
PV04 t_ms=2070309 target=0 count=0 fps=27.8
total took 35.30 ms
PV04 t_ms=2070344 target=0 count=0 fps=28.6
total took 35.44 ms
PV04 t_ms=2070379 target=0 count=0 fps=28.6
total took 35.17 ms
PV04 t_ms=2070416 target=0 count=0 fps=27.0
total took 35.99 ms
PV04 t_ms=2070450 target=0 count=0 fps=29.4
total took 34.22 ms
PV04 t_ms=2070484 target=0 count=0 fps=29.4
total took 36.61 ms
PV04 t_ms=2070521 target=0 count=0 fps=27.0
total took 34.08 ms
PV04 t_ms=2070556 target=0 count=0 fps=28.6
total took 35.31 ms
PV04 t_ms=2070592 target=0 count=0 fps=27.8
total took 35.39 ms
PV04 t_ms=2070628 target=0 count=0 fps=27.8
total took 36.55 ms
PV04 t_ms=2070662 target=0 count=0 fps=29.4
total took 33.64 ms
PV04 t_ms=2070697 target=0 count=0 fps=28.6
total took 34.49 ms
PV04 t_ms=2070748 target=0 count=0 fps=19.6
total took 53.32 ms
PV04 t_ms=2070774 target=0 count=0 fps=38.5
total took 23.21 ms
PV04 t_ms=2070804 target=0 count=0 fps=33.3
total took 30.43 ms
PV04 t_ms=2070839 target=0 count=0 fps=28.6
total took 35.33 ms
PV04 t_ms=2070874 target=0 count=0 fps=28.6
total took 34.38 ms
PV04 t_ms=2070910 target=0 count=0 fps=27.8
total took 35.94 ms
PV04 t_ms=2070945 target=0 count=0 fps=28.6
total took 34.74 ms
PV04 t_ms=2070982 target=0 count=0 fps=27.0
total took 36.94 ms
PV04 t_ms=2071017 target=0 count=0 fps=28.6
total took 35.12 ms
PV04 t_ms=2071052 target=0 count=0 fps=28.6
total took 34.73 ms
PV04 t_ms=2071087 target=0 count=0 fps=28.6
total took 34.58 ms
PV04 t_ms=2071123 target=0 count=0 fps=27.8
total took 36.31 ms
PV04 t_ms=2071158 target=0 count=0 fps=28.6
total took 35.46 ms
PV04 t_ms=2071194 target=0 count=0 fps=27.8
total took 35.16 ms
PV04 t_ms=2071229 target=0 count=0 fps=28.6
total took 34.87 ms
PV04 t_ms=2071264 target=0 count=0 fps=28.6
total took 34.84 ms
PV04 t_ms=2071299 target=0 count=0 fps=28.6
total took 35.55 ms
PV04 t_ms=2071335 target=0 count=0 fps=27.8
total took 35.43 ms
PV04 t_ms=2071371 target=0 count=0 fps=27.8
total took 35.96 ms
PV04 t_ms=2071406 target=0 count=0 fps=28.6
total took 35.17 ms
PV04 t_ms=2071441 target=0 count=0 fps=28.6
total took 34.80 ms
PV04 t_ms=2071476 target=0 count=0 fps=28.6
total took 34.49 ms
PV04 t_ms=2071512 target=0 count=0 fps=27.8
total took 36.36 ms
PV04 t_ms=2071547 target=0 count=0 fps=28.6
total took 34.29 ms
PV04 t_ms=2071584 target=0 count=0 fps=27.0
total took 37.05 ms
PV04 t_ms=2071619 target=0 count=0 fps=28.6
total took 34.71 ms
PV04 t_ms=2071653 target=0 count=0 fps=29.4
total took 35.54 ms
PV04 t_ms=2071689 target=0 count=0 fps=27.8
total took 34.44 ms
PV04 t_ms=2071725 target=0 count=0 fps=27.8
total took 35.68 ms
PV04 t_ms=2071759 target=0 count=0 fps=29.4
total took 34.53 ms
PV04 t_ms=2071809 target=0 count=0 fps=20.0
total took 51.34 ms
PV04 t_ms=2071833 target=0 count=0 fps=41.7
total took 22.06 ms
PV04 t_ms=2071865 target=0 count=0 fps=31.3
total took 32.51 ms
PV04 t_ms=2071901 target=0 count=0 fps=27.8
total took 35.71 ms
PV04 t_ms=2071937 target=0 count=0 fps=27.8
total took 35.27 ms
PV04 t_ms=2071972 target=0 count=0 fps=28.6
total took 35.22 ms
PV04 t_ms=2072008 target=0 count=0 fps=27.8
total took 35.52 ms
PV04 t_ms=2072042 target=0 count=0 fps=29.4
total took 34.42 ms
PV04 t_ms=2072077 target=0 count=0 fps=28.6
total took 34.88 ms
PV04 t_ms=2072113 target=0 count=0 fps=27.8
total took 36.02 ms
PV04 t_ms=2072148 target=0 count=0 fps=28.6
total took 34.65 ms
PV04 t_ms=2072185 target=0 count=0 fps=27.0
total took 36.56 ms
PV04 t_ms=2072220 target=0 count=0 fps=28.6
total took 34.96 ms
PV04 t_ms=2072254 target=0 count=0 fps=29.4
total took 34.56 ms
PV04 t_ms=2072291 target=0 count=0 fps=27.0
total took 36.31 ms
PV04 t_ms=2072343 target=0 count=0 fps=19.2
total took 52.21 ms
PV04 t_ms=2072366 target=0 count=0 fps=43.5
total took 23.25 ms
PV04 t_ms=2072397 target=0 count=0 fps=32.3
total took 30.57 ms
PV04 t_ms=2072432 target=0 count=0 fps=28.6
total took 34.81 ms
PV04 t_ms=2072467 target=0 count=0 fps=28.6
total took 34.75 ms
PV04 t_ms=2072503 target=0 count=0 fps=27.8
total took 36.14 ms
PV04 t_ms=2072538 target=0 count=0 fps=28.6
total took 34.37 ms
PV04 t_ms=2072573 target=0 count=0 fps=28.6
total took 35.11 ms
PV04 t_ms=2072609 target=0 count=0 fps=27.8
total took 36.32 ms
PV04 t_ms=2072644 target=0 count=0 fps=28.6
total took 34.60 ms
PV04 t_ms=2072680 target=0 count=0 fps=27.8
total took 35.73 ms
PV04 t_ms=2072715 target=0 count=0 fps=28.6
total took 35.18 ms
PV04 t_ms=2072750 target=0 count=0 fps=28.6
total took 34.92 ms
PV04 t_ms=2072787 target=0 count=0 fps=27.0
total took 36.70 ms
PV04 t_ms=2072822 target=0 count=0 fps=28.6
total took 34.59 ms
PV04 t_ms=2072856 target=0 count=0 fps=29.4
total took 34.27 ms
PV04 t_ms=2072891 target=0 count=0 fps=28.6
total took 35.53 ms
PV04 t_ms=2072928 target=0 count=0 fps=27.0
total took 36.09 ms
PV04 t_ms=2072964 target=0 count=0 fps=27.8
total took 35.44 ms
PV04 t_ms=2072999 target=0 count=0 fps=28.6
total took 35.11 ms
PV04 t_ms=2073034 target=0 count=0 fps=28.6
total took 34.68 ms
PV04 t_ms=2073069 target=0 count=0 fps=28.6
total took 35.31 ms
PV04 t_ms=2073105 target=0 count=0 fps=27.8
total took 35.88 ms
PV04 t_ms=2073141 target=0 count=0 fps=27.8
total took 35.67 ms
PV04 t_ms=2073176 target=0 count=0 fps=28.6
total took 35.07 ms
PV04 t_ms=2073211 target=0 count=0 fps=28.6
total took 34.96 ms
PV04 t_ms=2073246 target=0 count=0 fps=28.6
total took 34.48 ms
PV04 t_ms=2073282 target=0 count=0 fps=27.8
total took 36.27 ms
PV04 t_ms=2073316 target=0 count=0 fps=29.4
total took 34.23 ms
PV04 t_ms=2073353 target=0 count=0 fps=27.0
total took 36.30 ms
PV04 t_ms=2073404 target=0 count=0 fps=19.6
total took 51.74 ms
PV04 t_ms=2073427 target=0 count=0 fps=43.5
total took 22.02 ms
PV04 t_ms=2073460 target=0 count=0 fps=30.3
total took 33.12 ms
PV04 t_ms=2073494 target=0 count=0 fps=29.4
total took 33.59 ms
PV04 t_ms=2073528 target=0 count=0 fps=29.4
total took 34.45 ms
PV04 t_ms=2073565 target=0 count=0 fps=27.0
total took 36.80 ms
PV04 t_ms=2073601 target=0 count=0 fps=27.8
total took 35.55 ms
PV04 t_ms=2073635 target=0 count=0 fps=29.4
total took 34.28 ms
PV04 t_ms=2073670 target=0 count=0 fps=28.6
total took 36.01 ms
PV04 t_ms=2073707 target=0 count=0 fps=27.0
total took 36.12 ms
PV04 t_ms=2073742 target=0 count=0 fps=28.6
total took 34.73 ms
PV04 t_ms=2073778 target=0 count=0 fps=27.8
total took 35.19 ms
PV04 t_ms=2073812 target=0 count=0 fps=29.4
total took 34.67 ms
PV04 t_ms=2073847 target=0 count=0 fps=28.6
total took 35.95 ms
PV04 t_ms=2073882 target=0 count=0 fps=28.6
total took 34.29 ms
PV04 t_ms=2073934 target=0 count=0 fps=19.2
total took 52.47 ms
PV04 t_ms=2073958 target=0 count=0 fps=41.7
total took 21.93 ms
PV04 t_ms=2073988 target=0 count=0 fps=33.3
total took 30.61 ms
PV04 t_ms=2074024 target=0 count=0 fps=27.8
total took 35.49 ms
PV04 t_ms=2074060 target=0 count=0 fps=27.8
total took 36.42 ms
PV04 t_ms=2074095 target=0 count=0 fps=28.6
total took 34.64 ms
PV04 t_ms=2074130 target=0 count=0 fps=28.6
total took 35.37 ms
PV04 t_ms=2074165 target=0 count=0 fps=28.6
total took 34.83 ms
PV04 t_ms=2074201 target=0 count=0 fps=27.8
total took 35.39 ms
PV04 t_ms=2074236 target=0 count=0 fps=28.6
total took 35.23 ms
PV04 t_ms=2074273 target=0 count=0 fps=27.0
total took 36.68 ms
PV04 t_ms=2074308 target=0 count=0 fps=28.6
total took 34.74 ms
PV04 t_ms=2074342 target=0 count=0 fps=29.4
total took 34.37 ms
PV04 t_ms=2074379 target=0 count=0 fps=27.0
total took 36.77 ms
PV04 t_ms=2074414 target=0 count=0 fps=28.6
total took 34.48 ms
PV04 t_ms=2074450 target=0 count=0 fps=27.8
total took 35.66 ms
PV04 t_ms=2074485 target=0 count=0 fps=28.6
total took 35.49 ms
PV04 t_ms=2074520 target=0 count=0 fps=28.6
total took 35.15 ms
PV04 t_ms=2074558 target=0 count=0 fps=26.3
total took 37.10 ms
PV04 t_ms=2074592 target=0 count=0 fps=29.4
total took 34.39 ms
PV04 t_ms=2074628 target=0 count=0 fps=27.8
total took 35.37 ms
PV04 t_ms=2074662 target=0 count=0 fps=29.4
total took 34.41 ms
PV04 t_ms=2074698 target=0 count=0 fps=27.8
total took 35.32 ms
PV04 t_ms=2074733 target=0 count=0 fps=28.6
total took 35.60 ms
PV04 t_ms=2074769 target=0 count=0 fps=27.8
total took 35.43 ms
PV04 t_ms=2074804 target=0 count=0 fps=28.6
total took 34.71 ms
PV04 t_ms=2074839 target=0 count=0 fps=28.6
total took 35.06 ms
PV04 t_ms=2074874 target=0 count=0 fps=28.6
total took 35.64 ms
PV04 t_ms=2074911 target=0 count=0 fps=27.0
total took 36.55 ms
PV04 t_ms=2074946 target=0 count=0 fps=28.6
total took 34.43 ms
PV04 t_ms=2074996 target=0 count=0 fps=20.0
total took 53.06 ms
PV04 t_ms=2075022 target=0 count=0 fps=38.5
total took 22.60 ms
PV04 t_ms=2075050 target=0 count=0 fps=35.7
total took 29.61 ms
PV04 t_ms=2075086 target=0 count=0 fps=27.8
total took 35.52 ms
PV04 t_ms=2075123 target=0 count=0 fps=27.0
total took 35.76 ms
PV04 t_ms=2075158 target=0 count=0 fps=28.6
total took 35.20 ms
PV04 t_ms=2075193 target=0 count=0 fps=28.6
total took 34.99 ms
PV04 t_ms=2075227 target=0 count=0 fps=29.4
total took 35.68 ms
PV04 t_ms=2075263 target=0 count=0 fps=27.8
total took 34.99 ms
PV04 t_ms=2075299 target=0 count=0 fps=27.8
total took 35.30 ms
PV04 t_ms=2075335 target=0 count=0 fps=27.8
total took 35.69 ms
PV04 t_ms=2075369 target=0 count=0 fps=29.4
total took 33.47 ms
PV04 t_ms=2075404 target=0 count=0 fps=28.6
total took 36.31 ms
PV04 t_ms=2075440 target=0 count=0 fps=27.8
total took 35.60 ms
PV04 t_ms=2075476 target=0 count=0 fps=27.8
total took 35.34 ms
PV04 t_ms=2075512 target=0 count=0 fps=27.8
total took 35.87 ms
PV04 t_ms=2075546 target=0 count=0 fps=29.4
total took 33.48 ms
PV04 t_ms=2075581 target=0 count=0 fps=28.6
total took 34.94 ms
PV04 t_ms=2075617 target=0 count=0 fps=27.8
total took 37.07 ms
PV04 t_ms=2075652 target=0 count=0 fps=28.6
total took 33.98 ms
PV04 t_ms=2075689 target=0 count=0 fps=27.0
total took 36.35 ms
PV04 t_ms=2075725 target=0 count=0 fps=27.8
total took 35.74 ms
PV04 t_ms=2075758 target=0 count=0 fps=30.3
total took 33.17 ms
PV04 t_ms=2075793 target=0 count=0 fps=28.6
total took 36.31 ms
PV04 t_ms=2075829 target=0 count=0 fps=27.8
total took 36.20 ms
PV04 t_ms=2075864 target=0 count=0 fps=28.6
total took 35.09 ms
PV04 t_ms=2075902 target=0 count=0 fps=26.3
total took 35.82 ms
PV04 t_ms=2075935 target=0 count=0 fps=30.3
total took 33.16 ms
PV04 t_ms=2075971 target=0 count=0 fps=27.8
total took 35.39 ms
PV04 t_ms=2076006 target=0 count=0 fps=28.6
total took 36.49 ms
PV04 t_ms=2076041 target=0 count=0 fps=28.6
total took 34.85 ms
PV04 t_ms=2076078 target=0 count=0 fps=27.0
total took 35.94 ms
PV04 t_ms=2076112 target=0 count=0 fps=29.4
total took 34.08 ms
PV04 t_ms=2076147 target=0 count=0 fps=28.6
total took 35.06 ms
PV04 t_ms=2076183 target=0 count=0 fps=27.8
total took 37.37 ms
PV04 t_ms=2076218 target=0 count=0 fps=28.6
total took 34.89 ms
PV04 t_ms=2076254 target=0 count=0 fps=27.8
total took 33.66 ms
PV04 t_ms=2076290 target=0 count=0 fps=27.8
total took 35.94 ms
PV04 t_ms=2076326 target=0 count=0 fps=27.8
total took 36.07 ms
PV04 t_ms=2076360 target=0 count=0 fps=29.4
total took 34.13 ms
PV04 t_ms=2076396 target=0 count=0 fps=27.8
total took 36.86 ms
PV04 t_ms=2076431 target=0 count=0 fps=28.6
total took 34.07 ms
PV04 t_ms=2076467 target=0 count=0 fps=27.8
total took 34.86 ms
PV04 t_ms=2076503 target=0 count=0 fps=27.8
total took 36.15 ms
PV04 t_ms=2076537 target=0 count=0 fps=29.4
total took 34.39 ms
PV04 t_ms=2076573 target=0 count=0 fps=27.8
total took 37.46 ms
PV04 t_ms=2076608 target=0 count=0 fps=28.6
total took 34.81 ms
PV04 t_ms=2076643 target=0 count=0 fps=28.6
total took 33.36 ms
PV04 t_ms=2076679 target=0 count=0 fps=27.8
total took 35.44 ms
PV04 t_ms=2076714 target=0 count=0 fps=28.6
total took 35.27 ms
PV04 t_ms=2076750 target=0 count=0 fps=27.8
total took 35.46 ms
PV04 t_ms=2076785 target=0 count=0 fps=28.6
total took 37.09 ms
PV04 t_ms=2076820 target=0 count=0 fps=28.6
total took 33.51 ms
PV04 t_ms=2076856 target=0 count=0 fps=27.8
total took 35.82 ms
PV04 t_ms=2076891 target=0 count=0 fps=28.6
total took 34.40 ms
PV04 t_ms=2076926 target=0 count=0 fps=28.6
total took 35.60 ms
PV04 t_ms=2076962 target=0 count=0 fps=27.8
total took 34.82 ms
PV04 t_ms=2076997 target=0 count=0 fps=28.6
total took 35.58 ms
PV04 t_ms=2077033 target=0 count=0 fps=27.8
total took 36.07 ms
PV04 t_ms=2077069 target=0 count=0 fps=27.8
total took 35.39 ms
PV04 t_ms=2077103 target=0 count=0 fps=29.4
total took 34.39 ms
PV04 t_ms=2077140 target=0 count=0 fps=27.0
total took 36.19 ms
PV04 t_ms=2077174 target=0 count=0 fps=29.4
total took 34.39 ms
PV04 t_ms=2077210 target=0 count=0 fps=27.8
total took 36.31 ms
PV04 t_ms=2077246 target=0 count=0 fps=27.8
total took 35.27 ms
PV04 t_ms=2077280 target=0 count=0 fps=29.4
total took 34.20 ms
PV04 t_ms=2077316 target=0 count=0 fps=27.8
total took 35.39 ms
PV04 t_ms=2077352 target=0 count=0 fps=27.8
total took 36.28 ms
PV04 t_ms=2077386 target=0 count=0 fps=29.4
total took 34.20 ms
PV04 t_ms=2077423 target=0 count=0 fps=27.0
total took 36.32 ms
PV04 t_ms=2077458 target=0 count=0 fps=28.6
total took 35.24 ms
PV04 t_ms=2077493 target=0 count=0 fps=28.6
total took 34.29 ms
PV04 t_ms=2077529 target=0 count=0 fps=27.8
total took 36.50 ms
PV04 t_ms=2077564 target=0 count=0 fps=28.6
total took 34.55 ms
PV04 t_ms=2077600 target=0 count=0 fps=27.8
total took 35.50 ms
PV04 t_ms=2077634 target=0 count=0 fps=29.4
total took 35.61 ms
PV04 t_ms=2077671 target=0 count=0 fps=27.0
total took 35.77 ms
PV04 t_ms=2077706 target=0 count=0 fps=28.6
total took 34.94 ms
PV04 t_ms=2077741 target=0 count=0 fps=28.6
total took 34.86 ms
PV04 t_ms=2077776 target=0 count=0 fps=28.6
total took 34.46 ms
PV04 t_ms=2077811 target=0 count=0 fps=28.6
total took 35.68 ms
PV04 t_ms=2077847 target=0 count=0 fps=27.8
total took 36.02 ms
PV04 t_ms=2077883 target=0 count=0 fps=27.8
total took 35.52 ms
PV04 t_ms=2077917 target=0 count=0 fps=29.4
total took 33.61 ms
PV04 t_ms=2077952 target=0 count=0 fps=28.6
total took 36.13 ms
PV04 t_ms=2077988 target=0 count=0 fps=27.8
total took 36.30 ms
PV04 t_ms=2078024 target=0 count=0 fps=27.8
total took 35.00 ms
PV04 t_ms=2078061 target=0 count=0 fps=27.0
total took 35.81 ms
PV04 t_ms=2078096 target=0 count=0 fps=28.6
total took 35.38 ms
PV04 t_ms=2078130 target=0 count=0 fps=29.4
total took 33.49 ms
PV04 t_ms=2078165 target=0 count=0 fps=28.6
total took 34.92 ms
PV04 t_ms=2078200 target=0 count=0 fps=28.6
total took 36.30 ms
PV04 t_ms=2078237 target=0 count=0 fps=27.0
total took 35.52 ms
PV04 t_ms=2078273 target=0 count=0 fps=27.8
total took 35.52 ms
PV04 t_ms=2078308 target=0 count=0 fps=28.6
total took 35.27 ms
PV04 t_ms=2078343 target=0 count=0 fps=28.6
total took 35.24 ms
PV04 t_ms=2078377 target=0 count=0 fps=29.4
total took 35.19 ms
PV04 t_ms=2078413 target=0 count=0 fps=27.8
total took 35.41 ms
PV04 t_ms=2078450 target=0 count=0 fps=27.0
total took 35.70 ms
PV04 t_ms=2078485 target=0 count=0 fps=28.6
total took 35.29 ms
PV04 t_ms=2078520 target=0 count=0 fps=28.6
total took 34.40 ms
PV04 t_ms=2078555 target=0 count=0 fps=28.6
total took 34.54 ms
PV04 t_ms=2078593 target=0 count=0 fps=26.3
total took 38.46 ms
PV04 t_ms=2078626 target=0 count=0 fps=30.3
total took 33.69 ms
PV04 t_ms=2078662 target=0 count=0 fps=27.8
total took 35.10 ms
PV04 t_ms=2078714 target=0 count=0 fps=19.2
total took 52.14 ms
PV04 t_ms=2078737 target=0 count=0 fps=43.5
total took 22.58 ms
PV04 t_ms=2078766 target=0 count=0 fps=34.5
total took 30.61 ms
PV04 t_ms=2078802 target=0 count=0 fps=27.8
total took 33.79 ms
PV04 t_ms=2078838 target=0 count=0 fps=27.8
total took 36.11 ms
PV04 t_ms=2078872 target=0 count=0 fps=29.4
total took 34.48 ms
PV04 t_ms=2078908 target=0 count=0 fps=27.8
total took 35.29 ms
PV04 t_ms=2078943 target=0 count=0 fps=28.6
total took 36.39 ms
PV04 t_ms=2078979 target=0 count=0 fps=27.8
total took 34.41 ms
PV04 t_ms=2079016 target=0 count=0 fps=27.0
total took 36.46 ms
PV04 t_ms=2079051 target=0 count=0 fps=28.6
total took 35.50 ms
PV04 t_ms=2079086 target=0 count=0 fps=28.6
total took 34.57 ms
PV04 t_ms=2079121 target=0 count=0 fps=28.6
total took 34.95 ms
PV04 t_ms=2079156 target=0 count=0 fps=28.6
total took 35.49 ms
PV04 t_ms=2079192 target=0 count=0 fps=27.8
total took 35.74 ms
PV04 t_ms=2079228 target=0 count=0 fps=27.8
total took 35.34 ms
PV04 t_ms=2079262 target=0 count=0 fps=29.4
total took 34.70 ms
PV04 t_ms=2079299 target=0 count=0 fps=27.0
total took 36.36 ms
PV04 t_ms=2079334 target=0 count=0 fps=28.6
total took 34.73 ms
PV04 t_ms=2079369 target=0 count=0 fps=28.6
total took 35.36 ms
PV04 t_ms=2079405 target=0 count=0 fps=27.8
total took 35.37 ms
PV04 t_ms=2079440 target=0 count=0 fps=28.6
total took 35.23 ms
PV04 t_ms=2079476 target=0 count=0 fps=27.8
total took 35.71 ms
PV04 t_ms=2079511 target=0 count=0 fps=28.6
total took 35.04 ms
PV04 t_ms=2079546 target=0 count=0 fps=28.6
total took 34.44 ms
PV04 t_ms=2079582 target=0 count=0 fps=27.8
total took 36.23 ms
PV04 t_ms=2079617 target=0 count=0 fps=28.6
total took 35.30 ms
PV04 t_ms=2079653 target=0 count=0 fps=27.8
total took 36.35 ms
PV04 t_ms=2079688 target=0 count=0 fps=28.6
total took 34.38 ms
PV04 t_ms=2079723 target=0 count=0 fps=28.6
total took 34.98 ms
PV04 t_ms=2079759 target=0 count=0 fps=27.8
total took 35.31 ms
PV04 t_ms=2079794 target=0 count=0 fps=28.6
total took 34.89 ms
PV04 t_ms=2079830 target=0 count=0 fps=27.8
total took 35.84 ms
PV04 t_ms=2079865 target=0 count=0 fps=28.6
total took 35.29 ms
PV04 t_ms=2079900 target=0 count=0 fps=28.6
total took 34.85 ms
PV04 t_ms=2079935 target=0 count=0 fps=28.6
total took 34.53 ms
PV04 t_ms=2079971 target=0 count=0 fps=27.8
total took 36.50 ms
PV04 t_ms=2080007 target=0 count=0 fps=27.8
total took 35.40 ms
PV04 t_ms=2080042 target=0 count=0 fps=28.6
total took 35.37 ms
PV04 t_ms=2080078 target=0 count=0 fps=27.8
total took 35.11 ms
PV04 t_ms=2080112 target=0 count=0 fps=29.4
total took 34.63 ms
PV04 t_ms=2080147 target=0 count=0 fps=28.6
total took 34.71 ms
PV04 t_ms=2080184 target=0 count=0 fps=27.0
total took 36.38 ms
PV04 t_ms=2080219 target=0 count=0 fps=28.6
total took 35.40 ms
PV04 t_ms=2080255 target=0 count=0 fps=27.8
total took 35.31 ms
PV04 t_ms=2080290 target=0 count=0 fps=28.6
total took 35.05 ms
PV04 t_ms=2080324 target=0 count=0 fps=29.4
total took 34.69 ms
PV04 t_ms=2080361 target=0 count=0 fps=27.0
total took 36.17 ms
PV04 t_ms=2080396 target=0 count=0 fps=28.6
total took 35.41 ms
PV04 t_ms=2080432 target=0 count=0 fps=27.8
total took 35.53 ms
PV04 t_ms=2080467 target=0 count=0 fps=28.6
total took 35.47 ms
PV04 t_ms=2080502 target=0 count=0 fps=28.6
total took 34.65 ms
PV04 t_ms=2080537 target=0 count=0 fps=28.6
total took 34.29 ms
PV04 t_ms=2080573 target=0 count=0 fps=27.8
total took 36.49 ms
PV04 t_ms=2080607 target=0 count=0 fps=29.4
total took 33.71 ms
PV04 t_ms=2080644 target=0 count=0 fps=27.0
total took 37.18 ms
PV04 t_ms=2080680 target=0 count=0 fps=27.8
total took 35.97 ms
PV04 t_ms=2080714 target=0 count=0 fps=29.4
total took 33.37 ms
PV04 t_ms=2080749 target=0 count=0 fps=28.6
total took 34.93 ms
PV04 t_ms=2080784 target=0 count=0 fps=28.6
total took 35.55 ms
PV04 t_ms=2080838 target=0 count=0 fps=18.5
total took 53.46 ms
PV04 t_ms=2080860 target=0 count=0 fps=45.5
total took 22.82 ms
PV04 t_ms=2080891 target=0 count=0 fps=32.3
total took 29.58 ms
PV04 t_ms=2080927 target=0 count=0 fps=27.8
total took 37.57 ms
PV04 t_ms=2080961 target=1 count=1 x=772 y=139 w=486 h=763 cx=1015.0 cy=520.5 fps=29.4
total took 33.68 ms
PV04 t_ms=2080998 target=1 count=1 x=700 y=329 w=393 h=535 cx=896.5 cy=596.5 fps=27.0
total took 36.47 ms
PV04 t_ms=2081034 target=1 count=1 x=705 y=428 w=393 h=511 cx=901.5 cy=683.5 fps=27.8
total took 35.33 ms
PV04 t_ms=2081068 target=1 count=1 x=736 y=501 w=366 h=492 cx=919.0 cy=747.0 fps=29.4
total took 33.63 ms
PV04 t_ms=2081104 target=1 count=1 x=756 y=575 w=376 h=474 cx=944.0 cy=812.0 fps=27.8
total took 37.83 ms
PV04 t_ms=2081139 target=1 count=1 x=761 y=603 w=375 h=453 cx=948.5 cy=829.5 fps=28.6
total took 35.05 ms
PV04 t_ms=2081174 target=1 count=1 x=762 y=595 w=367 h=453 cx=945.5 cy=821.5 fps=28.6
total took 34.93 ms
PV04 t_ms=2081211 target=1 count=1 x=764 y=558 w=362 h=413 cx=945.0 cy=764.5 fps=27.0
total took 35.32 ms
PV04 t_ms=2081247 target=1 count=1 x=759 y=505 w=365 h=449 cx=941.5 cy=729.5 fps=27.8
total took 35.62 ms
PV04 t_ms=2081281 target=1 count=1 x=760 y=514 w=365 h=446 cx=942.5 cy=737.0 fps=29.4
total took 33.87 ms
PV04 t_ms=2081315 target=1 count=1 x=776 y=519 w=369 h=447 cx=960.5 cy=742.5 fps=29.4
total took 34.28 ms
PV04 t_ms=2081352 target=1 count=1 x=800 y=503 w=372 h=458 cx=986.0 cy=732.0 fps=27.0
total took 36.26 ms
PV04 t_ms=2081387 target=1 count=1 x=818 y=504 w=367 h=447 cx=1001.5 cy=727.5 fps=28.6
total took 35.64 ms
PV04 t_ms=2081423 target=1 count=1 x=830 y=474 w=375 h=460 cx=1017.5 cy=704.0 fps=27.8
total took 35.70 ms
PV04 t_ms=2081459 target=1 count=1 x=830 y=442 w=366 h=457 cx=1013.0 cy=670.5 fps=27.8
total took 35.44 ms
PV04 t_ms=2081493 target=1 count=1 x=803 y=430 w=360 h=448 cx=983.0 cy=654.0 fps=29.4
total took 34.72 ms
PV04 t_ms=2081528 target=1 count=1 x=796 y=414 w=353 h=423 cx=972.5 cy=625.5 fps=28.6
total took 34.29 ms
PV04 t_ms=2081564 target=1 count=1 x=781 y=373 w=344 h=431 cx=953.0 cy=588.5 fps=27.8
total took 36.03 ms
PV04 t_ms=2081599 target=1 count=1 x=763 y=344 w=352 h=460 cx=939.0 cy=574.0 fps=28.6
total took 34.75 ms
PV04 t_ms=2081633 target=1 count=1 x=748 y=336 w=344 h=447 cx=920.0 cy=559.5 fps=29.4
total took 34.52 ms
PV04 t_ms=2081671 target=1 count=1 x=729 y=325 w=347 h=452 cx=902.5 cy=551.0 fps=26.3
total took 36.92 ms
PV04 t_ms=2081705 target=1 count=1 x=717 y=343 w=359 h=440 cx=896.5 cy=563.0 fps=29.4
total took 34.43 ms
PV04 t_ms=2081741 target=1 count=1 x=716 y=327 w=353 h=461 cx=892.5 cy=557.5 fps=27.8
total took 35.74 ms
PV04 t_ms=2081776 target=1 count=1 x=732 y=381 w=335 h=421 cx=899.5 cy=591.5 fps=28.6
total took 34.50 ms
PV04 t_ms=2081811 target=1 count=1 x=731 y=435 w=344 h=404 cx=903.0 cy=637.0 fps=28.6
total took 35.37 ms
PV04 t_ms=2081846 target=1 count=1 x=727 y=455 w=344 h=398 cx=899.0 cy=654.0 fps=28.6
total took 35.41 ms
PV04 t_ms=2081898 target=1 count=1 x=732 y=460 w=341 h=405 cx=902.5 cy=662.5 fps=19.2
total took 53.41 ms
PV04 t_ms=2081923 target=1 count=1 x=736 y=454 w=328 h=409 cx=900.0 cy=658.5 fps=40.0
total took 22.71 ms
PV04 t_ms=2081952 target=1 count=1 x=749 y=450 w=335 h=429 cx=916.5 cy=664.5 fps=34.5
total took 29.91 ms
PV04 t_ms=2081989 target=1 count=1 x=757 y=449 w=339 h=438 cx=926.5 cy=668.0 fps=27.0
total took 36.44 ms
PV04 t_ms=2082025 target=1 count=1 x=777 y=462 w=323 h=427 cx=938.5 cy=675.5 fps=27.8
total took 35.67 ms
PV04 t_ms=2082060 target=1 count=1 x=786 y=479 w=321 h=414 cx=946.5 cy=686.0 fps=28.6
total took 34.70 ms
PV04 t_ms=2082095 target=1 count=1 x=792 y=502 w=319 h=398 cx=951.5 cy=701.0 fps=28.6
total took 34.48 ms
PV04 t_ms=2082129 target=1 count=1 x=795 y=511 w=317 h=381 cx=953.5 cy=701.5 fps=29.4
total took 36.42 ms
PV04 t_ms=2082165 target=1 count=1 x=793 y=499 w=321 h=388 cx=953.5 cy=693.0 fps=27.8
total took 35.27 ms
PV04 t_ms=2082202 target=1 count=1 x=795 y=497 w=318 h=385 cx=954.0 cy=689.5 fps=27.0
total took 35.63 ms
PV04 t_ms=2082239 target=1 count=1 x=797 y=500 w=324 h=396 cx=959.0 cy=698.0 fps=27.0
total took 36.13 ms
PV04 t_ms=2082272 target=1 count=1 x=806 y=513 w=320 h=393 cx=966.0 cy=709.5 fps=30.3
total took 33.29 ms
PV04 t_ms=2082306 target=1 count=1 x=806 y=517 w=328 h=398 cx=970.0 cy=716.0 fps=29.4
total took 34.01 ms
PV04 t_ms=2082342 target=1 count=1 x=814 y=500 w=328 h=396 cx=978.0 cy=698.0 fps=27.8
total took 36.30 ms
PV04 t_ms=2082378 target=1 count=1 x=829 y=498 w=334 h=401 cx=996.0 cy=698.5 fps=27.8
total took 35.45 ms
PV04 t_ms=2082430 target=1 count=1 x=872 y=499 w=320 h=397 cx=1032.0 cy=697.5 fps=19.2
total took 52.42 ms
PV04 t_ms=2082453 target=1 count=1 x=889 y=489 w=315 h=388 cx=1046.5 cy=683.0 fps=43.5
total took 24.57 ms
PV04 t_ms=2082483 target=1 count=1 x=908 y=457 w=330 h=402 cx=1073.0 cy=658.0 fps=33.3
total took 28.79 ms
PV04 t_ms=2082519 target=1 count=1 x=933 y=416 w=336 h=415 cx=1101.0 cy=623.5 fps=27.8
total took 36.40 ms
PV04 t_ms=2082554 target=1 count=1 x=975 y=398 w=335 h=400 cx=1142.5 cy=598.0 fps=28.6
total took 34.77 ms
PV04 t_ms=2082591 target=1 count=1 x=1016 y=349 w=343 h=442 cx=1187.5 cy=570.0 fps=27.0
total took 35.37 ms
PV04 t_ms=2082625 target=1 count=1 x=1078 y=318 w=359 h=463 cx=1257.5 cy=549.5 fps=29.4
total took 33.55 ms
PV04 t_ms=2082661 target=1 count=1 x=1140 y=284 w=360 h=479 cx=1320.0 cy=523.5 fps=27.8
total took 37.67 ms
PV04 t_ms=2082696 target=1 count=1 x=1222 y=259 w=368 h=484 cx=1406.0 cy=501.0 fps=28.6
total took 34.79 ms
PV04 t_ms=2082731 target=1 count=1 x=1298 y=249 w=391 h=501 cx=1493.5 cy=499.5 fps=28.6
total took 34.30 ms
PV04 t_ms=2082768 target=1 count=1 x=1349 y=220 w=429 h=518 cx=1563.5 cy=479.0 fps=27.0
total took 35.84 ms
PV04 t_ms=2082802 target=1 count=1 x=1420 y=236 w=424 h=521 cx=1632.0 cy=496.5 fps=29.4
total took 33.59 ms
PV04 t_ms=2082837 target=1 count=1 x=1476 y=231 w=415 h=552 cx=1683.5 cy=507.0 fps=28.6
total took 35.66 ms
PV04 t_ms=2082873 target=1 count=1 x=1527 y=269 w=393 h=538 cx=1723.5 cy=538.0 fps=27.8
total took 36.40 ms
PV04 t_ms=2082908 target=1 count=2 x=466 y=126 w=824 h=846 cx=878.0 cy=549.0 fps=28.6
total took 36.10 ms
PV04 t_ms=2082960 target=1 count=2 x=576 y=109 w=710 h=752 cx=931.0 cy=485.0 fps=19.2
total took 51.64 ms
PV04 t_ms=2082985 target=1 count=2 x=512 y=145 w=782 h=782 cx=903.0 cy=536.0 fps=40.0
total took 22.97 ms
PV04 t_ms=2083015 target=1 count=1 x=500 y=110 w=811 h=877 cx=905.5 cy=548.5 fps=33.3
total took 29.99 ms
PV04 t_ms=2083049 target=0 count=0 fps=29.4
total took 33.55 ms
PV04 t_ms=2083084 target=0 count=0 fps=28.6
total took 36.60 ms
PV04 t_ms=2083120 target=0 count=0 fps=27.8
total took 35.37 ms
PV04 t_ms=2083156 target=1 count=1 x=1119 y=671 w=396 h=377 cx=1317.0 cy=859.5 fps=27.8
total took 34.49 ms
PV04 t_ms=2083192 target=1 count=1 x=1085 y=694 w=415 h=386 cx=1292.5 cy=887.0 fps=27.8
total took 36.08 ms
PV04 t_ms=2083227 target=1 count=1 x=1059 y=712 w=430 h=368 cx=1274.0 cy=896.0 fps=28.6
total took 34.82 ms
PV04 t_ms=2083262 target=1 count=1 x=1051 y=735 w=390 h=345 cx=1246.0 cy=907.5 fps=28.6
total took 36.47 ms
PV04 t_ms=2083297 target=1 count=1 x=1023 y=706 w=393 h=374 cx=1219.5 cy=893.0 fps=28.6
total took 35.89 ms
PV04 t_ms=2083333 target=1 count=1 x=1008 y=704 w=405 h=370 cx=1210.5 cy=889.0 fps=27.8
total took 33.65 ms
PV04 t_ms=2083369 target=1 count=1 x=1029 y=684 w=398 h=379 cx=1228.0 cy=873.5 fps=27.8
total took 35.52 ms
PV04 t_ms=2083405 target=1 count=1 x=1063 y=715 w=399 h=365 cx=1262.5 cy=897.5 fps=27.8
total took 36.63 ms
PV04 t_ms=2083439 target=1 count=1 x=1101 y=729 w=403 h=351 cx=1302.5 cy=904.5 fps=29.4
total took 33.15 ms
PV04 t_ms=2083491 target=1 count=2 x=222 y=157 w=739 h=842 cx=591.5 cy=578.0 fps=19.2
total took 53.61 ms
PV04 t_ms=2083515 target=1 count=2 x=214 y=141 w=843 h=939 cx=635.5 cy=610.5 fps=41.7
total took 22.81 ms
PV04 t_ms=2083545 target=1 count=1 x=1207 y=832 w=406 h=248 cx=1410.0 cy=956.0 fps=33.3
total took 29.33 ms
PV04 t_ms=2083581 target=1 count=2 x=328 y=182 w=797 h=898 cx=726.5 cy=631.0 fps=27.8
total took 36.91 ms
PV04 t_ms=2083616 target=1 count=2 x=323 y=158 w=783 h=897 cx=714.5 cy=606.5 fps=28.6
total took 34.12 ms
PV04 t_ms=2083651 target=1 count=2 x=340 y=182 w=821 h=898 cx=750.5 cy=631.0 fps=28.6
total took 36.65 ms
PV04 t_ms=2083687 target=1 count=2 x=385 y=208 w=757 h=852 cx=763.5 cy=634.0 fps=27.8
total took 34.17 ms
PV04 t_ms=2083723 target=1 count=2 x=373 y=183 w=772 h=876 cx=759.0 cy=621.0 fps=27.8
total took 36.07 ms
PV04 t_ms=2083759 target=1 count=2 x=398 y=153 w=711 h=849 cx=753.5 cy=577.5 fps=27.8
total took 35.72 ms
PV04 t_ms=2083793 target=1 count=2 x=371 y=97 w=760 h=862 cx=751.0 cy=528.0 fps=29.4
total took 34.25 ms
PV04 t_ms=2083828 target=1 count=2 x=378 y=135 w=728 h=784 cx=742.0 cy=527.0 fps=28.6
total took 35.34 ms
PV04 t_ms=2083864 target=1 count=2 x=347 y=207 w=679 h=688 cx=686.5 cy=551.0 fps=27.8
total took 35.90 ms
PV04 t_ms=2083899 target=1 count=2 x=403 y=138 w=692 h=682 cx=749.0 cy=479.0 fps=28.6
total took 33.88 ms
PV04 t_ms=2083936 target=1 count=2 x=327 y=114 w=738 h=683 cx=696.0 cy=455.5 fps=27.0
total took 37.12 ms
PV04 t_ms=2083970 target=1 count=2 x=320 y=242 w=875 h=692 cx=757.5 cy=588.0 fps=29.4
total took 34.32 ms
PV04 t_ms=2084005 target=1 count=2 x=362 y=327 w=840 h=630 cx=782.0 cy=642.0 fps=28.6
total took 35.37 ms
PV04 t_ms=2084041 target=1 count=2 x=422 y=179 w=774 h=728 cx=809.0 cy=543.0 fps=27.8
total took 36.68 ms
PV04 t_ms=2084076 target=1 count=2 x=374 y=282 w=817 h=645 cx=782.5 cy=604.5 fps=28.6
total took 33.61 ms
PV04 t_ms=2084113 target=1 count=2 x=445 y=198 w=800 h=770 cx=845.0 cy=583.0 fps=27.0
total took 36.83 ms
PV04 t_ms=2084147 target=1 count=2 x=403 y=253 w=956 h=827 cx=881.0 cy=666.5 fps=29.4
total took 33.65 ms
PV04 t_ms=2084183 target=1 count=2 x=453 y=271 w=849 h=686 cx=877.5 cy=614.0 fps=27.8
total took 36.00 ms
PV04 t_ms=2084219 target=1 count=1 x=1472 y=371 w=435 h=445 cx=1689.5 cy=593.5 fps=27.8
total took 36.15 ms
PV04 t_ms=2084254 target=1 count=2 x=466 y=169 w=841 h=897 cx=886.5 cy=617.5 fps=28.6
total took 34.92 ms
PV04 t_ms=2084290 target=1 count=1 x=1487 y=457 w=433 h=446 cx=1703.5 cy=680.0 fps=27.8
total took 35.05 ms
PV04 t_ms=2084325 target=1 count=1 x=1478 y=439 w=442 h=478 cx=1699.0 cy=678.0 fps=28.6
total took 35.20 ms
PV04 t_ms=2084359 target=1 count=2 x=379 y=344 w=896 h=736 cx=827.0 cy=712.0 fps=29.4
total took 34.66 ms
PV04 t_ms=2084396 target=1 count=2 x=360 y=428 w=833 h=652 cx=776.5 cy=754.0 fps=27.0
total took 36.16 ms
PV04 t_ms=2084431 target=1 count=2 x=341 y=396 w=900 h=684 cx=791.0 cy=738.0 fps=28.6
total took 34.88 ms
PV04 t_ms=2084465 target=1 count=2 x=312 y=399 w=983 h=681 cx=803.5 cy=739.5 fps=29.4
total took 35.24 ms
PV04 t_ms=2084502 target=1 count=1 x=1462 y=527 w=421 h=437 cx=1672.5 cy=745.5 fps=27.0
total took 35.13 ms
PV04 t_ms=2084553 target=1 count=2 x=294 y=366 w=988 h=714 cx=788.0 cy=723.0 fps=19.6
total took 52.64 ms
PV04 t_ms=2084578 target=1 count=1 x=1429 y=480 w=419 h=427 cx=1638.5 cy=693.5 fps=40.0
total took 23.80 ms
PV04 t_ms=2084609 target=1 count=1 x=1384 y=410 w=468 h=468 cx=1618.0 cy=644.0 fps=32.3
total took 30.22 ms
PV04 t_ms=2084644 target=1 count=1 x=1376 y=389 w=460 h=440 cx=1606.0 cy=609.0 fps=28.6
total took 35.14 ms
PV04 t_ms=2084679 target=1 count=1 x=1359 y=357 w=456 h=459 cx=1587.0 cy=586.5 fps=28.6
total took 36.49 ms
PV04 t_ms=2084713 target=1 count=1 x=1348 y=328 w=453 h=457 cx=1574.5 cy=556.5 fps=29.4
total took 33.98 ms
PV04 t_ms=2084750 target=1 count=1 x=1334 y=342 w=426 h=436 cx=1547.0 cy=560.0 fps=27.0
total took 35.88 ms
PV04 t_ms=2084786 target=1 count=2 x=357 y=82 w=770 h=772 cx=742.0 cy=468.0 fps=27.8
total took 35.34 ms
PV04 t_ms=2084820 target=1 count=2 x=312 y=124 w=732 h=680 cx=678.0 cy=464.0 fps=29.4
total took 34.41 ms
PV04 t_ms=2084855 target=1 count=1 x=1260 y=396 w=480 h=434 cx=1500.0 cy=613.0 fps=28.6
total took 34.34 ms
PV04 t_ms=2084890 target=1 count=2 x=378 y=50 w=710 h=722 cx=733.0 cy=411.0 fps=28.6
total took 35.35 ms
PV04 t_ms=2084927 target=1 count=2 x=301 y=126 w=752 h=662 cx=677.0 cy=457.0 fps=27.0
total took 36.72 ms
PV04 t_ms=2084961 target=1 count=1 x=1229 y=489 w=401 h=383 cx=1429.5 cy=680.5 fps=29.4
total took 33.81 ms
PV04 t_ms=2084997 target=1 count=1 x=1193 y=476 w=442 h=406 cx=1414.0 cy=679.0 fps=27.8
total took 35.67 ms
PV04 t_ms=2085032 target=1 count=1 x=1181 y=492 w=450 h=433 cx=1406.0 cy=708.5 fps=28.6
total took 35.88 ms
PV04 t_ms=2085067 target=1 count=1 x=1278 y=542 w=410 h=427 cx=1483.0 cy=755.5 fps=28.6
total took 34.10 ms
PV04 t_ms=2085103 target=1 count=1 x=1303 y=604 w=417 h=465 cx=1511.5 cy=836.5 fps=27.8
total took 36.21 ms
PV04 t_ms=2085138 target=1 count=1 x=1282 y=639 w=381 h=437 cx=1472.5 cy=857.5 fps=28.6
total took 34.57 ms
PV04 t_ms=2085174 target=1 count=1 x=1238 y=656 w=369 h=424 cx=1422.5 cy=868.0 fps=27.8
total took 36.13 ms
PV04 t_ms=2085210 target=1 count=1 x=1220 y=695 w=372 h=385 cx=1406.0 cy=887.5 fps=27.8
total took 36.80 ms
PV04 t_ms=2085243 target=1 count=1 x=1208 y=717 w=385 h=363 cx=1400.5 cy=898.5 fps=30.3
total took 33.45 ms
PV04 t_ms=2085279 target=1 count=1 x=1208 y=715 w=389 h=365 cx=1402.5 cy=897.5 fps=27.8
total took 34.07 ms
PV04 t_ms=2085315 target=1 count=1 x=1199 y=730 w=377 h=350 cx=1387.5 cy=905.0 fps=27.8
total took 36.02 ms
PV04 t_ms=2085351 target=1 count=1 x=1185 y=738 w=376 h=342 cx=1373.0 cy=909.0 fps=27.8
total took 35.30 ms
PV04 t_ms=2085385 target=1 count=1 x=1189 y=711 w=373 h=369 cx=1375.5 cy=895.5 fps=29.4
total took 34.64 ms
PV04 t_ms=2085421 target=1 count=1 x=1192 y=683 w=349 h=397 cx=1366.5 cy=881.5 fps=27.8
total took 36.84 ms
PV04 t_ms=2085456 target=1 count=1 x=1186 y=687 w=374 h=393 cx=1373.0 cy=883.5 fps=28.6
total took 33.74 ms
PV04 t_ms=2085493 target=1 count=1 x=1179 y=697 w=365 h=383 cx=1361.5 cy=888.5 fps=27.0
total took 36.63 ms
PV04 t_ms=2085528 target=1 count=1 x=1181 y=690 w=363 h=390 cx=1362.5 cy=885.0 fps=28.6
total took 35.22 ms
PV04 t_ms=2085563 target=1 count=1 x=1179 y=687 w=379 h=393 cx=1368.5 cy=883.5 fps=28.6
total took 34.99 ms
PV04 t_ms=2085614 target=1 count=1 x=1193 y=675 w=366 h=405 cx=1376.0 cy=877.5 fps=19.6
total took 52.36 ms
PV04 t_ms=2085640 target=1 count=1 x=1186 y=667 w=389 h=413 cx=1380.5 cy=873.5 fps=38.5
total took 24.12 ms
PV04 t_ms=2085670 target=1 count=1 x=1185 y=673 w=384 h=407 cx=1377.0 cy=876.5 fps=33.3
total took 30.34 ms
PV04 t_ms=2085704 target=1 count=1 x=1184 y=686 w=385 h=394 cx=1376.5 cy=883.0 fps=29.4
total took 34.74 ms
PV04 t_ms=2085741 target=1 count=1 x=1183 y=687 w=390 h=393 cx=1378.0 cy=883.5 fps=27.0
total took 35.91 ms
PV04 t_ms=2085777 target=1 count=1 x=1187 y=691 w=389 h=389 cx=1381.5 cy=885.5 fps=27.8
total took 35.19 ms
PV04 t_ms=2085812 target=1 count=1 x=1182 y=694 w=390 h=386 cx=1377.0 cy=887.0 fps=28.6
total took 34.83 ms
PV04 t_ms=2085845 target=1 count=1 x=1195 y=703 w=395 h=377 cx=1392.5 cy=891.5 fps=30.3
total took 33.77 ms
PV04 t_ms=2085882 target=1 count=1 x=1196 y=706 w=392 h=374 cx=1392.0 cy=893.0 fps=27.0
total took 36.40 ms
PV04 t_ms=2085917 target=1 count=1 x=1198 y=706 w=388 h=374 cx=1392.0 cy=893.0 fps=28.6
total took 35.86 ms
PV04 t_ms=2085953 target=1 count=1 x=1197 y=710 w=384 h=370 cx=1389.0 cy=895.0 fps=27.8
total took 35.41 ms
PV04 t_ms=2085989 target=1 count=1 x=1197 y=703 w=394 h=377 cx=1394.0 cy=891.5 fps=27.8
total took 35.53 ms
PV04 t_ms=2086022 target=1 count=1 x=1197 y=703 w=393 h=377 cx=1393.5 cy=891.5 fps=30.3
total took 34.31 ms
PV04 t_ms=2086058 target=1 count=1 x=1197 y=704 w=395 h=376 cx=1394.5 cy=892.0 fps=27.8
total took 36.30 ms
PV04 t_ms=2086093 target=1 count=1 x=1193 y=706 w=403 h=374 cx=1394.5 cy=893.0 fps=28.6
total took 34.88 ms
PV04 t_ms=2086130 target=1 count=1 x=1195 y=710 w=397 h=370 cx=1393.5 cy=895.0 fps=27.0
total took 35.60 ms
PV04 t_ms=2086166 target=1 count=1 x=1187 y=708 w=394 h=372 cx=1384.0 cy=894.0 fps=27.8
total took 35.20 ms
PV04 t_ms=2086201 target=1 count=1 x=1177 y=704 w=404 h=376 cx=1379.0 cy=892.0 fps=28.6
total took 34.51 ms
PV04 t_ms=2086235 target=1 count=1 x=1176 y=704 w=398 h=376 cx=1375.0 cy=892.0 fps=29.4
total took 35.48 ms
PV04 t_ms=2086270 target=1 count=1 x=1175 y=710 w=399 h=370 cx=1374.5 cy=895.0 fps=28.6
total took 35.29 ms
PV04 t_ms=2086307 target=1 count=1 x=1176 y=708 w=398 h=372 cx=1375.0 cy=894.0 fps=27.0
total took 35.52 ms
PV04 t_ms=2086343 target=1 count=1 x=1172 y=710 w=398 h=370 cx=1371.0 cy=895.0 fps=27.8
total took 35.50 ms
PV04 t_ms=2086378 target=1 count=1 x=1174 y=706 w=398 h=374 cx=1373.0 cy=893.0 fps=28.6
total took 35.53 ms
PV04 t_ms=2086413 target=1 count=1 x=1168 y=712 w=396 h=368 cx=1366.0 cy=896.0 fps=28.6
total took 34.40 ms
PV04 t_ms=2086448 target=1 count=1 x=1167 y=717 w=388 h=363 cx=1361.0 cy=898.5 fps=28.6
total took 34.73 ms
PV04 t_ms=2086483 target=1 count=1 x=1158 y=705 w=406 h=375 cx=1361.0 cy=892.5 fps=28.6
total took 36.42 ms
PV04 t_ms=2086520 target=1 count=1 x=1157 y=703 w=391 h=377 cx=1352.5 cy=891.5 fps=27.0
total took 35.66 ms
PV04 t_ms=2086555 target=1 count=1 x=1155 y=690 w=375 h=390 cx=1342.5 cy=885.0 fps=28.6
total took 35.24 ms
PV04 t_ms=2086590 target=1 count=1 x=1158 y=692 w=368 h=388 cx=1342.0 cy=886.0 fps=28.6
total took 34.49 ms
PV04 t_ms=2086625 target=1 count=1 x=1157 y=696 w=370 h=384 cx=1342.0 cy=888.0 fps=28.6
total took 34.67 ms
PV04 t_ms=2086675 target=1 count=1 x=1147 y=668 w=378 h=412 cx=1336.0 cy=874.0 fps=20.0
total took 53.25 ms
PV04 t_ms=2086703 target=1 count=1 x=1140 y=667 w=377 h=413 cx=1328.5 cy=873.5 fps=35.7
total took 24.57 ms


Traceback (most recent call last):
  File "<stdin>", line 12, in <module>
  File "/sdcard/ybMain/main.py", line 21, in <module>
  File "/sdcard/ybUtils/YbUart.py", line 47, in <module>
Exception: IDE interrupt
MPY: soft reboot
CanMV v1.4.3(based on Micropython e00a144) on 2026-01-20; k230_canmv_yahboom with K230

>>> 
MPY: soft reboot
CanMV v1.4.3(based on Micropython e00a144) on 2026-01-20; k230_canmv_yahboom with K230

find sensor gc2093_csi2, type 8, output 1920x1080@30
vb common pool count 6
sensor(0), mode 0, buffer_num 4, buffer_size 0
PV04 start source=face_detection image=1920x1080 display=800x480 confidence=unverified
PV04 raw_dets=[]
PV04 t_ms=18710 target=0 count=0 fps=0.0
total took 24.55 ms
PV04 raw_dets=[]
PV04 t_ms=18737 target=0 count=0 fps=37.0
total took 22.58 ms
PV04 raw_dets=array([[830.204, 199.4086, 369.2982, 519.2578]], dtype=float32)
PV04 raw_dets_nonempty=array([[830.204, 199.4086, 369.2982, 519.2578]], dtype=float32)
PV04 t_ms=18769 target=1 count=1 x=830 y=199 w=369 h=519 cx=1014.5 cy=458.5 fps=31.3
total took 32.81 ms
PV04 raw_dets=array([[827.7776, 178.7443, 400.4195, 526.6114]], dtype=float32)
PV04 t_ms=18805 target=1 count=1 x=828 y=179 w=400 h=527 cx=1028.0 cy=442.5 fps=27.8
total took 36.20 ms
PV04 raw_dets=array([[810.3005, 117.9853, 428.7177, 545.4543]], dtype=float32)
PV04 t_ms=18839 target=1 count=1 x=810 y=118 w=429 h=545 cx=1024.5 cy=390.5 fps=29.4
total took 34.13 ms
PV04 t_ms=18875 target=0 count=0 fps=27.8
total took 35.89 ms
PV04 t_ms=18910 target=0 count=0 fps=28.6
total took 35.17 ms
PV04 t_ms=18947 target=1 count=1 x=810 y=162 w=363 h=447 cx=991.5 cy=385.5 fps=27.0
total took 36.54 ms
PV04 t_ms=18999 target=1 count=1 x=774 y=135 w=408 h=497 cx=978.0 cy=383.5 fps=19.2
total took 53.14 ms
PV04 t_ms=19024 target=1 count=1 x=760 y=170 w=388 h=466 cx=954.0 cy=403.0 fps=40.0
total took 23.63 ms
PV04 t_ms=19052 target=0 count=0 fps=35.7
total took 27.87 ms
PV04 t_ms=19087 target=1 count=1 x=797 y=110 w=405 h=472 cx=999.5 cy=346.0 fps=28.6
total took 36.33 ms
PV04 t_ms=19122 target=1 count=1 x=789 y=95 w=417 h=495 cx=997.5 cy=342.5 fps=28.6
total took 33.39 ms
PV04 t_ms=19158 target=1 count=1 x=811 y=96 w=414 h=515 cx=1018.0 cy=353.5 fps=27.8
total took 36.00 ms
PV04 t_ms=19193 target=1 count=1 x=765 y=21 w=465 h=527 cx=997.5 cy=284.5 fps=28.6
total took 34.46 ms
PV04 t_ms=19229 target=1 count=1 x=818 y=78 w=449 h=501 cx=1042.5 cy=328.5 fps=27.8
total took 35.47 ms
PV04 t_ms=19264 target=0 count=0 fps=28.6
total took 35.95 ms
PV04 t_ms=19299 target=0 count=0 fps=28.6
total took 33.93 ms
PV04 t_ms=19335 target=0 count=0 fps=27.8
total took 35.52 ms
PV04 t_ms=19371 target=1 count=1 x=789 y=118 w=365 h=494 cx=971.5 cy=365.0 fps=27.8
total took 36.26 ms
PV04 t_ms=19405 target=1 count=1 x=795 y=170 w=364 h=503 cx=977.0 cy=421.5 fps=29.4
total took 34.69 ms
PV04 t_ms=19441 target=1 count=1 x=798 y=142 w=397 h=549 cx=996.5 cy=416.5 fps=27.8
total took 36.45 ms
PV04 t_ms=19476 target=1 count=1 x=821 y=195 w=349 h=497 cx=995.5 cy=443.5 fps=28.6
total took 35.68 ms
PV04 t_ms=19512 target=1 count=1 x=811 y=166 w=363 h=532 cx=992.5 cy=432.0 fps=27.8
total took 33.82 ms
PV04 t_ms=19548 target=1 count=1 x=816 y=206 w=342 h=492 cx=987.0 cy=452.0 fps=27.8
total took 35.78 ms
PV04 t_ms=19582 target=0 count=0 fps=29.4
total took 33.85 ms
PV04 t_ms=19617 target=0 count=0 fps=28.6
total took 35.34 ms
PV04 t_ms=19653 target=1 count=1 x=838 y=299 w=344 h=487 cx=1010.0 cy=542.5 fps=27.8
total took 36.35 ms
PV04 t_ms=19690 target=1 count=1 x=783 y=219 w=389 h=557 cx=977.5 cy=497.5 fps=27.0
total took 36.01 ms
PV04 t_ms=19725 target=1 count=1 x=818 y=281 w=349 h=516 cx=992.5 cy=539.0 fps=28.6
total took 35.28 ms
PV04 t_ms=19761 target=0 count=0 fps=27.8
total took 35.68 ms
PV04 t_ms=19796 target=0 count=0 fps=28.6
total took 35.06 ms
PV04 t_ms=19832 target=0 count=0 fps=27.8
total took 35.33 ms
PV04 t_ms=19866 target=0 count=0 fps=29.4
total took 33.94 ms
PV04 t_ms=19902 target=1 count=1 x=825 y=196 w=359 h=511 cx=1004.5 cy=451.5 fps=27.8
total took 36.81 ms
PV04 t_ms=19936 target=1 count=1 x=832 y=239 w=343 h=456 cx=1003.5 cy=467.0 fps=29.4
total took 33.76 ms
PV04 t_ms=19972 target=1 count=1 x=809 y=156 w=377 h=528 cx=997.5 cy=420.0 fps=27.8
total took 35.59 ms
PV04 t_ms=20009 target=1 count=1 x=803 y=155 w=395 h=529 cx=1000.5 cy=419.5 fps=27.0
total took 36.82 ms
PV04 t_ms=20059 target=1 count=1 x=793 y=111 w=412 h=563 cx=999.0 cy=392.5 fps=20.0
total took 50.91 ms
PV04 t_ms=20084 target=1 count=1 x=812 y=131 w=367 h=469 cx=995.5 cy=365.5 fps=40.0
total took 24.51 ms
PV04 t_ms=20113 target=1 count=1 x=828 y=238 w=378 h=435 cx=1017.0 cy=455.5 fps=34.5
total took 30.31 ms
PV04 t_ms=20149 target=1 count=1 x=837 y=224 w=375 h=432 cx=1024.5 cy=440.0 fps=27.8
total took 33.69 ms
PV04 t_ms=20184 target=1 count=1 x=846 y=232 w=360 h=403 cx=1026.0 cy=433.5 fps=28.6
total took 35.51 ms
PV04 t_ms=20220 target=1 count=1 x=815 y=160 w=414 h=460 cx=1022.0 cy=390.0 fps=27.8
total took 35.20 ms
PV04 t_ms=20255 target=1 count=1 x=808 y=118 w=415 h=487 cx=1015.5 cy=361.5 fps=28.6
total took 36.88 ms
PV04 t_ms=20290 target=1 count=1 x=790 y=63 w=441 h=540 cx=1010.5 cy=333.0 fps=28.6
total took 34.68 ms
PV04 t_ms=20327 target=1 count=1 x=805 y=94 w=415 h=507 cx=1012.5 cy=347.5 fps=27.0
total took 36.41 ms
PV04 t_ms=20364 target=1 count=1 x=834 y=178 w=399 h=459 cx=1033.5 cy=407.5 fps=27.0
total took 35.46 ms
PV04 t_ms=20398 target=1 count=1 x=795 y=64 w=424 h=523 cx=1007.0 cy=325.5 fps=29.4
total took 34.72 ms
PV04 t_ms=20433 target=1 count=1 x=798 y=73 w=428 h=505 cx=1012.0 cy=325.5 fps=28.6
total took 34.95 ms
PV04 t_ms=20467 target=0 count=0 fps=29.4
total took 35.26 ms
PV04 t_ms=20502 target=0 count=0 fps=28.6
total took 34.79 ms
PV04 t_ms=20540 target=0 count=0 fps=26.3
total took 35.77 ms
PV04 t_ms=20591 target=0 count=0 fps=19.6
total took 51.42 ms
PV04 t_ms=20614 target=0 count=0 fps=43.5
total took 23.76 ms
PV04 t_ms=20644 target=0 count=0 fps=33.3
total took 28.56 ms
PV04 t_ms=20682 target=0 count=0 fps=26.3
total took 38.28 ms
PV04 t_ms=20715 target=1 count=1 x=807 y=144 w=446 h=485 cx=1030.0 cy=386.5 fps=30.3
total took 33.25 ms
PV04 t_ms=20751 target=1 count=1 x=796 y=94 w=461 h=500 cx=1026.5 cy=344.0 fps=27.8
total took 35.92 ms
PV04 t_ms=20788 target=1 count=1 x=808 y=96 w=443 h=489 cx=1029.5 cy=340.5 fps=27.0
total took 36.33 ms
PV04 t_ms=20822 target=1 count=1 x=813 y=127 w=439 h=476 cx=1032.5 cy=365.0 fps=29.4
total took 34.73 ms
PV04 t_ms=20857 target=1 count=1 x=817 y=104 w=425 h=471 cx=1029.5 cy=339.5 fps=28.6
total took 34.09 ms
PV04 t_ms=20893 target=1 count=1 x=817 y=117 w=430 h=459 cx=1032.0 cy=346.5 fps=27.8
total took 36.40 ms
PV04 t_ms=20928 target=1 count=1 x=805 y=144 w=453 h=460 cx=1031.5 cy=374.0 fps=28.6
total took 34.31 ms
PV04 t_ms=20963 target=1 count=1 x=822 y=128 w=432 h=450 cx=1038.0 cy=353.0 fps=28.6
total took 35.37 ms
PV04 t_ms=20998 target=1 count=1 x=816 y=140 w=437 h=455 cx=1034.5 cy=367.5 fps=28.6
total took 35.29 ms
PV04 t_ms=21034 target=0 count=0 fps=27.8
total took 34.70 ms
PV04 t_ms=21070 target=0 count=0 fps=27.8
total took 36.06 ms
PV04 t_ms=21122 target=0 count=0 fps=19.2
total took 52.72 ms
PV04 t_ms=21147 target=0 count=0 fps=40.0
total took 23.77 ms
PV04 t_ms=21177 target=0 count=0 fps=33.3
total took 30.42 ms
PV04 t_ms=21212 target=1 count=1 x=808 y=118 w=447 h=472 cx=1031.5 cy=354.0 fps=28.6
total took 35.26 ms
PV04 t_ms=21246 target=1 count=1 x=817 y=125 w=441 h=463 cx=1037.5 cy=356.5 fps=29.4
total took 35.07 ms
PV04 t_ms=21281 target=1 count=1 x=814 y=111 w=437 h=469 cx=1032.5 cy=345.5 fps=28.6
total took 33.82 ms
PV04 t_ms=21318 target=1 count=1 x=809 y=124 w=449 h=467 cx=1033.5 cy=357.5 fps=27.0
total took 37.33 ms
PV04 t_ms=21354 target=0 count=0 fps=27.8
total took 34.72 ms
PV04 t_ms=21389 target=1 count=1 x=823 y=117 w=428 h=445 cx=1037.0 cy=339.5 fps=28.6
total took 35.27 ms
PV04 t_ms=21423 target=1 count=1 x=798 y=94 w=477 h=478 cx=1036.5 cy=333.0 fps=29.4
total took 35.03 ms
PV04 t_ms=21458 target=1 count=1 x=778 y=20 w=465 h=500 cx=1010.5 cy=270.0 fps=28.6
total took 35.89 ms
PV04 t_ms=21494 target=1 count=1 x=782 y=33 w=461 h=483 cx=1012.5 cy=274.5 fps=27.8
total took 35.05 ms
PV04 t_ms=21531 target=1 count=1 x=781 y=0 w=464 h=508 cx=1013.0 cy=254.0 fps=27.0
total took 35.65 ms
PV04 t_ms=21565 target=1 count=1 x=776 y=6 w=481 h=500 cx=1016.5 cy=256.0 fps=29.4
total took 33.40 ms
PV04 t_ms=21600 target=1 count=1 x=780 y=7 w=474 h=504 cx=1017.0 cy=259.0 fps=28.6
total took 35.18 ms
PV04 t_ms=21635 target=1 count=1 x=776 y=23 w=483 h=499 cx=1017.5 cy=272.5 fps=28.6
total took 36.84 ms
PV04 t_ms=21671 target=1 count=1 x=782 y=45 w=492 h=490 cx=1028.0 cy=290.0 fps=27.8
total took 34.72 ms
PV04 t_ms=21707 target=1 count=1 x=811 y=101 w=472 h=463 cx=1047.0 cy=332.5 fps=27.8
total took 35.82 ms
PV04 t_ms=21744 target=1 count=1 x=781 y=41 w=486 h=492 cx=1024.0 cy=287.0 fps=27.0
total took 35.89 ms
PV04 t_ms=21779 target=1 count=1 x=816 y=109 w=463 h=458 cx=1047.5 cy=338.0 fps=28.6
total took 35.02 ms
PV04 t_ms=21813 target=1 count=1 x=835 y=142 w=446 h=434 cx=1058.0 cy=359.0 fps=29.4
total took 34.68 ms
PV04 t_ms=21848 target=1 count=1 x=803 y=49 w=486 h=495 cx=1046.0 cy=296.5 fps=28.6
total took 36.15 ms
PV04 t_ms=21883 target=1 count=1 x=807 y=36 w=464 h=501 cx=1039.0 cy=286.5 fps=28.6
total took 35.20 ms
PV04 t_ms=21920 target=1 count=1 x=793 y=9 w=467 h=504 cx=1026.5 cy=261.0 fps=27.0
total took 35.27 ms
PV04 t_ms=21956 target=1 count=1 x=808 y=20 w=445 h=491 cx=1030.5 cy=265.5 fps=27.8
total took 35.19 ms
PV04 t_ms=21991 target=1 count=1 x=807 y=59 w=459 h=470 cx=1036.5 cy=294.0 fps=28.6
total took 35.24 ms
PV04 t_ms=22025 target=1 count=1 x=820 y=56 w=452 h=434 cx=1046.0 cy=273.0 fps=29.4
total took 33.54 ms
PV04 t_ms=22061 target=1 count=1 x=807 y=56 w=487 h=439 cx=1050.5 cy=275.5 fps=27.8
total took 36.32 ms
PV04 t_ms=22097 target=1 count=1 x=806 y=65 w=492 h=420 cx=1052.0 cy=275.0 fps=27.8
total took 35.38 ms
PV04 t_ms=22133 target=1 count=1 x=806 y=32 w=495 h=443 cx=1053.5 cy=253.5 fps=27.8
total took 36.05 ms
PV04 t_ms=22168 target=1 count=1 x=797 y=27 w=519 h=441 cx=1056.5 cy=247.5 fps=28.6
total took 35.04 ms
PV04 t_ms=22203 target=1 count=1 x=791 y=0 w=507 h=438 cx=1044.5 cy=219.0 fps=28.6
total took 35.07 ms
PV04 t_ms=22237 target=1 count=1 x=802 y=0 w=482 h=416 cx=1043.0 cy=208.0 fps=29.4
total took 35.78 ms
PV04 t_ms=22272 target=1 count=1 x=807 y=0 w=485 h=405 cx=1049.5 cy=202.5 fps=28.6
total took 35.19 ms
PV04 t_ms=22311 target=1 count=1 x=804 y=0 w=502 h=385 cx=1055.0 cy=192.5 fps=25.6
total took 36.22 ms
PV04 t_ms=22345 target=0 count=0 fps=29.4
total took 33.85 ms
PV04 t_ms=22379 target=0 count=0 fps=29.4
total took 34.38 ms
PV04 t_ms=22414 target=0 count=0 fps=28.6
total took 34.34 ms
PV04 t_ms=22449 target=0 count=0 fps=28.6
total took 36.72 ms
PV04 t_ms=22485 target=0 count=0 fps=27.8
total took 35.17 ms
PV04 t_ms=22521 target=0 count=0 fps=27.8
total took 35.42 ms
PV04 t_ms=22557 target=0 count=0 fps=27.8
total took 35.50 ms
PV04 t_ms=22592 target=1 count=1 x=820 y=52 w=482 h=445 cx=1061.0 cy=274.5 fps=28.6
total took 35.32 ms
PV04 t_ms=22626 target=1 count=1 x=827 y=136 w=443 h=478 cx=1048.5 cy=375.0 fps=29.4
total took 34.24 ms
PV04 t_ms=22662 target=0 count=0 fps=27.8
total took 35.17 ms
PV04 t_ms=22699 target=1 count=1 x=828 y=208 w=434 h=494 cx=1045.0 cy=455.0 fps=27.0
total took 37.63 ms
PV04 t_ms=22734 target=1 count=1 x=851 y=209 w=434 h=481 cx=1068.0 cy=449.5 fps=28.6
total took 34.69 ms
PV04 t_ms=22769 target=1 count=1 x=838 y=199 w=451 h=499 cx=1063.5 cy=448.5 fps=28.6
total took 34.81 ms
PV04 t_ms=22804 target=1 count=1 x=841 y=262 w=441 h=462 cx=1061.5 cy=493.0 fps=28.6
total took 34.66 ms
PV04 t_ms=22840 target=1 count=1 x=843 y=203 w=429 h=492 cx=1057.5 cy=449.0 fps=27.8
total took 35.63 ms
PV04 t_ms=22874 target=1 count=1 x=848 y=84 w=396 h=570 cx=1046.0 cy=369.0 fps=29.4
total took 35.68 ms
PV04 t_ms=22911 target=1 count=1 x=867 y=161 w=399 h=512 cx=1066.5 cy=417.0 fps=27.0
total took 35.80 ms
PV04 t_ms=22947 target=1 count=1 x=855 y=114 w=409 h=541 cx=1059.5 cy=384.5 fps=27.8
total took 35.32 ms
PV04 t_ms=22982 target=1 count=1 x=865 y=78 w=394 h=585 cx=1062.0 cy=370.5 fps=28.6
total took 35.07 ms
PV04 t_ms=23016 target=1 count=1 x=878 y=200 w=382 h=503 cx=1069.0 cy=451.5 fps=29.4
total took 33.95 ms
PV04 t_ms=23052 target=1 count=1 x=875 y=186 w=381 h=525 cx=1065.5 cy=448.5 fps=27.8
total took 36.11 ms
PV04 t_ms=23087 target=1 count=1 x=887 y=208 w=373 h=507 cx=1073.5 cy=461.5 fps=28.6
total took 35.16 ms
PV04 t_ms=23123 target=1 count=1 x=869 y=258 w=381 h=519 cx=1059.5 cy=517.5 fps=27.8
total took 35.18 ms
PV04 t_ms=23159 target=0 count=0 fps=27.8
total took 35.62 ms
PV04 t_ms=23193 target=0 count=0 fps=29.4
total took 34.25 ms
PV04 t_ms=23229 target=1 count=1 x=749 y=348 w=392 h=531 cx=945.0 cy=613.5 fps=27.8
total took 35.80 ms
PV04 t_ms=23264 target=0 count=0 fps=28.6
total took 34.26 ms
PV04 t_ms=23300 target=1 count=1 x=733 y=430 w=366 h=505 cx=916.0 cy=682.5 fps=27.8
total took 36.68 ms
PV04 t_ms=23334 target=0 count=0 fps=29.4
total took 33.90 ms
PV04 t_ms=23371 target=0 count=0 fps=27.0
total took 36.52 ms
PV04 t_ms=23405 target=0 count=0 fps=29.4
total took 34.31 ms
PV04 t_ms=23442 target=0 count=0 fps=27.0
total took 36.20 ms
PV04 t_ms=23476 target=0 count=0 fps=29.4
total took 33.72 ms
PV04 t_ms=23511 target=1 count=1 x=818 y=254 w=352 h=481 cx=994.0 cy=494.5 fps=28.6
total took 36.09 ms
PV04 t_ms=23547 target=1 count=1 x=824 y=144 w=395 h=553 cx=1021.5 cy=420.5 fps=27.8
total took 35.27 ms
PV04 t_ms=23583 target=1 count=1 x=901 y=49 w=432 h=576 cx=1117.0 cy=337.0 fps=27.8
total took 36.40 ms
PV04 t_ms=23619 target=1 count=1 x=1082 y=171 w=392 h=459 cx=1278.0 cy=400.5 fps=27.8
total took 35.37 ms
PV04 t_ms=23654 target=1 count=1 x=1156 y=65 w=467 h=512 cx=1389.5 cy=321.0 fps=28.6
total took 35.17 ms
PV04 t_ms=23689 target=1 count=1 x=1209 y=43 w=501 h=491 cx=1459.5 cy=288.5 fps=28.6
total took 34.81 ms
PV04 t_ms=23723 target=1 count=1 x=1302 y=2 w=585 h=443 cx=1594.5 cy=223.5 fps=29.4
total took 34.32 ms
PV04 t_ms=23759 target=1 count=1 x=1373 y=0 w=547 h=446 cx=1646.5 cy=223.0 fps=27.8
total took 35.61 ms
PV04 t_ms=23795 target=0 count=0 fps=27.8
total took 34.85 ms
PV04 t_ms=23831 target=1 count=1 x=1471 y=0 w=449 h=419 cx=1695.5 cy=209.5 fps=27.8
total took 36.87 ms
PV04 t_ms=23866 target=0 count=0 fps=28.6
total took 34.78 ms
PV04 t_ms=23901 target=0 count=0 fps=28.6
total took 35.09 ms
PV04 t_ms=23936 target=1 count=1 x=1386 y=3 w=534 h=495 cx=1653.0 cy=250.5 fps=28.6
total took 34.61 ms
PV04 t_ms=23972 target=1 count=1 x=1314 y=0 w=567 h=533 cx=1597.5 cy=266.5 fps=27.8
total took 35.77 ms
PV04 t_ms=24007 target=1 count=1 x=1130 y=62 w=518 h=535 cx=1389.0 cy=329.5 fps=28.6
total took 35.03 ms
PV04 t_ms=24043 target=1 count=1 x=1030 y=139 w=441 h=491 cx=1250.5 cy=384.5 fps=27.8
total took 35.84 ms
PV04 t_ms=24078 target=1 count=1 x=953 y=200 w=404 h=463 cx=1155.0 cy=431.5 fps=28.6
total took 35.03 ms
PV04 t_ms=24114 target=1 count=1 x=882 y=244 w=411 h=467 cx=1087.5 cy=477.5 fps=27.8
total took 36.07 ms
PV04 t_ms=24149 target=1 count=1 x=845 y=197 w=442 h=532 cx=1066.0 cy=463.0 fps=28.6
total took 34.99 ms
PV04 t_ms=24184 target=1 count=1 x=820 y=252 w=440 h=485 cx=1040.0 cy=494.5 fps=28.6
total took 34.60 ms
PV04 t_ms=24219 target=1 count=1 x=787 y=215 w=408 h=520 cx=991.0 cy=475.0 fps=28.6
total took 36.56 ms
PV04 t_ms=24254 target=1 count=1 x=776 y=185 w=401 h=522 cx=976.5 cy=446.0 fps=28.6
total took 35.34 ms
PV04 t_ms=24292 target=1 count=1 x=734 y=191 w=421 h=527 cx=944.5 cy=454.5 fps=26.3
total took 35.58 ms
PV04 t_ms=24328 target=1 count=1 x=729 y=263 w=385 h=486 cx=921.5 cy=506.0 fps=27.8
total took 35.96 ms
PV04 t_ms=24362 target=1 count=1 x=736 y=304 w=379 h=468 cx=925.5 cy=538.0 fps=29.4
total took 34.20 ms
PV04 t_ms=24396 target=1 count=1 x=696 y=266 w=427 h=526 cx=909.5 cy=529.0 fps=29.4
total took 34.13 ms
PV04 t_ms=24432 target=1 count=1 x=676 y=290 w=443 h=502 cx=897.5 cy=541.0 fps=27.8
total took 37.70 ms
PV04 t_ms=24468 target=1 count=1 x=651 y=324 w=444 h=484 cx=873.0 cy=566.0 fps=27.8
total took 34.46 ms
PV04 t_ms=24504 target=1 count=1 x=611 y=284 w=469 h=526 cx=845.5 cy=547.0 fps=27.8
total took 35.39 ms
PV04 t_ms=24539 target=1 count=1 x=600 y=285 w=426 h=517 cx=813.0 cy=543.5 fps=28.6
total took 34.79 ms
PV04 t_ms=24574 target=1 count=1 x=540 y=355 w=463 h=476 cx=771.5 cy=593.0 fps=28.6
total took 34.70 ms
PV04 t_ms=24609 target=1 count=1 x=509 y=349 w=480 h=495 cx=749.0 cy=596.5 fps=28.6
total took 35.41 ms
PV04 t_ms=24644 target=1 count=1 x=511 y=345 w=466 h=486 cx=744.0 cy=588.0 fps=28.6
total took 35.95 ms
PV04 t_ms=24681 target=1 count=1 x=517 y=301 w=472 h=500 cx=753.0 cy=551.0 fps=27.0
total took 35.62 ms
PV04 t_ms=24717 target=1 count=1 x=537 y=277 w=474 h=518 cx=774.0 cy=536.0 fps=27.8
total took 35.43 ms
PV04 t_ms=24751 target=1 count=1 x=591 y=284 w=433 h=489 cx=807.5 cy=528.5 fps=29.4
total took 34.73 ms
PV04 t_ms=24786 target=1 count=1 x=660 y=293 w=420 h=491 cx=870.0 cy=538.5 fps=28.6
total took 34.29 ms
PV04 t_ms=24837 target=1 count=1 x=772 y=224 w=377 h=497 cx=960.5 cy=472.5 fps=19.6
total took 51.96 ms
PV04 t_ms=24863 target=1 count=1 x=919 y=224 w=392 h=461 cx=1115.0 cy=454.5 fps=38.5
total took 24.47 ms
PV04 t_ms=24891 target=1 count=1 x=1036 y=202 w=438 h=495 cx=1255.0 cy=449.5 fps=35.7
total took 28.40 ms
PV04 t_ms=24927 target=1 count=1 x=1146 y=181 w=447 h=517 cx=1369.5 cy=439.5 fps=27.8
total took 35.58 ms
PV04 t_ms=24962 target=1 count=1 x=1240 y=161 w=469 h=499 cx=1474.5 cy=410.5 fps=28.6
total took 36.94 ms
PV04 t_ms=24998 target=1 count=1 x=1281 y=150 w=475 h=494 cx=1518.5 cy=397.0 fps=27.8
total took 35.89 ms
PV04 t_ms=25033 target=1 count=1 x=1215 y=184 w=532 h=577 cx=1481.0 cy=472.5 fps=28.6
total took 34.91 ms
PV04 t_ms=25070 target=1 count=1 x=1160 y=230 w=509 h=538 cx=1414.5 cy=499.0 fps=27.0
total took 35.64 ms
PV04 t_ms=25104 target=1 count=1 x=1095 y=319 w=486 h=519 cx=1338.0 cy=578.5 fps=29.4
total took 32.94 ms
PV04 t_ms=25139 target=1 count=1 x=989 y=453 w=483 h=544 cx=1230.5 cy=725.0 fps=28.6
total took 35.47 ms
PV04 t_ms=25175 target=1 count=1 x=958 y=506 w=465 h=517 cx=1190.5 cy=764.5 fps=27.8
total took 37.00 ms
PV04 t_ms=25210 target=1 count=1 x=874 y=429 w=508 h=651 cx=1128.0 cy=754.5 fps=28.6
total took 34.88 ms
PV04 t_ms=25247 target=1 count=1 x=882 y=539 w=446 h=519 cx=1105.0 cy=798.5 fps=27.0
total took 35.66 ms
PV04 t_ms=25283 target=0 count=0 fps=27.8
total took 35.12 ms
PV04 t_ms=25316 target=1 count=1 x=728 y=605 w=525 h=475 cx=990.5 cy=842.5 fps=30.3
total took 33.44 ms
PV04 t_ms=25351 target=1 count=1 x=694 y=651 w=537 h=429 cx=962.5 cy=865.5 fps=28.6
total took 36.70 ms
PV04 t_ms=25387 target=1 count=1 x=714 y=613 w=519 h=467 cx=973.5 cy=846.5 fps=27.8
total took 36.24 ms
PV04 t_ms=25422 target=1 count=1 x=768 y=634 w=457 h=446 cx=996.5 cy=857.0 fps=28.6
total took 35.18 ms
PV04 t_ms=25459 target=1 count=1 x=621 y=604 w=549 h=476 cx=895.5 cy=842.0 fps=27.0
total took 35.40 ms
PV04 t_ms=25497 target=1 count=1 x=578 y=648 w=591 h=432 cx=873.5 cy=864.0 fps=26.3
total took 36.85 ms
PV04 t_ms=25530 target=1 count=1 x=620 y=702 w=525 h=378 cx=882.5 cy=891.0 fps=30.3
total took 32.81 ms
PV04 t_ms=25564 target=1 count=1 x=634 y=720 w=521 h=360 cx=894.5 cy=900.0 fps=29.4
total took 35.14 ms
PV04 t_ms=25599 target=1 count=1 x=585 y=662 w=583 h=418 cx=876.5 cy=871.0 fps=28.6
total took 35.81 ms
PV04 t_ms=25635 target=1 count=1 x=548 y=599 w=638 h=481 cx=867.0 cy=839.5 fps=27.8
total took 35.41 ms
PV04 t_ms=25672 target=1 count=1 x=612 y=712 w=505 h=368 cx=864.5 cy=896.0 fps=27.0
total took 35.51 ms
PV04 t_ms=25707 target=1 count=1 x=463 y=610 w=721 h=470 cx=823.5 cy=845.0 fps=28.6
total took 35.34 ms
PV04 t_ms=25742 target=1 count=1 x=408 y=551 w=790 h=529 cx=803.0 cy=815.5 fps=28.6
total took 34.78 ms
PV04 t_ms=25777 target=1 count=1 x=440 y=592 w=753 h=488 cx=816.5 cy=836.0 fps=28.6
total took 34.26 ms
PV04 t_ms=25812 target=1 count=1 x=417 y=553 w=768 h=527 cx=801.0 cy=816.5 fps=28.6
total took 35.71 ms
PV04 t_ms=25849 target=1 count=1 x=438 y=607 w=753 h=473 cx=814.5 cy=843.5 fps=27.0
total took 36.67 ms
PV04 t_ms=25900 target=1 count=1 x=471 y=641 w=697 h=439 cx=819.5 cy=860.5 fps=19.6
total took 51.40 ms
PV04 t_ms=25923 target=1 count=1 x=384 y=577 w=790 h=503 cx=779.0 cy=828.5 fps=43.5
total took 24.59 ms
PV04 t_ms=25953 target=1 count=1 x=372 y=572 w=797 h=508 cx=770.5 cy=826.0 fps=33.3
total took 28.57 ms
PV04 t_ms=25989 target=1 count=1 x=376 y=575 w=829 h=505 cx=790.5 cy=827.5 fps=27.8
total took 36.20 ms
PV04 t_ms=26024 target=1 count=1 x=328 y=555 w=856 h=525 cx=756.0 cy=817.5 fps=28.6
total took 33.20 ms
PV04 t_ms=26060 target=1 count=1 x=197 y=516 w=971 h=564 cx=682.5 cy=798.0 fps=27.8
total took 35.46 ms
PV04 t_ms=26095 target=1 count=1 x=259 y=488 w=905 h=592 cx=711.5 cy=784.0 fps=28.6
total took 35.58 ms
PV04 t_ms=26131 target=1 count=1 x=252 y=472 w=908 h=608 cx=706.0 cy=776.0 fps=27.8
total took 36.74 ms
PV04 t_ms=26166 target=1 count=1 x=216 y=496 w=902 h=584 cx=667.0 cy=788.0 fps=28.6
total took 35.81 ms
PV04 t_ms=26201 target=0 count=0 fps=28.6
total took 32.73 ms
PV04 t_ms=26238 target=1 count=1 x=229 y=478 w=937 h=602 cx=697.5 cy=779.0 fps=27.0
total took 36.78 ms
PV04 t_ms=26273 target=1 count=1 x=256 y=411 w=905 h=669 cx=708.5 cy=745.5 fps=28.6
total took 35.33 ms
PV04 t_ms=26307 target=1 count=1 x=258 y=443 w=878 h=637 cx=697.0 cy=761.5 fps=29.4
total took 34.47 ms
PV04 t_ms=26344 target=1 count=1 x=216 y=456 w=957 h=624 cx=694.5 cy=768.0 fps=27.0
total took 37.83 ms
PV04 t_ms=26378 target=1 count=1 x=247 y=495 w=910 h=585 cx=702.0 cy=787.5 fps=29.4
total took 34.31 ms
PV04 t_ms=26413 target=1 count=1 x=291 y=435 w=840 h=645 cx=711.0 cy=757.5 fps=28.6
total took 33.15 ms
PV04 t_ms=26449 target=1 count=1 x=247 y=494 w=871 h=586 cx=682.5 cy=787.0 fps=27.8
total took 35.59 ms
PV04 t_ms=26484 target=1 count=1 x=252 y=458 w=914 h=622 cx=709.0 cy=769.0 fps=28.6
total took 35.08 ms
PV04 t_ms=26520 target=1 count=1 x=285 y=581 w=913 h=499 cx=741.5 cy=830.5 fps=27.8
total took 35.23 ms
PV04 t_ms=26555 target=1 count=1 x=350 y=601 w=780 h=479 cx=740.0 cy=840.5 fps=28.6
total took 37.46 ms
PV04 t_ms=26591 target=1 count=1 x=368 y=591 w=734 h=489 cx=735.0 cy=835.5 fps=27.8
total took 33.38 ms
PV04 t_ms=26627 target=1 count=1 x=587 y=656 w=487 h=424 cx=830.5 cy=868.0 fps=27.8
total took 36.15 ms
PV04 t_ms=26662 target=1 count=1 x=565 y=605 w=539 h=475 cx=834.5 cy=842.5 fps=28.6
total took 35.21 ms
PV04 t_ms=26697 target=1 count=1 x=601 y=647 w=487 h=433 cx=844.5 cy=863.5 fps=28.6
total took 34.33 ms
PV04 t_ms=26732 target=1 count=1 x=454 y=571 w=665 h=509 cx=786.5 cy=825.5 fps=28.6
total took 36.57 ms
PV04 t_ms=26768 target=1 count=1 x=447 y=661 w=636 h=419 cx=765.0 cy=870.5 fps=27.8
total took 36.33 ms
PV04 t_ms=26804 target=1 count=1 x=376 y=655 w=680 h=425 cx=716.0 cy=867.5 fps=27.8
total took 34.01 ms
PV04 t_ms=26838 target=0 count=0 fps=29.4
total took 33.79 ms
PV04 t_ms=26874 target=0 count=0 fps=27.8
total took 35.38 ms
PV04 t_ms=26910 target=1 count=1 x=323 y=603 w=659 h=477 cx=652.5 cy=841.5 fps=27.8
total took 38.28 ms
PV04 t_ms=26960 target=0 count=0 fps=20.0
total took 49.22 ms
PV04 t_ms=26984 target=0 count=0 fps=41.7
total took 21.73 ms
PV04 t_ms=27015 target=0 count=0 fps=32.3
total took 31.43 ms
PV04 t_ms=27051 target=0 count=0 fps=27.8
total took 35.48 ms
PV04 t_ms=27086 target=0 count=0 fps=28.6
total took 35.29 ms
PV04 t_ms=27122 target=0 count=0 fps=27.8
total took 35.45 ms
PV04 t_ms=27157 target=0 count=0 fps=28.6
total took 33.90 ms
PV04 t_ms=27193 target=0 count=0 fps=27.8
total took 36.47 ms
PV04 t_ms=27228 target=0 count=0 fps=28.6
total took 34.18 ms
PV04 t_ms=27263 target=0 count=0 fps=28.6
total took 35.41 ms
PV04 t_ms=27299 target=0 count=0 fps=27.8
total took 36.15 ms
PV04 t_ms=27334 target=0 count=0 fps=28.6
total took 34.20 ms
PV04 t_ms=27370 target=0 count=0 fps=27.8
total took 36.28 ms
PV04 t_ms=27404 target=0 count=0 fps=29.4
total took 34.26 ms
PV04 t_ms=27441 target=0 count=0 fps=27.0
total took 36.07 ms
PV04 t_ms=27475 target=0 count=0 fps=29.4
total took 34.39 ms
PV04 t_ms=27512 target=0 count=0 fps=27.0
total took 36.70 ms
PV04 t_ms=27546 target=0 count=0 fps=29.4
total took 34.06 ms
PV04 t_ms=27583 target=0 count=0 fps=27.0
total took 36.38 ms
PV04 t_ms=27618 target=0 count=0 fps=28.6
total took 35.37 ms
PV04 t_ms=27654 target=1 count=1 x=584 y=717 w=492 h=363 cx=830.0 cy=898.5 fps=27.8
total took 36.18 ms
PV04 t_ms=27689 target=0 count=0 fps=28.6
total took 34.58 ms
PV04 t_ms=27724 target=0 count=0 fps=28.6
total took 34.67 ms
PV04 t_ms=27760 target=1 count=1 x=703 y=467 w=417 h=454 cx=911.5 cy=694.0 fps=27.8
total took 37.05 ms
PV04 t_ms=27793 target=1 count=1 x=672 y=390 w=444 h=495 cx=894.0 cy=637.5 fps=30.3
total took 34.30 ms
PV04 t_ms=27831 target=1 count=1 x=695 y=374 w=424 h=453 cx=907.0 cy=600.5 fps=26.3
total took 36.14 ms
PV04 t_ms=27867 target=1 count=1 x=732 y=334 w=415 h=431 cx=939.5 cy=549.5 fps=27.8
total took 35.27 ms
PV04 t_ms=27902 target=1 count=1 x=729 y=252 w=469 h=527 cx=963.5 cy=515.5 fps=28.6
total took 35.11 ms
PV04 t_ms=27936 target=1 count=1 x=719 y=249 w=473 h=491 cx=955.5 cy=494.5 fps=29.4
total took 33.81 ms
PV04 t_ms=27972 target=1 count=1 x=768 y=226 w=407 h=449 cx=971.5 cy=450.5 fps=27.8
total took 36.28 ms
PV04 t_ms=28021 target=1 count=1 x=770 y=148 w=433 h=462 cx=986.5 cy=379.0 fps=20.4
total took 53.51 ms
PV04 t_ms=28048 target=1 count=1 x=745 y=112 w=489 h=518 cx=989.5 cy=371.0 fps=37.0
total took 23.77 ms
PV04 t_ms=28077 target=1 count=1 x=744 y=84 w=475 h=488 cx=981.5 cy=328.0 fps=34.5
total took 27.04 ms
PV04 t_ms=28112 target=1 count=1 x=776 y=28 w=461 h=370 cx=1006.5 cy=213.0 fps=28.6
total took 36.54 ms
PV04 t_ms=28148 target=0 count=0 fps=27.8
total took 35.78 ms
PV04 t_ms=28183 target=0 count=0 fps=28.6
total took 33.23 ms
PV04 t_ms=28218 target=0 count=0 fps=28.6
total took 35.14 ms
PV04 t_ms=28254 target=0 count=0 fps=27.8
total took 35.64 ms
PV04 t_ms=28289 target=0 count=0 fps=28.6
total took 35.17 ms
PV04 t_ms=28324 target=0 count=0 fps=28.6
total took 36.29 ms
PV04 t_ms=28360 target=0 count=0 fps=27.8
total took 37.51 ms
PV04 t_ms=28396 target=0 count=0 fps=27.8
total took 32.06 ms
PV04 t_ms=28432 target=0 count=0 fps=27.8
total took 36.16 ms
PV04 t_ms=28466 target=0 count=0 fps=29.4
total took 34.28 ms
PV04 t_ms=28502 target=0 count=0 fps=27.8
total took 35.38 ms
PV04 t_ms=28552 target=0 count=0 fps=20.0
total took 52.48 ms
PV04 t_ms=28578 target=0 count=0 fps=38.5
total took 22.00 ms
PV04 t_ms=28608 target=0 count=0 fps=33.3
total took 30.34 ms
PV04 t_ms=28643 target=0 count=0 fps=28.6
total took 35.38 ms
PV04 t_ms=28679 target=0 count=0 fps=27.8
total took 35.31 ms
PV04 t_ms=28714 target=0 count=0 fps=28.6
total took 36.65 ms
PV04 t_ms=28751 target=1 count=1 x=822 y=130 w=470 h=482 cx=1057.0 cy=371.0 fps=27.0
total took 37.12 ms
PV04 t_ms=28787 target=1 count=1 x=814 y=206 w=436 h=469 cx=1032.0 cy=440.5 fps=27.8
total took 35.17 ms
PV04 t_ms=28820 target=1 count=1 x=730 y=291 w=452 h=514 cx=956.0 cy=548.0 fps=30.3
total took 32.58 ms
PV04 t_ms=28856 target=1 count=1 x=651 y=329 w=471 h=511 cx=886.5 cy=584.5 fps=27.8
total took 35.17 ms
PV04 t_ms=28891 target=1 count=1 x=639 y=345 w=458 h=542 cx=868.0 cy=616.0 fps=28.6
total took 36.60 ms
PV04 t_ms=28927 target=1 count=1 x=637 y=415 w=456 h=518 cx=865.0 cy=674.0 fps=27.8
total took 36.12 ms
PV04 t_ms=28962 target=1 count=1 x=608 y=435 w=476 h=518 cx=846.0 cy=694.0 fps=28.6
total took 35.29 ms
PV04 t_ms=29000 target=1 count=1 x=575 y=461 w=461 h=497 cx=805.5 cy=709.5 fps=26.3
total took 36.11 ms
PV04 t_ms=29035 target=1 count=1 x=452 y=451 w=587 h=613 cx=745.5 cy=757.5 fps=28.6
total took 34.46 ms
PV04 t_ms=29087 target=0 count=0 fps=19.2
total took 52.60 ms
PV04 t_ms=29111 target=1 count=1 x=435 y=621 w=473 h=459 cx=671.5 cy=850.5 fps=41.7
total took 23.96 ms
PV04 t_ms=29138 target=1 count=1 x=427 y=580 w=493 h=500 cx=673.5 cy=830.0 fps=37.0
total took 26.78 ms
PV04 t_ms=29176 target=0 count=0 fps=26.3
total took 37.34 ms
PV04 t_ms=29210 target=0 count=0 fps=29.4
total took 33.30 ms
PV04 t_ms=29245 target=0 count=0 fps=28.6
total took 35.33 ms
PV04 t_ms=29281 target=0 count=0 fps=27.8
total took 35.40 ms
PV04 t_ms=29316 target=0 count=0 fps=28.6
total took 36.80 ms
PV04 t_ms=29351 target=0 count=0 fps=28.6
total took 33.56 ms
PV04 t_ms=29388 target=0 count=0 fps=27.0
total took 36.18 ms
PV04 t_ms=29422 target=0 count=0 fps=29.4
total took 34.51 ms
PV04 t_ms=29457 target=0 count=0 fps=28.6
total took 34.93 ms
PV04 t_ms=29493 target=0 count=0 fps=27.8
total took 35.36 ms
PV04 t_ms=29529 target=0 count=0 fps=27.8
total took 36.28 ms
PV04 t_ms=29564 target=0 count=0 fps=28.6
total took 34.59 ms
PV04 t_ms=29619 target=0 count=0 fps=18.2
total took 55.97 ms
PV04 t_ms=29643 target=0 count=0 fps=41.7
total took 22.87 ms
PV04 t_ms=29671 target=0 count=0 fps=35.7
total took 27.84 ms
PV04 t_ms=29705 target=0 count=0 fps=29.4
total took 34.22 ms
PV04 t_ms=29740 target=0 count=0 fps=28.6
total took 36.49 ms
PV04 t_ms=29777 target=0 count=0 fps=27.0
total took 35.35 ms
PV04 t_ms=29813 target=0 count=0 fps=27.8
total took 35.76 ms
PV04 t_ms=29848 target=0 count=0 fps=28.6
total took 35.09 ms
PV04 t_ms=29883 target=0 count=0 fps=28.6
total took 34.86 ms
PV04 t_ms=29918 target=0 count=0 fps=28.6
total took 35.28 ms
PV04 t_ms=29954 target=0 count=0 fps=27.8
total took 35.33 ms
PV04 t_ms=29988 target=0 count=0 fps=29.4
total took 34.13 ms
PV04 t_ms=30025 target=0 count=0 fps=27.0
total took 36.75 ms
PV04 t_ms=30061 target=1 count=1 x=1277 y=0 w=583 h=434 cx=1568.5 cy=217.0 fps=27.8
total took 36.23 ms
PV04 t_ms=30095 target=1 count=1 x=1165 y=35 w=572 h=468 cx=1451.0 cy=269.0 fps=29.4
total took 33.60 ms
PV04 t_ms=30146 target=1 count=1 x=1040 y=118 w=508 h=538 cx=1294.0 cy=387.0 fps=19.6
total took 53.20 ms
PV04 t_ms=30172 target=1 count=1 x=916 y=195 w=510 h=533 cx=1171.0 cy=461.5 fps=38.5
total took 24.19 ms
PV04 t_ms=30203 target=1 count=1 x=847 y=317 w=464 h=498 cx=1079.0 cy=566.0 fps=32.3
total took 31.11 ms
PV04 t_ms=30238 target=1 count=1 x=810 y=324 w=461 h=537 cx=1040.5 cy=592.5 fps=28.6
total took 34.55 ms
PV04 t_ms=30272 target=1 count=1 x=780 y=327 w=470 h=541 cx=1015.0 cy=597.5 fps=29.4
total took 34.59 ms
PV04 t_ms=30307 target=1 count=1 x=718 y=338 w=465 h=502 cx=950.5 cy=589.0 fps=28.6
total took 35.89 ms
PV04 t_ms=30342 target=1 count=1 x=678 y=368 w=483 h=493 cx=919.5 cy=614.5 fps=28.6
total took 35.14 ms
PV04 t_ms=30380 target=1 count=1 x=685 y=354 w=465 h=461 cx=917.5 cy=584.5 fps=26.3
total took 35.83 ms
PV04 t_ms=30413 target=1 count=1 x=658 y=330 w=473 h=490 cx=894.5 cy=575.0 fps=30.3
total took 33.18 ms
PV04 t_ms=30448 target=1 count=1 x=680 y=340 w=446 h=454 cx=903.0 cy=567.0 fps=28.6
total took 35.09 ms
PV04 t_ms=30484 target=1 count=1 x=670 y=310 w=458 h=489 cx=899.0 cy=554.5 fps=27.8
total took 36.91 ms
PV04 t_ms=30519 target=1 count=1 x=669 y=272 w=456 h=486 cx=897.0 cy=515.0 fps=28.6
total took 33.72 ms
PV04 t_ms=30555 target=1 count=1 x=679 y=253 w=451 h=483 cx=904.5 cy=494.5 fps=27.8
total took 35.52 ms
PV04 t_ms=30590 target=1 count=1 x=669 y=262 w=464 h=467 cx=901.0 cy=495.5 fps=28.6
total took 35.10 ms
PV04 t_ms=30626 target=1 count=1 x=662 y=270 w=471 h=464 cx=897.5 cy=502.0 fps=27.8
total took 35.32 ms
PV04 t_ms=30661 target=1 count=1 x=652 y=263 w=470 h=475 cx=887.0 cy=500.5 fps=28.6
total took 36.85 ms
PV04 t_ms=30696 target=1 count=1 x=656 y=251 w=469 h=480 cx=890.5 cy=491.0 fps=28.6
total took 35.67 ms
PV04 t_ms=30732 target=1 count=1 x=673 y=249 w=454 h=475 cx=900.0 cy=486.5 fps=27.8
total took 34.14 ms
PV04 t_ms=30769 target=1 count=1 x=688 y=245 w=444 h=467 cx=910.0 cy=478.5 fps=27.0
total took 36.89 ms
PV04 t_ms=30802 target=1 count=1 x=685 y=244 w=439 h=453 cx=904.5 cy=470.5 fps=30.3
total took 32.50 ms
PV04 t_ms=30838 target=1 count=1 x=702 y=250 w=423 h=431 cx=913.5 cy=465.5 fps=27.8
total took 35.22 ms
PV04 t_ms=30873 target=1 count=1 x=684 y=241 w=446 h=457 cx=907.0 cy=469.5 fps=28.6
total took 36.77 ms
PV04 t_ms=30908 target=1 count=1 x=686 y=239 w=436 h=454 cx=904.0 cy=466.0 fps=28.6
total took 36.05 ms
PV04 t_ms=30944 target=1 count=1 x=676 y=254 w=457 h=467 cx=904.5 cy=487.5 fps=27.8
total took 34.91 ms
PV04 t_ms=30981 target=1 count=1 x=688 y=236 w=434 h=446 cx=905.0 cy=459.0 fps=27.0
total took 35.66 ms
PV04 t_ms=31017 target=1 count=1 x=678 y=215 w=449 h=465 cx=902.5 cy=447.5 fps=27.8
total took 35.49 ms
PV04 t_ms=31050 target=1 count=1 x=672 y=205 w=458 h=478 cx=901.0 cy=444.0 fps=30.3
total took 32.92 ms
PV04 t_ms=31085 target=1 count=1 x=664 y=206 w=465 h=486 cx=896.5 cy=449.0 fps=28.6
total took 36.99 ms
PV04 t_ms=31121 target=1 count=1 x=677 y=168 w=456 h=501 cx=905.0 cy=418.5 fps=27.8
total took 34.81 ms
PV04 t_ms=31159 target=1 count=1 x=678 y=182 w=461 h=488 cx=908.5 cy=426.0 fps=26.3
total took 37.64 ms
PV04 t_ms=31209 target=1 count=1 x=663 y=141 w=504 h=521 cx=915.0 cy=401.5 fps=20.0
total took 49.76 ms
PV04 t_ms=31232 target=1 count=1 x=693 y=157 w=503 h=492 cx=944.5 cy=403.0 fps=43.5
total took 24.79 ms
PV04 t_ms=31263 target=1 count=1 x=709 y=159 w=478 h=480 cx=948.0 cy=399.0 fps=32.3
total took 29.78 ms
PV04 t_ms=31298 target=1 count=1 x=727 y=154 w=459 h=464 cx=956.5 cy=386.0 fps=28.6
total took 35.60 ms
PV04 t_ms=31333 target=1 count=1 x=721 y=152 w=469 h=472 cx=955.5 cy=388.0 fps=28.6
total took 32.90 ms
PV04 t_ms=31369 target=1 count=1 x=724 y=140 w=466 h=468 cx=957.0 cy=374.0 fps=27.8
total took 35.37 ms
PV04 t_ms=31404 target=1 count=1 x=765 y=155 w=444 h=461 cx=987.0 cy=385.5 fps=28.6
total took 35.75 ms
PV04 t_ms=31440 target=1 count=1 x=776 y=137 w=454 h=476 cx=1003.0 cy=375.0 fps=27.8
total took 35.07 ms
PV04 t_ms=31475 target=1 count=1 x=769 y=124 w=478 h=482 cx=1008.0 cy=365.0 fps=28.6
total took 36.72 ms
PV04 t_ms=31510 target=1 count=1 x=777 y=141 w=485 h=467 cx=1019.5 cy=374.5 fps=28.6
total took 34.88 ms
PV04 t_ms=31547 target=1 count=1 x=790 y=117 w=500 h=487 cx=1040.0 cy=360.5 fps=27.0
total took 35.61 ms
PV04 t_ms=31581 target=1 count=1 x=813 y=95 w=492 h=486 cx=1059.0 cy=338.0 fps=29.4
total took 33.57 ms
PV04 t_ms=31616 target=1 count=1 x=821 y=107 w=486 h=480 cx=1064.0 cy=347.0 fps=28.6
total took 35.25 ms
PV04 t_ms=31652 target=1 count=1 x=824 y=82 w=489 h=490 cx=1068.5 cy=327.0 fps=27.8
total took 37.08 ms
PV04 t_ms=31687 target=1 count=1 x=873 y=71 w=434 h=476 cx=1090.0 cy=309.0 fps=28.6
total took 35.82 ms
PV04 t_ms=31723 target=1 count=1 x=856 y=82 w=460 h=484 cx=1086.0 cy=324.0 fps=27.8
total took 35.07 ms
PV04 t_ms=31758 target=1 count=1 x=866 y=75 w=452 h=485 cx=1092.0 cy=317.5 fps=28.6
total took 33.10 ms
PV04 t_ms=31794 target=1 count=1 x=861 y=67 w=463 h=492 cx=1092.5 cy=313.0 fps=27.8
total took 35.54 ms
PV04 t_ms=31829 target=1 count=1 x=858 y=75 w=470 h=484 cx=1093.0 cy=317.0 fps=28.6
total took 35.52 ms
PV04 t_ms=31864 target=1 count=1 x=866 y=70 w=450 h=497 cx=1091.0 cy=318.5 fps=28.6
total took 36.62 ms
PV04 t_ms=31900 target=1 count=1 x=870 y=78 w=444 h=479 cx=1092.0 cy=317.5 fps=27.8
total took 35.18 ms
PV04 t_ms=31936 target=1 count=1 x=865 y=77 w=459 h=474 cx=1094.5 cy=314.0 fps=27.8
total took 34.46 ms
PV04 t_ms=31970 target=1 count=1 x=861 y=76 w=461 h=471 cx=1091.5 cy=311.5 fps=29.4
total took 34.43 ms
PV04 t_ms=32006 target=1 count=1 x=859 y=74 w=470 h=466 cx=1094.0 cy=307.0 fps=27.8
total took 35.34 ms
PV04 t_ms=32041 target=1 count=1 x=846 y=75 w=494 h=471 cx=1093.0 cy=310.5 fps=28.6
total took 36.77 ms